<parserConfig>
	<GameGrammar type="multiline">
		<SkippableContent closeStmnt="true" skipTo="Front Cover" ></SkippableContent>
		<SkippableContent closeStmnt="true">Front Cover</SkippableContent>
		<SkippableContent closeStmnt="true" skipTo="&lt;a href=&quot;" ></SkippableContent>
		<SkippableContent closeStmnt="true">&lt;a href=&quot;</SkippableContent>
		<url closeStmnt="true" skipTo="&quot;" appendResultTo="http://www.mobygames.com"></url>
		<SkippableContent closeStmnt="true" skipTo="Back Cover" ></SkippableContent>
		<SkippableContent closeStmnt="true">Back Cover</SkippableContent>
	</GameGrammar>
</parserConfig>