<!--Titan-->
<colors>

	<!-- All others -->
	<color name="black">FF1b1b1b</color>	
	<color name="red">FFFF0000</color>
	<color name="blue">FF0000FF</color>
	<color name="green">FF00FF00</color>
	<color name="FanartDiffuse">66FFFFFF</color>
	<color name="WidgetPosterDiffuse">aaFFFFFF</color>
	<color name="Separator">BBFFFFFF</color>	<!--List Separator-->
	
	<!--Global-->
	<!--Titan 00b8ff-->
	<!--Avalon 6aa5cb-->
	<color name="mainblue">FF00b8ff</color>			<!--Main Blue-->	
	<color name="ccmainblue">cc00b8ff</color>		<!--Main Blue-->		
	<color name="orange">FFff7800</color>			<!--Orange-->		
	
	<!-- List 50 -->
	<color name="list_label_1_fo">cc00b8ff</color>		<!--CC Main Blue-->
	<color name="list_label_1_nf">FF686868</color>		<!--Mid Grey-->
	<color name="list_label_1_select">cc00b8ff</color>	<!--CC Main Blue-->
	<color name="list_label_2_first">7700b8ff</color>	<!--77 Main Blue-->
	<color name="list_label_2_second">FF858585</color>	<!--Light Grey-->	
	<color name="list_label_info">FF686868</color>		<!--Mid Grey-->
	
	<!--Grey-->
	<color name="grey">FFC0C2C2</color>
	<color name="lightgrey">FF858585</color>      
	<color name="midgrey">FF686868</color>      
	<color name="bluegrey">ffC6C6C8</color>
	<color name="darkgrey">FF3e3e3e</color>
	<color name="darkgrey2">FF666769</color>		
	
	<!--White-->
	<color name="white">FFfffeff</color>
	<color name="77white">77FFFFFF</color>	
	<color name="aawhite">AAFFFFFF</color>  
	<color name="bbwhite">BBFFFFFF</color>  
	<color name="ddwhite">DDFFFFFF</color>  
	<color name="eewhite">EEFFFFFF</color>
	
</colors>