<?xml version="1.0" encoding="UTF-8"?>
<includes>
  <!--

	  CUSTOM WINDOWS LIST
		_1114 Quit * define Quit menu
		_1115 CustomMoviesHomeButton.xml * define movies entry point
		_1116 MenuCustomizer
		_1117 ShelfCustomizer
		_1118 Custom_FullscreenMusic * start fullscreen audio playback
		_1119 CustomAddons * browse addons united under the same roof
		_1115 CustomTVHomeButton.xml * define tv entry point
		_50 Custom_Debug dialog * my favourite one

   -->
  <include file="Includes_Variables.xml" />
  <include file="defaults.xml" />
  <include file="Includes_Plexbmc.xml" />
  <include file="Includes_Horizontal_Home.xml" />
  <include file="Includes_Vertical_Home.xml" />
  <include file="Includes_Shelf_Contents.xml" />
  <include file="View_50.xml" />
  <include file="View_51_Panel.xml" />
  <include file="View_52_BigList.xml" />
  <include file="View_53_Grid.xml" />
  <include file="View_54_LowList.xml" />
  <include file="View_55_BigPanel.xml" />
  <include file="View_56_BannerList.xml" />
  <include file="View_57_58_59_Showcase.xml" />
  <include file="View_PVR.xml" />
  <include name="ContentFade">
    <animation effect="fade" start="0" end="100" time="500" delay="0">WindowOpen</animation>
    <animation effect="fade" start="100" end="0" time="200" delay="0">WindowClose</animation>
    <animation effect="fade" start="0" end="100" time="500" delay="0">Visible</animation>
    <animation effect="fade" start="100" end="0" time="200" delay="0">Hidden</animation>
  </include>
  <include name="VignetteFade">
    <animation effect="fade" start="0" end="100" time="500" delay="0" condition="Window.Previous(home)">Conditional</animation>
    <animation effect="fade" start="100" end="0" time="200" delay="0" condition="Window.Next(home)">Conditional</animation>
  </include>
  <include name="VisibleFadeEffect">
    <animation effect="fade" time="200">Visible</animation>
    <animation effect="fade" time="200">Hidden</animation>
  </include>
  <include name="VisibleFadeEffectDelay">
    <animation effect="fade" time="300" delay="100">Visible</animation>
    <animation effect="fade" time="0">Hidden</animation>
  </include>
  <include name="VisibleFadeEffectDelayShelf">
    <animation effect="fade" time="100">Visible</animation>
    <animation effect="fade" time="50">Hidden</animation>
  </include>
  <include name="OSDFade">
    <animation effect="fade" start="0" end="100" time="100">WindowOpen</animation>
    <animation effect="fade" start="100" end="0" time="50">WindowClose</animation>
  </include>
  <include name="OpenClose">
    <animation effect="fade" time="250">WindowOpen</animation>
    <animation effect="fade" time="250">WindowClose</animation>
  </include>
  <include name="DialogOpenClose">
    <animation type="WindowOpen">
      <effect type="fade" start="0" end="100" time="240" />
      <effect type="zoom" tween="cubic" easing="out" start="30" end="100" center="960,540" time="240" />
    </animation>
    <animation type="WindowClose">
      <effect type="fade" start="100" end="0" time="140" />
      <effect type="zoom" tween="cubic" easing="in" start="100" end="30" center="960,540" time="140" />
    </animation>
  </include>
  <include name="WeatherAni0">
    <animation type="WindowOpen">
      <effect type="fade" start="80" end="100" time="200" />
    </animation>
    <animation type="WindowClose">
      <effect type="fade" start="100" end="0" time="100" />
    </animation>
  </include>
  <include name="WeatherAni1">
    <animation type="WindowOpen">
      <effect type="fade" start="80" end="100" time="200" delay="150" />
    </animation>
    <animation type="WindowClose">
      <effect type="fade" start="100" end="0" time="100" delay="150" />
    </animation>
  </include>
  <include name="WeatherAni2">
    <animation type="WindowOpen">
      <effect type="fade" start="80" end="100" time="200" delay="300" />
    </animation>
    <animation type="WindowClose">
      <effect type="fade" start="100" end="0" time="100" delay="300" />
    </animation>
  </include>
  <include name="WeatherAni3">
    <animation type="WindowOpen">
      <effect type="fade" start="80" end="100" time="200" delay="450" />
    </animation>
    <animation type="WindowClose">
      <effect type="fade" start="100" end="0" time="100" delay="450" />
    </animation>
  </include>
  <include name="Icon_Fade">
    <fadetime>200</fadetime>
    <animation effect="fade" time="200">Visible</animation>
    <animation effect="fade" time="100">Hidden</animation>
  </include>
  <include name="Shelf_Delay">
    <visible>System.IdleTime(1)</visible>
    <animation effect="fade" start="0" end="100" time="200" delay="400" condition="System.IdleTime(1)">Conditional</animation>
    <animation effect="fade" start="100" end="0" time="0" condition="!System.IdleTime(1)">Conditional</animation>
  </include>
  <include name="HiddenButton">
    <posx>-30</posx>
    <posy>-30</posy>
    <width>1</width>
    <height>1</height>
    <label>-</label>
    <texturenofocus>-</texturenofocus>
    <texturefocus>-</texturefocus>
  </include>
  <include name="DimBG">
    <control type="image">
      <posx>0</posx>
      <posy>0</posy>
      <width>1920</width>
      <height>1080</height>
      <texture>img/BlackDotT.png</texture>
    </control>
  </include>
  <include name="Dimensions_Fullscreen">
    <posx>0</posx>
    <posy>0</posy>
    <width>1920</width>
    <height>1080</height>
  </include>
  <include name="Panel_Size">
    <posx>36</posx>
    <posy>54</posy>
    <width>1849</width>
    <height>1010</height>
  </include>
  <include name="Time">
    <control type="group">
      <posy>0</posy>
      <!--<visible>![[Control.IsVisible(58) + Skin.HasSetting(Music_Info)] | [Control.IsVisible(57) + Skin.HasSetting(Episodes_Info)] | [Control.IsVisible(59) + Skin.HasSetting(Posters_Info)]]</visible>-->
      <control type="image">
        <visible>![Window.IsActive(home) | Window.IsActive(weather)]</visible>
        <include>VisibleFadeEffect</include>
        <posx>0</posx>
        <posy>-30</posy>
        <width>1920</width>
        <height>100</height>
        <texture flipy="true" border="0,0,0,30">OSD/OSDBackground.png</texture>
        <!--<colordiffuse>FF9e9e9e</colordiffuse>-->
      </control>
      <control type="image">
        <visible>!Player.HasAudio + [Window.IsActive(home) | Window.IsActive(weather)]</visible>
        <include>VisibleFadeEffect</include>
        <posx>630r</posx>
        <posy>0</posy>
        <width>630</width>
        <height>90</height>
        <texture border="100,0,0,0" flipy="true">common/TimePanel.png</texture>
      </control>
      <control type="image">
        <visible>Player.HasAudio + [Window.IsActive(home) | Window.IsActive(weather)]</visible>
        <include>VisibleFadeEffect</include>
        <posx>-100</posx>
        <posy>0</posy>
        <width>2020</width>
        <height>90</height>
        <texture border="100,0,0,0" flipy="true">common/TimePanel.png</texture>
      </control>
      <control type="label">
        <visible>!Player.HasAudio | [Player.HasAudio + !IsEmpty(Window(videolibrary).Property(PlayingBackgroundMedia))]</visible>
        <include>VisibleFadeEffect</include>
        <posx>30</posx>
        <posy>0</posy>
        <width>1200</width>
        <height>35</height>
        <font>Details</font>
        <label>$VAR[GlobalHeadings]</label>
      </control>
      <control type="group">
        <visible>Player.HasAudio + IsEmpty(Window(videolibrary).Property(PlayingBackgroundMedia))</visible>
        <include>VisibleFadeEffect</include>
        <control type="image" description="Speaker">
          <visible>Player.HasAudio</visible>
          <posx>12</posx>
          <posy>6</posy>
          <width>30</width>
          <height>27</height>
          <aspectratio>keep</aspectratio>
          <texture>img/NowPlayingFO.png</texture>
          <colordiffuse>Highlight</colordiffuse>
        </control>
        <control type="label">
          <visible>Player.HasAudio</visible>
          <include>VisibleFadeEffect</include>
          <posx>60</posx>
          <posy>0</posy>
          <width>1200</width>
          <height>35</height>
          <font>Details</font>
          <label>$INFO[MusicPlayer.Artist,,[COLOR=Highlight]  •  [/COLOR]]$INFO[MusicPlayer.Title,,[COLOR=Highlight]  •  [/COLOR]][COLOR=Grey3]$INFO[MusicPlayer.TimeSpeed]$INFO[MusicPlayer.Duration, - ][/COLOR]</label>
        </control>
      </control>
      <control type="label">
        <posx>20r</posx>
        <posy>0</posy>
        <width>490</width>
        <height>35</height>
        <align>right</align>
        <font>Details</font>
        <textcolor>White</textcolor>
        <shadowcolor>ShadowDark</shadowcolor>
        <label>$VAR[Time]</label>
      </control>
    </control>
  </include>
  <include name="SeekbarLabels">
    <posx>40</posx>
    <posy>0</posy>
    <height>40</height>
    <width>1840</width>
    <align>center</align>
    <font>ListDetails</font>
    <shadowcolor>Black</shadowcolor>
    <animation effect="fade" time="50">VisibleChange</animation>
  </include>
  <include name="Stars">
    <visible>!IsEmpty(ListItem.StarRating)</visible>
    <height>24</height>
    <width>174</width>
    <aspectratio align="left">keep</aspectratio>
    <colordiffuse>Silver</colordiffuse>
    <texture>$INFO[ListItem.StarRating]</texture>
  </include>
  <include name="ListWatchedOverlay">
    <control type="image">
      <visible>![Container.Content(tvshows) | container.content(seasons)]</visible>
      <posx>52r</posx>
      <posy>0</posy>
      <width>30</width>
      <height>72</height>
      <texture>$VAR[Overlay]</texture>
      <aspectratio aligny="center">keep</aspectratio>
    </control>
    <control type="group">
      <visible>[Container.content(tvshows) | container.content(seasons)] + IntegerGreaterThan(ListItem.Property(UnWatchedEpisodes),0)</visible>
      <control type="image" description="Label2 BG">
        <posx>84r</posx>
        <posy>15</posy>
        <width>60</width>
        <height>42</height>
        <texture border="3">img/WhiteRoundedT.png</texture>
      </control>
      <control type="label" description="l2">
        <right>3</right>
        <height>72</height>
        <width>100</width>
        <font>ListDetails</font>
        <align>center</align>
        <textcolor>Highlight</textcolor>
        <label>$INFO[ListItem.Property(UnWatchedEpisodes)]</label>
      </control>
    </control>
  </include>
  <include name="ThumbBorder">
    <bordertexture border="8">img/WhiteRoundedT.png</bordertexture>
    <bordersize>6</bordersize>
  </include>
  <include name="ThumbBorderInside">
    <texture border="10">thumbs/Border.png</texture>
    <bordersize>-9</bordersize>
  </include>
  <!--<include name="EpisodeThumb">
    <texture background="true" diffuse="thumbs/EpisodeDiffuse.png">$VAR[Thumbs]</texture>
    <aspectratio scalediffuse="false">scale</aspectratio>
  </include>
  <include name="EpisodeThumbBG">
    <bordersize>-17</bordersize>
    <texture>thumbs/EpisodeBG_NF.png</texture>
  </include>
  <include name="EpisodeThumbFO">
    <bordersize>-17</bordersize>
    <texture>thumbs/EpisodeBG_FO.png</texture>
  </include>-->
  <include name="EpisodeThumb">
    <texture background="true">$INFO[ListItem.Art(thumb)]</texture>
    <aspectratio aligny="top">scale</aspectratio>
  </include>
  <include name="EpisodeThumbBG">
    <bordersize>-6</bordersize>
    <texture border="8">thumbs/EpisodeBG_NF2.png</texture>
    <!--<texture border="8">img/WhiteRoundedT.png</texture>-->
  </include>
  <include name="EpisodeThumbFO">
    <bordersize>-6</bordersize>
    <texture border="8">thumbs/EpisodeBG_FO2.png</texture>
		<colordiffuse>Highlight</colordiffuse>
    <!--<texture border="8">img/WhiteRoundedFO.png</texture>-->
  </include>
  <!--<include name="SquareThumb">
    <texture background="true" diffuse="thumbs/SquareDiffuse.png">$VAR[Thumbs]</texture>
    <aspectratio aligny="top" scalediffuse="false">scale</aspectratio>
  </include>
  <include name="SquareThumbBG">
    <bordersize>-15</bordersize>
    <texture>thumbs/SquareBG_NF.png</texture>
  </include>
  <include name="SquareThumbFO">
    <bordersize>-15</bordersize>
    <texture>thumbs/SquareBG_FO.png</texture>
  </include>-->
  <include name="SquareThumb">
    <texture background="true">$INFO[ListItem.Art(thumb)]</texture>
    <aspectratio aligny="top">stretch</aspectratio>
  </include>
  <include name="SquareThumbBG">
    <bordersize>-6</bordersize>
    <!--<texture>thumbs/PosterBG_NF.png</texture>-->
    <texture border="8">thumbs/SquareBG_NF2.png</texture>
  </include>
  <include name="SquareThumbFO">
    <bordersize>-6</bordersize>
    <!--<texture>thumbs/PosterBG_FO.png</texture>-->
    <texture border="8">thumbs/SquareBG_FO2.png</texture>
		<colordiffuse>Highlight</colordiffuse>
  </include>
  <!--<include name="PosterThumb">
    <texture background="true" diffuse="thumbs/PosterDiffuse.png">$VAR[Thumbs]</texture>
    <aspectratio aligny="top" scalediffuse="false">scale</aspectratio>
  </include>
  <include name="PosterThumbBG">
    <bordersize>-12</bordersize>
    <texture>thumbs/PosterBG_NF.png</texture>
  </include>
  <include name="PosterThumbFO">
    <bordersize>-14</bordersize>
    <texture>thumbs/PosterBG_FO.png</texture>
  </include>-->
  <include name="PosterThumb">
    <texture background="true">$INFO[ListItem.Art(thumb)]</texture>
    <aspectratio aligny="top">stretch</aspectratio>
  </include>
  <include name="PosterThumbBG">
    <bordersize>-6</bordersize>
    <texture border="8">thumbs/PosterBG_NF2.png</texture>
  </include>
  <include name="PosterThumbFO">
    <bordersize>-6</bordersize>
    <texture border="8">thumbs/PosterBG_FO2.png</texture>
		<colordiffuse>Highlight</colordiffuse>
  </include>
  <include name="FullscreenInfoLabelMain">
    <posx>300</posx>
    <posy>0</posy>
    <width>1200</width>
    <scroll>false</scroll>
    <align>left</align>
    <font>size24B</font>
    <textcolor>White2</textcolor>
    <animation effect="fade" time="200">VisibleChange</animation>
  </include>
  <include name="9000ViewButtons">
    <height>54</height>
    <width>500</width>
    <font>ViewMenu</font>
    <textoffsetx>30</textoffsetx>
    <disabledcolor>Grey</disabledcolor>
    <textureradiofocus>img/ArrowRightFO.png</textureradiofocus>
    <textureradionofocus>-</textureradionofocus>
    <radiowidth>15</radiowidth>
    <radioheight>60</radioheight>
    <radioposx>5</radioposx>
  </include>
  <include name="9000SysButtons">
    <height>54</height>
    <width>500</width>
    <font>ViewMenu</font>
    <radioposx>390</radioposx>
    <textoffsetx>30</textoffsetx>
    <disabledcolor>Grey</disabledcolor>
  </include>
  <include name="9000Commons" description="Regular BG">
    <visible allowhiddenfocus="true">ControlGroup(9000).HasFocus()</visible>
    <animation type="Visible">
      <effect type="fade" start="0" end="100" time="250" />
      <effect type="slide" tween="circle" easing="out" start="0,0" end="500,0" time="350" />
    </animation>
    <animation type="Hidden">
      <effect type="fade" start="100" end="0" time="250" delay="0" />
      <effect type="slide" start="500,0" end="0,0" time="250" />
    </animation>
    <control type="image">
      <posx>-500</posx>
      <posy>0</posy>
      <width>510</width>
      <height>1080</height>
      <texture border="0,0,30,0">common/ViewMenu.png</texture>
    </control>
  </include>
  <include name="9000GrouplistParameters">
    <posx>-499</posx>
    <posy>60</posy>
    <width>500</width>
    <height>1120</height>
    <itemgap>0</itemgap>
    <onleft>9001</onleft>
    <onright>50</onright>
    <onup>9000</onup>
    <ondown>9000</ondown>
    <onback>50</onback>
    <scrolltime>200</scrolltime>
    <orientation>vertical</orientation>
    <control type="label" id="9140">
      <textcolor>Highlight</textcolor>
      <textoffsetx>10</textoffsetx>
      <align>left</align>
      <include>9000ViewButtons</include>
      <label>$LOCALIZE[582]</label>
    </control>
    <control type="radiobutton" id="9145" description="View 50">
      <include>9000ViewButtons</include>
      <onclick>Container.SetViewMode(50)</onclick>
      <selected>Control.IsVisible(50)</selected>
      <label>$LOCALIZE[535]</label>
    </control>
    <control type="radiobutton" id="9146" description="View 56">
      <visible>Container.Content(TVShows)</visible>
      <include>9000ViewButtons</include>
      <onclick>Container.SetViewMode(56)</onclick>
      <selected>Control.IsVisible(56)</selected>
      <label>$LOCALIZE[31965]</label>
    </control>
    <control type="radiobutton" id="9147" description="View 52">
      <visible>Container.Content(Movies) | Container.Content(TVShows) | Container.Content(episodes) | container.content(songs) | Container.Content(albums) | Container.Content(artists) | Window.IsActive(MyPics.xml)</visible>
      <include>9000ViewButtons</include>
      <onclick>Container.SetViewMode(52)</onclick>
      <selected>Control.IsVisible(52)</selected>
      <label>$LOCALIZE[537]</label>
    </control>
    <control type="radiobutton" id="9148" description="View 52 Movies">
      <visible>Control.IsVisible(52) + Container.Content(Movies)</visible>
      <font>ListDetails</font>
      <include>9000SysButtons</include>
      <onclick>Skin.ToggleSetting(52_Movies_UseFanart)</onclick>
      <selected>Skin.HasSetting(52_Movies_UseFanart)</selected>
      <label>- $LOCALIZE[20445]</label>
    </control>
    <control type="radiobutton" id="9149" description="View 52 TV">
      <visible>Control.IsVisible(52) + Container.Content(TVShows)</visible>
      <font>ListDetails</font>
      <include>9000SysButtons</include>
      <onclick>Skin.ToggleSetting(52_TV_UseFanart)</onclick>
      <selected>Skin.HasSetting(52_TV_UseFanart)</selected>
      <label>- $LOCALIZE[20445]</label>
    </control>
    <control type="radiobutton" id="9150" description="View 52 Episodes">
      <visible>Control.IsVisible(52) + Container.Content(Episodes)</visible>
      <font>ListDetails</font>
      <include>9000SysButtons</include>
      <onclick>Skin.ToggleSetting(52_Episodes_UseFanart)</onclick>
      <selected>Skin.HasSetting(52_Episodes_UseFanart)</selected>
      <label>- $LOCALIZE[20445]</label>
    </control>
    <control type="radiobutton" id="9151" description="View 52 Episodes">
      <visible>Control.IsVisible(52) + Container.Content(Albums)</visible>
      <font>ListDetails</font>
      <include>9000SysButtons</include>
      <onclick>Skin.ToggleSetting(52_Albums_UseFanart)</onclick>
      <selected>Skin.HasSetting(52_Albums_UseFanart)</selected>
      <label>- $LOCALIZE[20445]</label>
    </control>
    <control type="radiobutton" id="9152" description="View 52 Episodes">
      <visible>Control.IsVisible(52) + Container.Content(artists)</visible>
      <font>ListDetails</font>
      <include>9000SysButtons</include>
      <onclick>Skin.ToggleSetting(52_Artists_UseFanart)</onclick>
      <selected>Skin.HasSetting(52_Artists_UseFanart)</selected>
      <label>- $LOCALIZE[20445]</label>
    </control>
    <control type="radiobutton" id="9153" description="View 51">
      <include>9000ViewButtons</include>
      <onclick>Container.SetViewMode(51)</onclick>
      <selected>Control.IsVisible(51)</selected>
      <label>$LOCALIZE[31963]</label>
    </control>
    <control type="radiobutton" id="9154" description="View 54">
      <include>9000ViewButtons</include>
      <onclick>Container.SetViewMode(54)</onclick>
      <selected>Control.IsVisible(54)</selected>
      <label>$LOCALIZE[31962]</label>
    </control>
    <control type="radiobutton" id="9155" description="View 53">
      <include>9000ViewButtons</include>
      <onclick>Container.SetViewMode(53)</onclick>
      <selected>Control.IsVisible(53)</selected>
      <label>$LOCALIZE[536]</label>
    </control>
    <control type="radiobutton" id="9156" description="View 53 Banners">
      <visible>Control.IsVisible(53) + Container.Content(TVShows)</visible>
      <font>ListDetails</font>
      <include>9000SysButtons</include>
      <onclick>Skin.ToggleSetting(53_UseBanners)</onclick>
      <selected>Skin.HasSetting(53_UseBanners)</selected>
      <label>- $LOCALIZE[31992]</label>
    </control>
    <control type="radiobutton" id="9157" description="View 53 Bigger">
      <visible>Control.IsVisible(53) + [[Container.Content(TvShows) + !Skin.HasSetting(53_UseBanners)] | container.content(musicvideos) | container.content(movies) | container.content(seasons)]</visible>
      <font>ListDetails</font>
      <include>9000SysButtons</include>
      <onclick>Skin.ToggleSetting(53_BigGrid)</onclick>
      <selected>Skin.HasSetting(53_BigGrid)</selected>
      <label>$LOCALIZE[491]</label>
    </control>
    <control type="radiobutton" id="9158" description="View 55 BigPanel">
      <visible>Skin.HasSetting(plexbmc) | !Window.IsActive(MyMusicSongs.xml)</visible>
      <include>9000ViewButtons</include>
      <onclick>Container.SetViewMode(55)</onclick>
      <selected>Control.IsVisible(55)</selected>
      <label>$LOCALIZE[31958]</label>
    </control>
    <control type="radiobutton" id="9159" description="View 55 with fanart">
      <visible>Control.IsVisible(55) + [Window.IsActive(MyVideoNav.xml) | Window.IsActive(MyMusicNav.xml)]</visible>
      <font>ListDetails</font>
      <include>9000SysButtons</include>
      <onclick>Skin.ToggleSetting(55_SmallFanart)</onclick>
      <selected>Skin.HasSetting(55_SmallFanart)</selected>
      <label>- $LOCALIZE[20445]</label>
    </control>
    <control type="radiobutton" id="9160" description="View 53 Banners">
      <visible>Control.IsVisible(55) + Container.Content(TVShows)</visible>
      <font>ListDetails</font>
      <include>9000SysButtons</include>
      <onclick>Skin.ToggleSetting(55_UseBanners)</onclick>
      <selected>Skin.HasSetting(55_UseBanners)</selected>
      <label>- $LOCALIZE[31992]</label>
    </control>
    <control type="radiobutton" id="9161" description="View 57 EPISODES">
      <visible>container.content(episodes)</visible>
      <include>9000ViewButtons</include>
      <onclick>Container.SetViewMode(57)</onclick>
      <selected>Control.IsVisible(57)</selected>
      <label>$LOCALIZE[20445]</label>
    </control>
    <control type="radiobutton" id="9162" description="View 57 Enable gallery for EPISODES">
      <visible>Control.IsVisible(57) + container.content(episodes)</visible>
      <font>ListDetails</font>
      <include>9000SysButtons</include>
      <!--<onclick>Skin.Reset(Episodes_Info)</onclick>-->
      <onclick>Skin.ToggleSetting(Episodes_Gallery)</onclick>
      <selected>Skin.HasSetting(Episodes_Gallery)</selected>
      <label>- $LOCALIZE[31970]</label>
    </control>
    <control type="radiobutton" id="9163" description="View 57 Enable info for EPISODES">
      <visible>Control.IsVisible(57) + container.content(episodes)</visible>
      <font>ListDetails</font>
      <include>9000SysButtons</include>
      <!--<onclick>Skin.Reset(Episodes_Gallery)</onclick>-->
      <onclick>Skin.ToggleSetting(Episodes_Info)</onclick>
      <selected>Skin.HasSetting(Episodes_Info)</selected>
      <label>- $LOCALIZE[31968]</label>
    </control>
    <control type="radiobutton" id="9164" description="View 58 SQUARES">
      <visible>![[container.content(MusicVideos) + Window.IsActive(myvideonav.xml)] | container.content(movies) | container.content(tvshows) | container.content(seasons) | container.content(episodes)]</visible>
      <include>9000ViewButtons</include>
      <onclick>Container.SetViewMode(58)</onclick>
      <selected>Control.IsVisible(58)</selected>
      <label>$LOCALIZE[20445]</label>
    </control>
    <control type="radiobutton" id="9165" description="View 58 Enable gallery for MUSIC">
      <visible>Control.IsVisible(58) + [container.content(albums) | container.content(artists)]</visible>
      <font>ListDetails</font>
      <include>9000SysButtons</include>
      <!--<onclick>Skin.Reset(Music_Info)</onclick>-->
      <onclick>Skin.ToggleSetting(Music_Gallery)</onclick>
      <selected>Skin.HasSetting(Music_Gallery)</selected>
      <label>- $LOCALIZE[31970]</label>
    </control>
    <control type="radiobutton" id="9166" description="View 58 Enable Info for MUSIC">
      <visible>Control.IsVisible(58) + [container.content(albums) | container.content(artists)]</visible>
      <font>ListDetails</font>
      <include>9000SysButtons</include>
      <!--<onclick>Skin.Reset(Music_Gallery)</onclick>-->
      <onclick>Skin.ToggleSetting(Music_Info)</onclick>
      <selected>Skin.HasSetting(Music_Info)</selected>
      <label>- $LOCALIZE[31968]</label>
    </control>
    <control type="radiobutton" id="9167" description="View 59 POSTERS">
      <visible>[[container.content(MusicVideos) + Window.IsActive(myvideonav.xml)] | container.content(movies) | container.content(tvshows) | container.content(seasons)]</visible>
      <include>9000ViewButtons</include>
      <onclick>Container.SetViewMode(59)</onclick>
      <selected>Control.IsVisible(59)</selected>
      <label>$LOCALIZE[20445]</label>
    </control>
    <control type="radiobutton" id="9168" description="View 59 Enable gallery for POSTERS">
      <visible>Control.IsVisible(59) + [[container.content(MusicVideos) + Window.IsActive(myvideonav.xml)] | container.content(movies) | container.content(tvshows) | container.content(seasons)]</visible>
      <font>ListDetails</font>
      <include>9000SysButtons</include>
      <!--<onclick>Skin.Reset(Posters_Info)</onclick>-->
      <onclick>Skin.ToggleSetting(Posters_Gallery)</onclick>
      <selected>Skin.HasSetting(Posters_Gallery)</selected>
      <label>- $LOCALIZE[31970]</label>
    </control>
    <control type="radiobutton" id="9169" description="View 59 Enable Info for POSTERS">
      <visible>Control.IsVisible(59) + [[container.content(MusicVideos) + Window.IsActive(myvideonav.xml)] | container.content(movies) | container.content(tvshows) | container.content(seasons)]</visible>
      <font>ListDetails</font>
      <include>9000SysButtons</include>
      <!--<onclick>Skin.Reset(Posters_Gallery)</onclick>-->
      <onclick>Skin.ToggleSetting(Posters_Info)</onclick>
      <selected>Skin.HasSetting(Posters_Info)</selected>
      <label>- $LOCALIZE[31968]</label>
    </control>
    <control type="label" id="9180" description="Spacer">
      <height>36</height>
      <textcolor>Highlight</textcolor>
      <align>left</align>
      <textoffsetx>10</textoffsetx>
      <include>9000ViewButtons</include>
      <label></label>
    </control>
    <control type="label" id="9181">
      <textcolor>Highlight</textcolor>
      <align>left</align>
      <textoffsetx>10</textoffsetx>
      <include>9000ViewButtons</include>
      <label>$LOCALIZE[581]</label>
    </control>
  </include>
  <include name="KeyboardButtons">
    <align>center</align>
    <aligny>center</aligny>
    <textoffsetx>0</textoffsetx>
    <width>87</width>
    <height>87</height>
    <font>Keyboard</font>
    <focusedcolor>Highlight</focusedcolor>
    <textoffsety>-3</textoffsety>
    <texturefocus border="16,0,16,0">common/KeyButtonFO.png</texturefocus>
    <texturenofocus border="16,0,16,0">common/KeyButtonNF.png</texturenofocus>
    <alttexturefocus border="16,0,16,0">common/KeyButtonFO.png</alttexturefocus>
    <alttexturenofocus border="16,0,16,0">common/KeyButtonNF.png</alttexturenofocus>
  </include>
  <include name="List_9009_Commons" description="Video Info metadata container">
    <posx>0</posx>
    <posy>0</posy>
    <width>999</width>
    <height>504</height>
    <pagecontrol>-</pagecontrol>
    <itemlayout height="42" width="999">
      <control type="label">
        <posx>0</posx>
        <posy>0</posy>
        <width>250</width>
        <height>45</height>
        <font>Details</font>
        <align>right</align>
        <aligny>center</aligny>
        <textcolor>Grey2</textcolor>
        <selectedcolor>selected</selectedcolor>
        <info>ListItem.Label</info>
        <scroll>false</scroll>
      </control>
      <control type="label">
        <posx>260</posx>
        <posy>0</posy>
        <width>739</width>
        <height>45</height>
        <font>Details</font>
        <align>left</align>
        <aligny>center</aligny>
        <textcolor>Silver</textcolor>
        <selectedcolor>White2</selectedcolor>
        <info>ListItem.Label2</info>
        <scroll>false</scroll>
      </control>
    </itemlayout>
    <focusedlayout height="42" width="999">
      <control type="label">
        <posx>0</posx>
        <posy>0</posy>
        <width>250</width>
        <height>45</height>
        <font>Details</font>
        <align>right</align>
        <aligny>center</aligny>
        <textcolor>Grey2</textcolor>
        <selectedcolor>selected</selectedcolor>
        <info>ListItem.Label</info>
      </control>
      <control type="label">
        <posx>260</posx>
        <posy>0</posy>
        <width>739</width>
        <height>45</height>
        <font>Details</font>
        <align>left</align>
        <aligny>center</aligny>
        <textcolor>Silver</textcolor>
        <selectedcolor>White2</selectedcolor>
        <info>ListItem.Label2</info>
      </control>
    </focusedlayout>
  </include>
  <include name="BG.Defaults">
    <posx>0</posx>
    <posy>0</posy>
    <width>1920</width>
    <height>1080</height>
    <timeperimage>9000</timeperimage>
    <randomize>true</randomize>
    <fadetime>400</fadetime>
    <aspectratio>scale</aspectratio>
  </include>
  <include name="Default_Art">
    <control type="multiimage">
      <include>BG.Defaults</include>
      <imagepath background="true">$VAR[Default.Art]</imagepath>
    </control>
  </include>
  <include name="Settings_Art">
    <control type="multiimage">
      <include>BG.Defaults</include>
      <imagepath background="true">$VAR[Settings.Art]</imagepath>
    </control>
  </include>
  <include name="Pvr_Art">
    <control type="multiimage">
      <include>BG.Defaults</include>
      <imagepath background="true">$VAR[Pvr.Art]</imagepath>
    </control>
  </include>
  <include name="Weather_Art">
    <control type="multiimage">
      <include>BG.Defaults</include>
      <imagepath background="true">$VAR[Weather.Art]</imagepath>
    </control>
  </include>
  <include name="Pictures_Art">
    <control type="multiimage">
      <visible>![Control.IsVisible(52) | Control.IsVisible(53) | Control.IsVisible(55)]</visible>
      <include>BG.Defaults</include>
      <imagepath background="true">$VAR[Pictures.Art]</imagepath>
    </control>
  </include>
  <include name="Fanart_Art">
    <control type="multiimage" description="FA fullscreen">
      <visible>![Control.IsVisible(52) | Control.IsVisible(55) | Control.IsVisible(53)]</visible>
      <include>BG.Defaults</include>
      <imagepath background="true">$VAR[Fanart.Art]</imagepath>
    </control>
  </include>
  <include name="Home.Main.Menu.Items">
    <include condition="Skin.HasSetting(plexbmc)">Plexbmc.Items</include>
    <item id="21" description="Custom1">
      <visible>!IsEmpty(Skin.String(CustomHome.1.Path))</visible>
      <label>$INFO[Skin.String(CustomHome.1.Label)]</label>
      <thumb fallback="special://skin/backgrounds/default/default.jpg">$INFO[Skin.String(CustomHome.1.Background)]</thumb>
      <onclick>$INFO[Skin.String(CustomHome.1.Path)]</onclick>
    </item>
    <item id="1" description="Pictures">
      <visible>!Skin.HasSetting(plexbmc)</visible>
      <visible>!Skin.HasSetting(Pictures.Hide)</visible>
      <label>$LOCALIZE[1]</label>
      <thumb fallback="special://skin/backgrounds/Pictures.jpg">$INFO[Skin.String(Pictures.Background)]</thumb>
      <onclick>ActivateWindow(Pictures,root)</onclick>
    </item>
    <item id="22" description="Custom2">
      <visible>!IsEmpty(Skin.String(CustomHome.2.Path))</visible>
      <label>$INFO[Skin.String(CustomHome.2.Label)]</label>
      <thumb fallback="special://skin/backgrounds/default/default.jpg">$INFO[Skin.String(CustomHome.2.Background)]</thumb>
      <onclick>$INFO[Skin.String(CustomHome.2.Path)]</onclick>
    </item>
    <item id="2" description="Addons">
      <visible>!Skin.HasSetting(Addons.Hide)</visible>
      <label>$LOCALIZE[24001]</label>
      <thumb fallback="special://skin/backgrounds/Addons.jpg">$INFO[Skin.String(Addons.Background)]</thumb>
      <onclick>ActivateWindow(1119)</onclick>
    </item>
    <item id="23" description="Custom3">
      <visible>!IsEmpty(Skin.String(CustomHome.3.Path))</visible>
      <label>$INFO[Skin.String(CustomHome.3.Label)]</label>
      <thumb fallback="special://skin/backgrounds/default/default.jpg">$INFO[Skin.String(CustomHome.3.Background)]</thumb>
      <onclick>$INFO[Skin.String(CustomHome.3.Path)]</onclick>
    </item>
    <item id="3" description="Videos">
      <visible>!Skin.HasSetting(plexbmc)</visible>
      <visible>!Skin.HasSetting(Videos.Hide)</visible>
      <label>$LOCALIZE[3]</label>
      <thumb fallback="special://skin/backgrounds/Videos.jpg">$INFO[Skin.String(Videos.Background)]</thumb>
      <onclick>ActivateWindow(Videos,root)</onclick>
    </item>
    <item id="24" description="Custom.4">
      <visible>!IsEmpty(Skin.String(CustomHome.4.Path))</visible>
      <label>$INFO[Skin.String(CustomHome.4.Label)]</label>
      <thumb fallback="special://skin/backgrounds/default/default.jpg">$INFO[Skin.String(CustomHome.4.Background)]</thumb>
      <onclick>$INFO[Skin.String(CustomHome.4.Path)]</onclick>
    </item>
    <item id="4" description="MyMovies">
      <visible>!Skin.HasSetting(plexbmc)</visible>
      <visible>!Skin.HasSetting(Movies.Hide) + Library.HasContent(Movies)</visible>
      <label fallback="20342">$VAR[MovieEntryPointLabel2]</label>
      <thumb fallback="special://skin/backgrounds/Movies.jpg">$INFO[Skin.String(Movies.Background)]</thumb>
      <onclick>$VAR[MovieEntryPoint]</onclick>
    </item>
    <item id="25" description="Custom.5">
      <visible>!IsEmpty(Skin.String(CustomHome.5.Path))</visible>
      <label>$INFO[Skin.String(CustomHome.5.Label)]</label>
      <thumb fallback="special://skin/backgrounds/default/default.jpg">$INFO[Skin.String(CustomHome.5.Background)]</thumb>
      <onclick>$INFO[Skin.String(CustomHome.5.Path)]</onclick>
    </item>
    <item id="5" description="MyTV">
      <visible>!Skin.HasSetting(plexbmc)</visible>
      <visible>!Skin.HasSetting(TVShows.Hide) + Library.HasContent(TVShows)</visible>
      <label fallback="20343">$VAR[TVEntryPointLabel2]</label>
      <thumb fallback="special://skin/backgrounds/TVShows.jpg">$INFO[Skin.String(TVShows.Background)]</thumb>
      <onclick>$VAR[TVEntryPoint]</onclick>
    </item>
    <item id="26" description="Custom.6">
      <visible>!IsEmpty(Skin.String(CustomHome.6.Path))</visible>
      <label>$INFO[Skin.String(CustomHome.6.Label)]</label>
      <thumb fallback="special://skin/backgrounds/default/default.jpg">$INFO[Skin.String(CustomHome.6.Background)]</thumb>
      <onclick>$INFO[Skin.String(CustomHome.6.Path)]</onclick>
    </item>
    <item id="6" description="Music">
      <visible>!Skin.HasSetting(plexbmc)</visible>
      <visible>!Skin.HasSetting(Music.Hide)</visible>
      <label>$LOCALIZE[2]</label>
      <thumb fallback="special://skin/backgrounds/Music.jpg">$INFO[Skin.String(Music.Background)]</thumb>
      <onclick condition="Library.HasContent(Music) + !Skin.HasSetting(ArtistView)">ActivateWindow(MusicLibrary,root)</onclick>
      <onclick condition="!Library.HasContent(Music)">ActivateWindow(MusicFiles,root)</onclick>
      <onclick condition="Library.HasContent(Music) + Skin.HasSetting(ArtistView)">ActivateWindow(MusicLibrary,Artists)</onclick>
    </item>
    <item id="27" description="Custom.7">
      <visible>!IsEmpty(Skin.String(CustomHome.7.Path))</visible>
      <label>$INFO[Skin.String(CustomHome.7.Label)]</label>
      <thumb fallback="special://skin/backgrounds/default/default.jpg">$INFO[Skin.String(CustomHome.7.Background)]</thumb>
      <onclick>$INFO[Skin.String(CustomHome.7.Path)]</onclick>
    </item>
    <item id="13" description="Clips">
      <visible>!Skin.HasSetting(plexbmc)</visible>
      <visible>Skin.HasSetting(Clips.Show) + Library.HasContent(MusicVideos)</visible>
      <label>$LOCALIZE[31972]</label>
      <thumb fallback="special://skin/backgrounds/Clips.jpg">$INFO[Skin.String(Clips.Background)]</thumb>
      <onclick condition="Library.HasContent(music)">ActivateWindow(10501,"videodb://musicvideos/")</onclick>
      <onclick condition="!Library.HasContent(music)">ActivateWindow(10502,"videodb://musicvideos/")</onclick>
    </item>
    <item id="14" description="Concerts">
      <visible>!Skin.HasSetting(plexbmc)</visible>
      <visible>Skin.HasSetting(Concerts.Show) + Library.HasContent(MusicVideos)</visible>
      <label>$LOCALIZE[31971]</label>
      <thumb fallback="special://skin/backgrounds/Concerts.jpg">$INFO[Skin.String(Concerts.Background)]</thumb>
      <onclick>ActivateWindow(VideoLibrary,MusicVideoTitles,return)</onclick>
    </item>
    <item id="28" description="Custom.8">
      <visible>!IsEmpty(Skin.String(CustomHome.8.Path))</visible>
      <label>$INFO[Skin.String(CustomHome.8.Label)]</label>
      <thumb fallback="special://skin/backgrounds/default/default.jpg">$INFO[Skin.String(CustomHome.8.Background)]</thumb>
      <onclick>$INFO[Skin.String(CustomHome.8.Path)]</onclick>
    </item>
    <item id="300" description="Live TV">
      <visible>PVR.HasTVChannels</visible>
      <label>$LOCALIZE[31500]</label>
      <thumb fallback="special://skin/backgrounds/Pvr.jpg">$INFO[Skin.String(Pvr.Background)]</thumb>
      <onclick>ActivateWindow(TVChannels)</onclick>
    </item>
    <item id="301" description="Live Radio">
      <visible>PVR.HasRadioChannels</visible>
      <label>$LOCALIZE[31509]</label>
      <thumb fallback="special://skin/backgrounds/Pvr.jpg">$INFO[Skin.String(Pvr.Background)]</thumb>
      <onclick>ActivateWindow(RadioChannels)</onclick>
    </item>
    <item id="7" description="Favorites">
      <visible>!Skin.HasSetting(Favourites.Hide)</visible>
      <label>$LOCALIZE[1036]</label>
      <thumb fallback="special://skin/backgrounds/Favourites.jpg">$INFO[Skin.String(Favourites.Background)]</thumb>
      <onclick>ActivateWindow(Favourites)</onclick>
    </item>
    <item id="29" description="Custom.9">
      <visible>!IsEmpty(Skin.String(CustomHome.9.Path))</visible>
      <label>$INFO[Skin.String(CustomHome.9.Label)]</label>
      <thumb fallback="special://skin/backgrounds/default/default.jpg">$INFO[Skin.String(CustomHome.9.Background)]</thumb>
      <onclick>$INFO[Skin.String(CustomHome.9.Path)]</onclick>
    </item>
    <item id="8" description="DVD">
      <visible>System.HasMediaDVD + !Skin.HasSetting(DVD.Hide)</visible>
      <label>$LOCALIZE[427]</label>
      <thumb fallback="special://skin/backgrounds/default/default.jpg">$INFO[Skin.String(DVD.Background)]</thumb>
      <onclick condition="System.HasMediaDvd">PlayDVD()</onclick>
      <onclick condition="!System.HasMediaDvd">Notification($LOCALIZE[164],$LOCALIZE[219],5,DefaultIconWarning.png)</onclick>
    </item>
    <item id="15" description="Weather">
      <visible>!Skin.HasSetting(Weather.Hide)</visible>
      <label>$LOCALIZE[8]</label>
      <thumb fallback="special://skin/backgrounds/Weather.jpg">$INFO[Skin.String(Weather.Background)]</thumb>
      <onclick>ActivateWindow(Weather)</onclick>
    </item>
    <item id="10" description="Settings">
      <visible>!Skin.HasSetting(QuitMenu_Show_Settings)</visible>
      <label>$LOCALIZE[5]</label>
      <thumb fallback="special://skin/backgrounds/Settings.jpg">$INFO[Skin.String(Settings.Background)]</thumb>
      <onclick>ActivateWindow(Settings)</onclick>
    </item>
    <item id="11" description="Quit">
      <visible>!Skin.HasSetting(Quit.Hide)</visible>
      <label fallback="13009">$VAR[QuitLabel2]</label>
      <thumb fallback="special://skin/backgrounds/Quit.jpg">$INFO[Skin.String(Quit.Background)]</thumb>
      <onclick>$VAR[QuitAction]</onclick>
    </item>
  </include>
  <include name="Home.Submenu.Items">
    <item id="0" description="Update Library">
      <visible>!Skin.HasSetting(Hide.LibraryUpdate.Button)</visible>
      <visible>Container(300).HasFocus(3) | Container(300).HasFocus(4) | Container(300).HasFocus(5) | Container(300).HasFocus(13) | Container(300).HasFocus(14)</visible>
      <label>$LOCALIZE[653]</label>
      <onclick>UpdateLibrary(video)</onclick>
    </item>
    <item id="0" description="Update Library">
      <visible>!Skin.HasSetting(Hide.LibraryUpdate.Button)</visible>
      <visible>Container(300).HasFocus(6)</visible>
      <label>$LOCALIZE[653]</label>
      <onclick>UpdateLibrary(music)</onclick>
    </item>
    <item id="1" description="DVD eject">
      <visible>Container(300).HasFocus(8)</visible>
      <label>$LOCALIZE[13391]</label>
      <onclick>EjectTray()</onclick>
    </item>
    <item id="2" description="Program apps">
      <visible>Container(300).HasFocus(2) + !Skin.HasSetting(Addons2)</visible>
      <label>$LOCALIZE[0]</label>
      <onclick condition="!System.Platform.Android">ActivateWindow(Programs,Addons,return)</onclick>
      <onclick condition="System.Platform.Android">ActivateWindow(Programs)</onclick>
    </item>
    <item id="3" description="Video apps">
      <visible>Container(300).HasFocus(2) + !Skin.HasSetting(Addons4)</visible>
      <label>$LOCALIZE[157]</label>
      <onclick>ActivateWindow(VideoLibrary,Addons,return)</onclick>
    </item>
    <item id="4" description="Music apps">
      <visible>Container(300).HasFocus(2) + !Skin.HasSetting(Addons5)</visible>
      <label>$LOCALIZE[2]</label>
      <onclick condition="Library.HasContent(Music)">ActivateWindow(MusicLibrary,Addons,return)</onclick>
      <onclick condition="!Library.HasContent(Music)">ActivateWindow(MusicFiles,Addons,return)</onclick>
    </item>
    <item id="5" description="Picture apps">
      <visible>Container(300).HasFocus(2) + !Skin.HasSetting(Addons3)</visible>
      <label>$LOCALIZE[1]</label>
      <onclick>XBMC.ActivateWindow(Pictures,Addons,return)</onclick>
    </item>
    <item id="6" description="MyTV">
      <visible>Container(300).HasFocus(5)</visible>
      <label>$LOCALIZE[136]</label>
      <onclick>ActivateWindow(Videos,playlists,return)</onclick>
    </item>
    <item id="36" description="MyMovies">
      <visible>Container(300).HasFocus(5)</visible>
      <label>$LOCALIZE[135]</label>
      <onclick>ActivateWindow(Videos,TVShowGenres,return)</onclick>
    </item>
    <item id="7" description="RA TV">
      <visible>Container(300).HasFocus(5)</visible>
      <label>$LOCALIZE[575]</label>
      <onclick>ActivateWindow(Videos,"library://video/inprogressshows.xml/",return)</onclick>
    </item>
    <item id="8" description="RA TV">
      <visible>Container(300).HasFocus(5)</visible>
      <label>$LOCALIZE[31020]</label>
      <onclick>ActivateWindow(VideoLibrary,RecentlyAddedEpisodes,return)</onclick>
    </item>
    <item id="9" description="Library">
      <visible>Container(300).HasFocus(5)</visible>
      <label>$LOCALIZE[1024]</label>
      <onclick>ActivateWindow(Videolibrary,root)</onclick>
    </item>
    <item id="10" description="Search">
      <visible>Container(300).HasFocus(5)</visible>
      <label>$LOCALIZE[137]</label>
      <onclick>ActivateWindow(VideoLibrary)</onclick>
      <onclick>SendClick(8)</onclick>
    </item>
    <item id="11" description="MyMovies">
      <visible>Container(300).HasFocus(4) + !Skin.HasSetting(Movies1)</visible>
      <label>$LOCALIZE[136]</label>
      <onclick>ActivateWindow(Videos,playlists,return)</onclick>
    </item>
    <item id="35" description="MyMovies">
      <visible>Container(300).HasFocus(4) + !Skin.HasSetting(Movies1)</visible>
      <label>$LOCALIZE[135]</label>
      <onclick>ActivateWindow(Videos,Moviegenres,return)</onclick>
    </item>
    <item id="12" description="RA Movies">
      <visible>Container(300).HasFocus(4) + !Skin.HasSetting(Movies2)</visible>
      <label>$LOCALIZE[20434]</label>
      <onclick>ActivateWindow(Videos,Moviesets,return)</onclick>
    </item>
    <item id="13" description="RA Movies">
      <visible>Container(300).HasFocus(4) + !Skin.HasSetting(Movies2)</visible>
      <label>$LOCALIZE[31020]</label>
      <onclick>ActivateWindow(Videos,RecentlyAddedMovies,return)</onclick>
    </item>
    <item id="14" description="RA Movies">
      <visible>Container(300).HasFocus(4) + !Skin.HasSetting(Movies2)</visible>
      <label>$LOCALIZE[20459]</label>
      <onclick>ActivateWindow(Videos,MovieTags,return)</onclick>
    </item>
    <item id="15" description="Library">
      <visible>Container(300).HasFocus(4) + !Skin.HasSetting(Movies4)</visible>
      <label>$LOCALIZE[1024]</label>
      <onclick>ActivateWindow(Videolibrary,root)</onclick>
    </item>
    <item id="16" description="Search">
      <visible>Container(300).HasFocus(4) + !Skin.HasSetting(Movies5)</visible>
      <label>$LOCALIZE[137]</label>
      <onclick>ActivateWindow(VideoLibrary)</onclick>
      <onclick>SendClick(8)</onclick>
    </item>
    <item id="17" description="Videos">
      <visible>Container(300).HasFocus(3)</visible>
      <label>$LOCALIZE[136]</label>
      <onclick>ActivateWindow(Videos,playlists,return)</onclick>
    </item>
    <item id="18" description="Music Videos">
      <visible>Container(300).HasFocus(3) + Library.HasContent(MusicVideos)</visible>
      <label>$LOCALIZE[31971]</label>
      <onclick>ActivateWindow(Videos,MusicVideoTitles,return)</onclick>
    </item>
    <item id="19" description="Files Videos">
      <visible>Container(300).HasFocus(3) + !Skin.HasSetting(Movies4)</visible>
      <label>$LOCALIZE[744]</label>
      <onclick>ActivateWindow(Videos,files,return)</onclick>
    </item>
    <item id="20" description="Search">
      <visible>Container(300).HasFocus(3) + !Skin.HasSetting(Movies5)</visible>
      <label>$LOCALIZE[137]</label>
      <onclick>ActivateWindow(VideoLibrary)</onclick>
      <onclick>SendClick(8)</onclick>
    </item>
    <item id="21" description="Music Videos">
      <visible>Container(300).HasFocus(6) + !Skin.HasSetting(Music2) + Library.HasContent(Music)</visible>
      <label>$LOCALIZE[132]</label>
      <onclick>ActivateWindow(MusicLibrary,Albums)</onclick>
    </item>
    <item id="22" description="Artists">
      <visible>Container(300).HasFocus(6) + !Skin.HasSetting(Music1) + Library.HasContent(Music)</visible>
      <label>$LOCALIZE[133]</label>
      <onclick>ActivateWindow(MusicLibrary,Artists)</onclick>
    </item>
    <item id="23" description="Top 100">
      <visible>Container(300).HasFocus(6) + !Skin.HasSetting(Music1) + Library.HasContent(Music)</visible>
      <label>$LOCALIZE[271]</label>
      <onclick>ActivateWindow(MusicLibrary,top100,return)</onclick>
    </item>
    <item id="23" description="Music Videos">
      <visible>Container(300).HasFocus(6) + Library.HasContent(MusicVideos)</visible>
      <label>$LOCALIZE[31972]</label>
      <onclick condition="Library.HasContent(music)">ActivateWindow(10501,"videodb://musicvideos/")</onclick>
      <onclick condition="!Library.HasContent(music)">ActivateWindow(10502,"videodb://musicvideos/")</onclick>
    </item>
    <item id="24" description="Recently added">
      <visible>Container(300).HasFocus(6) + !Skin.HasSetting(Music1) + Library.HasContent(Music)</visible>
      <label>$LOCALIZE[31020]</label>
      <onclick>ActivateWindow(MusicLibrary,recentlyaddedalbums,return)</onclick>
    </item>
    <item id="25" description="Files">
      <visible>Container(300).HasFocus(6) + !Skin.HasSetting(Music4)</visible>
      <label>$LOCALIZE[744]</label>
      <onclick>ActivateWindow(MusicFiles,root)</onclick>
    </item>
    <item id="26" description="Search">
      <visible>Container(300).HasFocus(6) + !Skin.HasSetting(Music5) + Library.HasContent(Music)</visible>
      <label>$LOCALIZE[137]</label>
      <onclick>ActivateWindow(MusicLibrary,root)</onclick>
      <onclick>SendClick(8)</onclick>
    </item>
    <item id="27" description="Master mode button">
      <visible>Container(300).HasFocus(10)</visible>
      <visible>System.HasLocks + System.IsMaster</visible>
      <label>$LOCALIZE[12332]</label>
      <onclick>xbmc.mastermode</onclick>
    </item>
    <item id="28" description="Master mode button">
      <visible>Container(300).HasFocus(10)</visible>
      <visible>System.HasLocks + !System.IsMaster</visible>
      <label>$LOCALIZE[12333]</label>
      <onclick>xbmc.mastermode</onclick>
    </item>
    <item id="29" description="Concerts artists">
      <visible>Container(300).HasFocus(14)</visible>
      <label>$LOCALIZE[133]</label>
      <onclick>ActivateWindow(Videos,MusicVideoArtists,return)</onclick>
    </item>
    <item id="30" description="Recent concerts">
      <visible>Container(300).HasFocus(14)</visible>
      <label>$LOCALIZE[31020]</label>
      <onclick>ActivateWindow(Videos,RecentlyAddedMusicVideos,return)</onclick>
    </item>
    <item id="31" description="Concerts genres">
      <visible>Container(300).HasFocus(14)</visible>
      <label>$LOCALIZE[135]</label>
      <onclick>ActivateWindow(Videos,MusicVideoGenres,return)</onclick>
    </item>
    <item id="32" description="Clips albums">
      <visible>Container(300).HasFocus(13)</visible>
      <label>$LOCALIZE[132]</label>
      <onclick condition="Library.HasContent(music)">ActivateWindow(10501,"videodb://musicvideos/5")</onclick>
      <onclick condition="!Library.HasContent(music)">ActivateWindow(10502,"videodb://musicvideos/5")</onclick>
    </item>
    <item id="33" description="Clips artists">
      <visible>Container(300).HasFocus(13)</visible>
      <label>$LOCALIZE[133]</label>
      <onclick condition="Library.HasContent(music)">ActivateWindow(10501,"videodb://musicvideos/4")</onclick>
      <onclick condition="!Library.HasContent(music)">ActivateWindow(10502,"videodb://musicvideos/4")</onclick>
    </item>
    <item id="34" description="Clips genres">
      <visible>Container(300).HasFocus(13)</visible>
      <label>$LOCALIZE[135]</label>
      <onclick condition="Library.HasContent(music)">ActivateWindow(10501,"videodb://musicvideos/1")</onclick>
      <onclick condition="!Library.HasContent(music)">ActivateWindow(10502,"videodb://musicvideos/1")</onclick>
    </item>
	<item id="41" description="Add-ons">
	  <visible>Container(300).HasFocus(10)</visible>
	  <label>$LOCALIZE[24001]</label>
      <onclick>ActivateWindow(AddonBrowser,root)</onclick>
    </item>
    <item id="42" description="Appearance">
		<visible>Container(300).HasFocus(10)</visible>
        <label>$LOCALIZE[480]</label>
        <onclick>activatewindow(AppearanceSettings)</onclick>
    </item>
    <item id="43" description="System">
		<visible>Container(300).HasFocus(10)</visible>
        <label>$LOCALIZE[13000]</label>
        <onclick>ActivateWindow(SystemSettings)</onclick>
    </item>
    <item id="44" description="System information">
		<visible>Container(300).HasFocus(10)</visible>
        <label>$LOCALIZE[130]</label>
        <onclick>ActivateWindow(SystemInfo)</onclick>
	</item>
	<item id="50" description="Reload skin">
      <visible>Container(300).HasFocus(10)</visible>
      <label>$LOCALIZE[20183]</label>
      <onclick>XBMC.ReloadSkin()</onclick>
    </item>
	<item id="51" description="Hibernate">
		<enable>System.CanHibernate</enable>
		<visible>Container(300).HasFocus(11)</visible>
        <label>$LOCALIZE[13010]</label>
        <onclick>Hibernate()</onclick>
	    </item>
	<item id="52" description="Suspend">
		<enable>System.CanSuspend</enable>
		<visible>Container(300).HasFocus(11)</visible>
        <label>$LOCALIZE[13011]</label>
        <onclick>Suspend()</onclick>
		</item>
	<item id="53" description="Shutdown">
        <enable>System.CanPowerdown</enable>
        <visible>Container(300).HasFocus(11)</visible>
        <label>$LOCALIZE[13005]</label>
        <onclick>ShutDown()</onclick>
        </item>
	<item id="54" description="Reboot">
        <enable>System.CanReboot</enable>
        <visible>Container(300).HasFocus(11)</visible>
        <label>$LOCALIZE[13013]</label>
        <onclick>Reboot()</onclick>
        </item>
	<item id="55" description="Quit">
		<visible>Container(300).HasFocus(11)</visible>
		<label>$LOCALIZE[13009]</label>
        <onclick>Quit()</onclick>
        </item>    
    <item id="100" description="Tv Channels">
      <visible>Container(300).HasFocus(300)</visible>
      <label>19019</label>
      <onclick>ActivateWindow(TVChannels)</onclick>
    </item>
    <item id="102" description="TV Timeline">
      <visible>Container(300).HasFocus(300)</visible>
      <label>$LOCALIZE[22020]</label>
      <onclick>ActivateWindow(TVGuide)</onclick>
    </item>
    <item id="103" description="TV Recordings">
      <visible>Container(300).HasFocus(300)</visible>
      <label>19163</label>
      <onclick>ActivateWindow(TVRecordings)</onclick>
    </item>
    <item id="104" description="TV Timer">
      <visible>Container(300).HasFocus(300)</visible>
      <label>19040</label>
      <onclick>ActivateWindow(TVTimers)</onclick>
    </item>
    <item id="100" description="Radio Channels">
      <visible>Container(300).HasFocus(301)</visible>
      <label>19019</label>
      <onclick>ActivateWindow(RadioChannels)</onclick>
    </item>
    <item id="102" description="Radio Timeline">
      <visible>Container(300).HasFocus(301)</visible>
      <label>$LOCALIZE[22020]</label>
      <onclick>ActivateWindow(RadioGuide)</onclick>
    </item>
    <item id="103" description="Radio Recordings">
      <visible>Container(300).HasFocus(301)</visible>
      <label>19163</label>
      <onclick>ActivateWindow(RadioRecordings)</onclick>
    </item>
    <item id="104" description="Radio Timer">
      <visible>Container(300).HasFocus(301)</visible>
      <label>19040</label>
      <onclick>ActivateWindow(RadioTimers)</onclick>
    </item>
    <include condition="System.HasAddon(plugin.video.plexbmc)">Plexbmc.Submenu.Items</include>
  </include>
  <include name="Library_Count">
    <control type="group" description="Library stats">
      <animation effect="slide" tween="cubic" easing="inout" start="0,0" end="0,120" time="240" condition="![[[Container(300).HasFocus(13) | Container(300).HasFocus(14)] + Library.HasContent(MusicVideos)] | Container(300).HasFocus(4) | Container(300).HasFocus(5) | [Container(300).HasFocus(6) + Library.HasContent(music)]]">Conditional</animation>
      <control type="image">
        <posx>630r</posx>
        <posy>990</posy>
        <width>630</width>
        <height>90</height>
        <texture border="100,0,0,0">common/TimePanel.png</texture>
      </control>
      <control type="label">
        <posx>20r</posx>
        <posy>1033</posy>
        <height>50</height>
        <width>490</width>
        <font>ListDetails</font>
        <align>right</align>
        <label>$VAR[LibraryStats]</label>
        <shadowcolor>ShadowDark</shadowcolor>
      </control>
    </control>
  </include>
  <include name="Holiday">
    <control type="group">
      <visible>Skin.HasSetting(holiday)</visible>
      <control type="group">
        <posx>-100</posx>
        <animation effect="rotate" end="20" time="9000" delay="300" condition="true">Conditional</animation>
        <control type="image">
          <posx>40</posx>
          <posy>-180</posy>
          <width>12</width>
          <height>12</height>
          <texture>snow.png</texture>
          <aspectratio scalediffuse="false">keep</aspectratio>
          <animation effect="slide" start="0,0" end="0,820" time="11000" delay="1600" reversible="false" loop="true" condition="true">Conditional</animation>
          <animation effect="slide" start="40,0" end="-40,0" time="5300" delay="300" reversible="false" condition="true">Conditional</animation>
          <colordiffuse>C2FFFFFF</colordiffuse>
        </control>
        <control type="image">
          <posx>100</posx>
          <posy>-100</posy>
          <width>18</width>
          <height>18</height>
          <texture>snow.png</texture>
          <aspectratio scalediffuse="false">keep</aspectratio>
          <animation effect="slide" start="0,0" end="0,1020" time="8000" delay="0" reversible="false" loop="true" condition="true">Conditional</animation>
          <animation effect="slide" start="40,0" end="-20,0" time="3200" delay="300" reversible="false" condition="true">Conditional</animation>
        </control>
        <control type="image">
          <posx>200</posx>
          <posy>-40</posy>
          <width>12</width>
          <height>12</height>
          <texture>snow.png</texture>
          <aspectratio scalediffuse="false">keep</aspectratio>
          <animation effect="slide" start="0,0" end="0,1120" time="12000" delay="1300" reversible="false" loop="true" condition="true">Conditional</animation>
          <animation effect="slide" start="50,0" end="-10,0" time="4300" delay="220" reversible="false" condition="true">Conditional</animation>
        </control>
        <control type="image">
          <posx>260</posx>
          <posy>-80</posy>
          <width>15</width>
          <height>15</height>
          <texture>snow.png</texture>
          <aspectratio scalediffuse="false">keep</aspectratio>
          <animation effect="slide" start="0,0" end="0,1020" time="13000" delay="2200" reversible="false" loop="true" condition="true">Conditional</animation>
          <animation effect="slide" start="40,0" end="-30,0" time="4000" delay="200" reversible="false" condition="true">Conditional</animation>
        </control>
        <control type="image">
          <posx>390</posx>
          <posy>-210</posy>
          <width>12</width>
          <height>12</height>
          <texture>snow.png</texture>
          <aspectratio scalediffuse="false">keep</aspectratio>
          <animation effect="slide" start="0,0" end="0,1120" time="13000" delay="600" reversible="false" loop="true" condition="true">Conditional</animation>
          <animation effect="slide" start="20,0" end="-60,0" time="5300" delay="300" reversible="false" condition="true">Conditional</animation>
          <colordiffuse>C2FFFFFF</colordiffuse>
        </control>
      </control>
      <control type="group">
        <posx>100</posx>
        <animation effect="rotate" start="20" end="40" time="9000" delay="800" condition="true">Conditional</animation>
        <control type="image">
          <posx>80</posx>
          <posy>-100</posy>
          <width>20</width>
          <height>20</height>
          <texture>snow.png</texture>
          <aspectratio scalediffuse="false">keep</aspectratio>
          <animation effect="slide" start="0,0" end="0,820" time="8000" delay="1000" reversible="false" loop="true" condition="true">Conditional</animation>
          <animation effect="slide" start="40,0" end="-20,0" time="3200" delay="300" reversible="false" condition="true">Conditional</animation>
        </control>
        <control type="image">
          <posx>240</posx>
          <posy>-40</posy>
          <width>15</width>
          <height>15</height>
          <texture>snow.png</texture>
          <aspectratio scalediffuse="false">keep</aspectratio>
          <animation effect="slide" start="0,0" end="0,1020" time="8000" delay="1800" reversible="false" loop="true" condition="true">Conditional</animation>
          <animation effect="slide" start="40,0" end="-30,0" time="4000" delay="200" reversible="false" condition="true">Conditional</animation>
        </control>
        <control type="image">
          <posx>390</posx>
          <posy>-210</posy>
          <width>10</width>
          <height>10</height>
          <texture>snow.png</texture>
          <aspectratio scalediffuse="false">keep</aspectratio>
          <animation effect="slide" start="0,0" end="0,1120" time="12000" delay="1500" reversible="false" loop="true" condition="true">Conditional</animation>
          <animation effect="slide" start="20,0" end="-60,0" time="5300" delay="300" reversible="false" condition="true">Conditional</animation>
          <colordiffuse>C2FFFFFF</colordiffuse>
        </control>
      </control>
      <control type="group">
        <posx>600</posx>
        <posy>-200</posy>
        <animation effect="rotate" end="15" time="7000" delay="500" condition="true">Conditional</animation>
        <control type="image">
          <posx>20</posx>
          <posy>-60</posy>
          <width>12</width>
          <height>12</height>
          <texture>snow.png</texture>
          <aspectratio scalediffuse="false">keep</aspectratio>
          <animation effect="slide" start="0,0" end="0,1120" time="12000" delay="1300" reversible="false" loop="true" condition="true">Conditional</animation>
          <animation effect="slide" start="50,0" end="-10,0" time="4300" delay="220" reversible="false" condition="true">Conditional</animation>
        </control>
        <control type="image">
          <posx>100</posx>
          <posy>-190</posy>
          <width>18</width>
          <height>18</height>
          <texture>snow.png</texture>
          <aspectratio scalediffuse="false">keep</aspectratio>
          <animation effect="slide" start="0,0" end="0,1020" time="9000" delay="2000" reversible="false" loop="true" condition="true">Conditional</animation>
          <animation effect="slide" start="40,0" end="-50,0" time="3200" delay="300" reversible="false" condition="true">Conditional</animation>
        </control>
        <control type="image">
          <posx>260</posx>
          <posy>-80</posy>
          <width>15</width>
          <height>15</height>
          <texture>snow.png</texture>
          <aspectratio scalediffuse="false">keep</aspectratio>
          <animation effect="slide" start="0,0" end="0,1120" time="8000" delay="2300" reversible="false" loop="true" condition="true">Conditional</animation>
          <animation effect="slide" start="40,0" end="-30,0" time="4000" delay="200" reversible="false" condition="true">Conditional</animation>
        </control>
        <control type="image">
          <posx>330</posx>
          <posy>-110</posy>
          <width>12</width>
          <height>12</height>
          <texture>snow.png</texture>
          <aspectratio scalediffuse="false">keep</aspectratio>
          <animation effect="slide" start="0,0" end="0,1020" time="11000" delay="1600" reversible="false" loop="true" condition="true">Conditional</animation>
          <animation effect="slide" start="40,0" end="-40,0" time="5300" delay="300" reversible="false" condition="true">Conditional</animation>
          <colordiffuse>C2FFFFFF</colordiffuse>
        </control>
        <control type="image">
          <posx>390</posx>
          <posy>-110</posy>
          <width>10</width>
          <height>10</height>
          <texture>snow.png</texture>
          <aspectratio scalediffuse="false">keep</aspectratio>
          <animation effect="slide" start="0,0" end="0,820" time="12000" delay="2200" reversible="false" loop="true" condition="true">Conditional</animation>
          <animation effect="slide" start="-20,0" end="50,0" time="3300" delay="300" reversible="false" condition="true">Conditional</animation>
          <colordiffuse>C2FFFFFF</colordiffuse>
        </control>
      </control>
      <control type="group">
        <posx>900</posx>
        <animation effect="rotate" start="15" end="30" time="12000" delay="300" condition="true">Conditional</animation>
        <control type="image">
          <posx>100</posx>
          <posy>-200</posy>
          <width>20</width>
          <height>20</height>
          <texture>snow.png</texture>
          <aspectratio scalediffuse="false">keep</aspectratio>
          <animation effect="slide" start="0,0" end="0,1020" time="8000" delay="3000" reversible="false" loop="true" condition="true">Conditional</animation>
          <animation effect="slide" start="40,0" end="-20,0" time="3200" delay="300" reversible="false" condition="true">Conditional</animation>
        </control>
        <control type="image">
          <posx>200</posx>
          <posy>-40</posy>
          <width>12</width>
          <height>12</height>
          <texture>snow.png</texture>
          <aspectratio scalediffuse="false">keep</aspectratio>
          <animation effect="slide" start="0,0" end="0,1120" time="13000" delay="1300" reversible="false" loop="true" condition="true">Conditional</animation>
          <animation effect="slide" start="50,0" end="-10,0" time="4300" delay="220" reversible="false" condition="true">Conditional</animation>
        </control>
        <control type="image">
          <posx>260</posx>
          <posy>-80</posy>
          <width>15</width>
          <height>15</height>
          <texture>snow.png</texture>
          <aspectratio scalediffuse="false">keep</aspectratio>
          <animation effect="slide" start="0,0" end="0,820" time="8000" delay="3300" reversible="false" loop="true" condition="true">Conditional</animation>
          <animation effect="slide" start="40,0" end="-30,0" time="4000" delay="200" reversible="false" condition="true">Conditional</animation>
        </control>
        <control type="image">
          <posx>390</posx>
          <posy>-110</posy>
          <width>10</width>
          <height>10</height>
          <texture>snow.png</texture>
          <aspectratio scalediffuse="false">keep</aspectratio>
          <animation effect="slide" start="0,0" end="0,1020" time="12000" delay="3500" reversible="false" loop="true" condition="true">Conditional</animation>
          <animation effect="slide" start="20,0" end="-60,0" time="5300" delay="300" reversible="false" condition="true">Conditional</animation>
          <colordiffuse>C2FFFFFF</colordiffuse>
        </control>
      </control>
    </control>
    <control type="group">
      <posx>900</posx>
      <posy>40</posy>
      <visible>Skin.HasSetting(holiday)</visible>
      <control type="group">
        <posx>-100</posx>
        <animation effect="rotate" end="20" time="9000" delay="300" condition="true">Conditional</animation>
        <control type="image">
          <posx>40</posx>
          <posy>-180</posy>
          <width>12</width>
          <height>12</height>
          <texture>snow.png</texture>
          <aspectratio scalediffuse="false">keep</aspectratio>
          <animation effect="slide" start="0,0" end="0,820" time="11000" delay="1600" reversible="false" loop="true" condition="true">Conditional</animation>
          <animation effect="slide" start="40,0" end="-40,0" time="5300" delay="300" reversible="false" condition="true">Conditional</animation>
          <colordiffuse>C2FFFFFF</colordiffuse>
        </control>
        <control type="image">
          <posx>100</posx>
          <posy>-100</posy>
          <width>18</width>
          <height>18</height>
          <texture>snow.png</texture>
          <aspectratio scalediffuse="false">keep</aspectratio>
          <animation effect="slide" start="0,0" end="0,1020" time="8000" delay="0" reversible="false" loop="true" condition="true">Conditional</animation>
          <animation effect="slide" start="40,0" end="-20,0" time="3200" delay="300" reversible="false" condition="true">Conditional</animation>
        </control>
        <control type="image">
          <posx>200</posx>
          <posy>-40</posy>
          <width>12</width>
          <height>12</height>
          <texture>snow.png</texture>
          <aspectratio scalediffuse="false">keep</aspectratio>
          <animation effect="slide" start="0,0" end="0,1120" time="12000" delay="1300" reversible="false" loop="true" condition="true">Conditional</animation>
          <animation effect="slide" start="50,0" end="-10,0" time="4300" delay="220" reversible="false" condition="true">Conditional</animation>
        </control>
        <control type="image">
          <posx>260</posx>
          <posy>-80</posy>
          <width>15</width>
          <height>15</height>
          <texture>snow.png</texture>
          <aspectratio scalediffuse="false">keep</aspectratio>
          <animation effect="slide" start="0,0" end="0,1020" time="13000" delay="2200" reversible="false" loop="true" condition="true">Conditional</animation>
          <animation effect="slide" start="40,0" end="-30,0" time="4000" delay="200" reversible="false" condition="true">Conditional</animation>
        </control>
        <control type="image">
          <posx>390</posx>
          <posy>-210</posy>
          <width>12</width>
          <height>12</height>
          <texture>snow.png</texture>
          <aspectratio scalediffuse="false">keep</aspectratio>
          <animation effect="slide" start="0,0" end="0,1120" time="13000" delay="600" reversible="false" loop="true" condition="true">Conditional</animation>
          <animation effect="slide" start="20,0" end="-60,0" time="5300" delay="300" reversible="false" condition="true">Conditional</animation>
          <colordiffuse>C2FFFFFF</colordiffuse>
        </control>
      </control>
      <control type="group">
        <posx>100</posx>
        <animation effect="rotate" start="20" end="40" time="9000" delay="800" condition="true">Conditional</animation>
        <control type="image">
          <posx>80</posx>
          <posy>-100</posy>
          <width>20</width>
          <height>20</height>
          <texture>snow.png</texture>
          <aspectratio scalediffuse="false">keep</aspectratio>
          <animation effect="slide" start="0,0" end="0,820" time="8000" delay="1000" reversible="false" loop="true" condition="true">Conditional</animation>
          <animation effect="slide" start="40,0" end="-20,0" time="3200" delay="300" reversible="false" condition="true">Conditional</animation>
        </control>
        <control type="image">
          <posx>240</posx>
          <posy>-40</posy>
          <width>15</width>
          <height>15</height>
          <texture>snow.png</texture>
          <aspectratio scalediffuse="false">keep</aspectratio>
          <animation effect="slide" start="0,0" end="0,1020" time="8000" delay="1800" reversible="false" loop="true" condition="true">Conditional</animation>
          <animation effect="slide" start="40,0" end="-30,0" time="4000" delay="200" reversible="false" condition="true">Conditional</animation>
        </control>
        <control type="image">
          <posx>390</posx>
          <posy>-210</posy>
          <width>10</width>
          <height>10</height>
          <texture>snow.png</texture>
          <aspectratio scalediffuse="false">keep</aspectratio>
          <animation effect="slide" start="0,0" end="0,1120" time="12000" delay="1500" reversible="false" loop="true" condition="true">Conditional</animation>
          <animation effect="slide" start="20,0" end="-60,0" time="5300" delay="300" reversible="false" condition="true">Conditional</animation>
          <colordiffuse>C2FFFFFF</colordiffuse>
        </control>
      </control>
      <control type="group">
        <posx>600</posx>
        <posy>-200</posy>
        <animation effect="rotate" end="15" time="7000" delay="500" condition="true">Conditional</animation>
        <control type="image">
          <posx>20</posx>
          <posy>-60</posy>
          <width>12</width>
          <height>12</height>
          <texture>snow.png</texture>
          <aspectratio scalediffuse="false">keep</aspectratio>
          <animation effect="slide" start="0,0" end="0,1120" time="12000" delay="1300" reversible="false" loop="true" condition="true">Conditional</animation>
          <animation effect="slide" start="50,0" end="-10,0" time="4300" delay="220" reversible="false" condition="true">Conditional</animation>
        </control>
        <control type="image">
          <posx>100</posx>
          <posy>-190</posy>
          <width>18</width>
          <height>18</height>
          <texture>snow.png</texture>
          <aspectratio scalediffuse="false">keep</aspectratio>
          <animation effect="slide" start="0,0" end="0,1020" time="9000" delay="2000" reversible="false" loop="true" condition="true">Conditional</animation>
          <animation effect="slide" start="40,0" end="-50,0" time="3200" delay="300" reversible="false" condition="true">Conditional</animation>
        </control>
        <control type="image">
          <posx>260</posx>
          <posy>-80</posy>
          <width>15</width>
          <height>15</height>
          <texture>snow.png</texture>
          <aspectratio scalediffuse="false">keep</aspectratio>
          <animation effect="slide" start="0,0" end="0,1120" time="8000" delay="2300" reversible="false" loop="true" condition="true">Conditional</animation>
          <animation effect="slide" start="40,0" end="-30,0" time="4000" delay="200" reversible="false" condition="true">Conditional</animation>
        </control>
        <control type="image">
          <posx>330</posx>
          <posy>-110</posy>
          <width>12</width>
          <height>12</height>
          <texture>snow.png</texture>
          <aspectratio scalediffuse="false">keep</aspectratio>
          <animation effect="slide" start="0,0" end="0,1020" time="11000" delay="1600" reversible="false" loop="true" condition="true">Conditional</animation>
          <animation effect="slide" start="40,0" end="-40,0" time="5300" delay="300" reversible="false" condition="true">Conditional</animation>
          <colordiffuse>C2FFFFFF</colordiffuse>
        </control>
        <control type="image">
          <posx>390</posx>
          <posy>-110</posy>
          <width>10</width>
          <height>10</height>
          <texture>snow.png</texture>
          <aspectratio scalediffuse="false">keep</aspectratio>
          <animation effect="slide" start="0,0" end="0,820" time="12000" delay="2200" reversible="false" loop="true" condition="true">Conditional</animation>
          <animation effect="slide" start="-20,0" end="50,0" time="3300" delay="300" reversible="false" condition="true">Conditional</animation>
          <colordiffuse>C2FFFFFF</colordiffuse>
        </control>
      </control>
      <control type="group">
        <posx>900</posx>
        <animation effect="rotate" start="15" end="30" time="12000" delay="300" condition="true">Conditional</animation>
        <control type="image">
          <posx>100</posx>
          <posy>-200</posy>
          <width>20</width>
          <height>20</height>
          <texture>snow.png</texture>
          <aspectratio scalediffuse="false">keep</aspectratio>
          <animation effect="slide" start="0,0" end="0,1020" time="8000" delay="3000" reversible="false" loop="true" condition="true">Conditional</animation>
          <animation effect="slide" start="40,0" end="-20,0" time="3200" delay="300" reversible="false" condition="true">Conditional</animation>
        </control>
        <control type="image">
          <posx>200</posx>
          <posy>-40</posy>
          <width>12</width>
          <height>12</height>
          <texture>snow.png</texture>
          <aspectratio scalediffuse="false">keep</aspectratio>
          <animation effect="slide" start="0,0" end="0,1120" time="13000" delay="1300" reversible="false" loop="true" condition="true">Conditional</animation>
          <animation effect="slide" start="50,0" end="-10,0" time="4300" delay="220" reversible="false" condition="true">Conditional</animation>
        </control>
        <control type="image">
          <posx>260</posx>
          <posy>-80</posy>
          <width>15</width>
          <height>15</height>
          <texture>snow.png</texture>
          <aspectratio scalediffuse="false">keep</aspectratio>
          <animation effect="slide" start="0,0" end="0,920" time="8000" delay="3300" reversible="false" loop="true" condition="true">Conditional</animation>
          <animation effect="slide" start="40,0" end="-30,0" time="4000" delay="200" reversible="false" condition="true">Conditional</animation>
        </control>
        <control type="image">
          <posx>390</posx>
          <posy>-110</posy>
          <width>10</width>
          <height>10</height>
          <texture>snow.png</texture>
          <aspectratio scalediffuse="false">keep</aspectratio>
          <animation effect="slide" start="0,0" end="0,1020" time="12000" delay="3500" reversible="false" loop="true" condition="true">Conditional</animation>
          <animation effect="slide" start="20,0" end="-60,0" time="5300" delay="300" reversible="false" condition="true">Conditional</animation>
          <colordiffuse>C2FFFFFF</colordiffuse>
        </control>
      </control>
    </control>
  </include>
  <include name="MediaFlags">
    <control type="grouplist" description="Flags">
      <visible>!ListItem.IsFolder</visible>
      <width min="90" max="650">auto</width>
      <height>120</height>
      <itemgap>30</itemgap>
      <orientation>horizontal</orientation>
      <align>left</align>
      <aligny>bottom</aligny>
      <control type="image">
        <visible>!IsEmpty(ListItem.AudioCodec)</visible>
        <height>45</height>
        <width>90</width>
        <bordersize>3</bordersize>
        <aspectratio>keep</aspectratio>
        <colordiffuse>Silver</colordiffuse>
        <texture>$INFO[ListItem.AudioCodec,badges/audio/,.png]</texture>
      </control>
      <control type="image">
        <visible>!IsEmpty(ListItem.AudioChannels)</visible>
        <height>45</height>
        <width>90</width>
        <bordersize>3</bordersize>
        <aspectratio>keep</aspectratio>
        <colordiffuse>Silver</colordiffuse>
        <texture>$INFO[ListItem.AudioChannels,badges/channels,.png]</texture>
      </control>
      <control type="image">
        <visible>!IsEmpty(ListItem.VideoCodec)</visible>
        <height>45</height>
        <width>90</width>
        <bordersize>3</bordersize>
        <aspectratio>keep</aspectratio>
        <colordiffuse>Silver</colordiffuse>
        <texture>$INFO[ListItem.VideoCodec,badges/video/,.png]</texture>
      </control>
      <control type="image">
        <visible>!IsEmpty(ListItem.VideoResolution) + IntegerGreaterThan(ListItem.VideoResolution,710)</visible>
        <height>45</height>
        <width>90</width>
        <posx>0</posx>
        <posy>0</posy>
        <bordersize>3</bordersize>
        <aspectratio>keep</aspectratio>
        <colordiffuse>Silver</colordiffuse>
        <texture>$INFO[ListItem.VideoResolution,badges/video/,.png]</texture>
      </control>
			<control type="image">
        <visible>Container.Content(Movies) | Container.Content(Episodes) | Container.Content(MusicVideos)</visible>
				<visible>ListItem.IsStereoscopic</visible>
        <height>45</height>
        <width>90</width>
        <posx>0</posx>
        <posy>0</posy>
        <bordersize>3</bordersize>
        <aspectratio>keep</aspectratio>
        <colordiffuse>Silver</colordiffuse>
        <texture>badges/video/3d.png</texture>
      </control>
    </control>
  </include>
</includes>
