<!--XunityChronos -->
<window id="604">
	<defaultcontrol always="true">29</defaultcontrol>
	<controls>

		<!--Dialog Overlay -->	
		<include>DialogOverlay</include>

		<!--Dialog PVR Group Manager -->
		<control type="group">
			<animation type="WindowOpen" condition="Window.IsVisible(DialogPVRChannelManager.xml)" reversible="false">
				<effect type="fade" start="0" end="100" time="0" delay="300" />
			</animation>
			<control type="group">
				<include>animation_dialog</include>
				<visible>!Window.IsVisible(virtualkeyboard) + !Window.IsVisible(FileBrowser) + !Window.IsVisible(yesnodialog) + !Window.IsVisible(okdialog)</visible>

				<!--Panel -->
				<control type="image">
					<posx>920</posx>
					<posy>166</posy>
					<width>80</width>
					<height>60</height>
					<texture>dialogs/default/arrow.png</texture>
				</control>
				<control type="image">
					<posx>307</posx>
					<posy>186</posy>
					<width>1296</width>
					<height>708</height>
					<texture border="39">dialogs/default/bg.png</texture>
				</control>

				<!-- Header -->	
				<control type="label">               
					<posx>473</posx>
					<posy>120</posy>
					<width>974</width>
					<include>DialogHeader</include>
					<label>$LOCALIZE[19143]</label>	               
					<align>center</align>
				</control>

				<control type="group">		<!--LEFT: Group List -->	            	
					<posx>341</posx>
					<posy>220</posy>
					<control type="label">	            	  
						<posx>0</posx>
						<posy>0</posy>
						<width>400</width>
						<height>34</height>
						<align>left</align>
						<textoffsetx>20</textoffsetx>
						<label>$LOCALIZE[42180]</label>
						<include>DialogButton</include>
					</control>
					<control type="image">
						<posx>0</posx>
						<posy>40</posy>
						<width>400</width>
						<height>601</height>
						<texture border="5">dialogs/default/inner.png</texture>
					</control>
					<control type="list" id="13">
						<posx>0</posx>
						<posy>40</posy>
						<width>400</width>
						<height>600</height>
						<onleft>29</onleft>
						<onright>60</onright>
						<onup>13</onup>
						<ondown>13</ondown>
						<scrolltime tween="cubic" easing="out">500</scrolltime>
						<pagecontrol>60</pagecontrol>
						<itemlayout height="60">
							<control type="image">
								<posx>0</posx>
								<posy>1</posy>
								<width>400</width>
								<height>60</height>
								<texture>dialogs/default/separator.png</texture>
							</control>
							<control type="label">
								<posx>20</posx>
								<posy>0</posy>
								<width>360</width>
								<height>60</height>
								<info>ListItem.Label</info>
								<include>DialogListNF</include>	                           
							</control>							
						</itemlayout>
						<focusedlayout height="60">
							<control type="group">
								<visible>!Control.HasFocus(13)</visible>	                          
								<control type="image">
									<posx>0</posx>
									<posy>1</posy>
									<width>400</width>
									<height>60</height>
									<texture>dialogs/default/separator.png</texture>
								</control>
								<control type="label">
									<posx>20</posx>
									<posy>0</posy>
									<width>310</width>
									<height>60</height>
									<info>ListItem.Label</info>
									<include>DialogListNF</include>
								</control>
								<control type="image">
									<posx>335</posx>
									<posy>0</posy>
									<width>60</width>
									<height>60</height>
									<texture>dialogs/select/selected.png</texture>
								</control>
							</control>
							<control type="group">
								<visible>Control.HasFocus(13)</visible>	                            
								<control type="image">
									<posx>0</posx>
									<posy>0</posy>
									<width>400</width>
									<height>60</height>
									<texture border="2">dialogs/default/highlight.png</texture>
								</control>
								<control type="label">
									<posx>20</posx>
									<posy>0</posy>
									<width>360</width>
									<height>60</height>
									<info>ListItem.Label</info>
									<include>DialogListFO</include>
								</control>								
							</control>
						</focusedlayout>
					</control>
					<control type="image" id="62">
						<animation effect="fade" start="100" end="0" time="0" delay="1500">WindowOpen</animation>
					</control>
					<control type="image" id="61">
						<animation effect="fade" start="0" end="100" time="0">Visible</animation>
						<animation effect="fade" start="100" end="0" time="0">Hidden</animation>
						<visible>Control.HasFocus(60) | !Control.IsVisible(62)</visible>
					</control>
					<control type="image" id="61">
						<animation effect="fade" start="0" end="100" time="0">Visible</animation>
						<animation effect="fade" start="100" end="0" time="0" delay="1500">Hidden</animation>
						<visible>!Control.HasFocus(60) + [Container(13).Scrolling | Container(13).OnScrollNext | Container(13).OnScrollPrevious]</visible>
					</control>
					<control type="scrollbar" id="60">
						<posx>386</posx>
						<posy>43</posy>
						<width>11</width>
						<height>594</height>
						<texturesliderbackground>-</texturesliderbackground>
						<texturesliderbar border="0,6,0,6">dialogs/default/scrollbar.png</texturesliderbar>
						<texturesliderbarfocus border="0,6,0,6">dialogs/default/scrollbar.png</texturesliderbarfocus>
						<textureslidernib>-</textureslidernib>
						<textureslidernibfocus>-</textureslidernibfocus>
						<onleft>13</onleft>
						<onright>11</onright>
						<ondown>60</ondown>
						<onup>60</onup>
						<showonepage>false</showonepage>
						<orientation>vertical</orientation>
						<animation effect="fade" start="75" end="0" time="300" tween="sine" easing="inout" condition="!Control.IsVisible(61)">Conditional</animation>
					</control>
				</control>
				<control type="group">		<!--MIDDLE: Channels List -->	            	
					<posx>755</posx>
					<posy>220</posy>
					<control type="label" id="21">
						<description>Name label</description>
						<posx>0</posx>
						<posy>0</posy>
						<width>400</width>
						<height>34</height>
						<align>left</align>
						<textoffsetx>20</textoffsetx>
						<include>DialogButton</include>
					</control>
					<control type="image">
						<posx>0</posx>
						<posy>40</posy>
						<width>400</width>
						<height>601</height>
						<texture border="5">dialogs/default/inner.png</texture>
					</control>
					<control type="list" id="11">
						<posx>0</posx>
						<posy>40</posy>
						<width>400</width>
						<height>600</height>                	    
						<onleft>60</onleft>
						<onright>70</onright>
						<onup>11</onup>
						<ondown>11</ondown>
						<scrolltime tween="cubic" easing="out">500</scrolltime>
						<pagecontrol>70</pagecontrol>
						<itemlayout height="60">
							<control type="image">
								<posx>0</posx>
								<posy>1</posy>
								<width>400</width>
								<height>60</height>
								<texture>dialogs/default/separator.png</texture>
							</control>	                     
							<control type="label">
								<posx>70</posx>
								<posy>0</posy>
								<width>310</width>
								<height>60</height>
								<label>$INFO[ListItem.ChannelNumber,(,) ]$INFO[ListItem.ChannelName]</label>
								<include>DialogLabel</include>	 
							</control>
							<control type="image">
								<posx>10</posx>
								<posy>10</posy>
								<width>40</width>
								<height>40</height>
								<texture background="true">$INFO[ListItem.Icon]</texture>
							</control>
						</itemlayout>
						<focusedlayout height="60">
							<control type="group">
								<visible>!Control.HasFocus(11)</visible>	                          
								<control type="image">
									<posx>0</posx>
									<posy>1</posy>
									<width>400</width>
									<height>60</height>
									<texture>dialogs/default/separator.png</texture>
								</control>
								<control type="label">
									<posx>70</posx>
									<posy>0</posy>
									<width>260</width>
									<height>60</height>
									<label>$INFO[ListItem.ChannelNumber,(,) ]$INFO[ListItem.ChannelName]</label>
									<include>DialogListNF</include>	 
								</control>
								<control type="image">
									<posx>10</posx>
									<posy>10</posy>
									<width>40</width>
									<height>40</height>
									<texture background="true">$INFO[ListItem.Icon]</texture>
								</control>
								<control type="image">
									<posx>335</posx>
									<posy>0</posy>
									<width>60</width>
									<height>60</height>
									<texture>dialogs/select/selected.png</texture>
								</control>								
							</control>
							<control type="group">
								<visible>Control.HasFocus(11)</visible>	                           
								<control type="image">
									<posx>0</posx>
									<posy>0</posy>
									<width>400</width>
									<height>60</height>
									<texture border="2">dialogs/default/highlight.png</texture>
								</control>
								<control type="label">
									<posx>70</posx>
									<posy>0</posy>
									<width>310</width>
									<height>60</height>
									<label>$INFO[ListItem.ChannelNumber,(,) ]$INFO[ListItem.ChannelName]</label>
									<include>DialogListFO</include>	 
								</control>
								<control type="image">
									<posx>10</posx>
									<posy>10</posy>
									<width>40</width>
									<height>40</height>
									<texture background="true">$INFO[ListItem.Icon]</texture>
								</control>
							</control>	                        
						</focusedlayout>
					</control>
					<control type="image" id="72">
						<animation effect="fade" start="100" end="0" time="0" delay="1500">WindowOpen</animation>
					</control>
					<control type="image" id="71">
						<animation effect="fade" start="0" end="100" time="0">Visible</animation>
						<animation effect="fade" start="100" end="0" time="0">Hidden</animation>
						<visible>Control.HasFocus(70) | !Control.IsVisible(72)</visible>
					</control>
					<control type="image" id="71">
						<animation effect="fade" start="0" end="100" time="0">Visible</animation>
						<animation effect="fade" start="100" end="0" time="0" delay="1500">Hidden</animation>
						<visible>!Control.HasFocus(70) + [Container(11).Scrolling | Container(11).OnScrollNext | Container(11).OnScrollPrevious]</visible>
					</control>
					<control type="scrollbar" id="70">
						<posx>386</posx>
						<posy>43</posy>
						<width>11</width>
						<height>594</height>
						<texturesliderbackground>-</texturesliderbackground>
						<texturesliderbar border="0,6,0,6">dialogs/default/scrollbar.png</texturesliderbar>
						<texturesliderbarfocus border="0,6,0,6">dialogs/default/scrollbar.png</texturesliderbarfocus>
						<textureslidernib>-</textureslidernib>
						<textureslidernibfocus>-</textureslidernibfocus>
						<onleft>11</onleft>
						<onright>12</onright>
						<ondown>70</ondown>
						<onup>70</onup>
						<showonepage>false</showonepage>
						<orientation>vertical</orientation>
						<animation effect="fade" start="75" end="0" time="300" tween="sine" easing="inout" condition="!Control.IsVisible(71)">Conditional</animation>
					</control>
				</control>
				<control type="group">		<!--RIGHT: Grouped Channels List -->	            	
					<posx>1169</posx>
					<posy>220</posy>
					<control type="label" id="22">
						<description>Name label</description>
						<posx>0</posx>
						<posy>0</posy>
						<width>400</width>
						<height>34</height>
						<align>left</align>
						<textoffsetx>20</textoffsetx>
						<include>DialogButton</include>
					</control>
					<control type="image">
						<posx>0</posx>
						<posy>40</posy>
						<width>400</width>
						<height>601</height>
						<texture border="5">dialogs/default/inner.png</texture>
					</control>
					<control type="list" id="12">
						<posx>0</posx>
						<posy>40</posy>
						<width>400</width>
						<height>600</height>                	    
						<onleft>70</onleft>
						<onright>80</onright>
						<onup>12</onup>
						<ondown>12</ondown>
						<scrolltime tween="cubic" easing="out">500</scrolltime>
						<pagecontrol>80</pagecontrol>
						<itemlayout height="60">
							<control type="image">
								<posx>0</posx>
								<posy>1</posy>
								<width>400</width>
								<height>60</height>
								<texture>dialogs/default/separator.png</texture>
							</control>	                       
							<control type="label">
								<posx>70</posx>
								<posy>0</posy>
								<width>310</width>
								<height>60</height>
								<label>$INFO[ListItem.ChannelNumber,(,) ]$INFO[ListItem.ChannelName]</label>
								<include>DialogListNF</include>	  
							</control>
							<control type="image">
								<posx>10</posx>
								<posy>10</posy>
								<width>40</width>
								<height>40</height>
								<texture background="true">$INFO[ListItem.Icon]</texture>
							</control>
						</itemlayout>
						<focusedlayout height="60">
							<control type="group">
								<visible>!Control.HasFocus(12)</visible>	                        
								<control type="image">
									<posx>0</posx>
									<posy>1</posy>
									<width>400</width>
									<height>60</height>
									<texture>dialogs/default/separator.png</texture>
								</control>
								<control type="label">
									<posx>70</posx>
									<posy>0</posy>
									<width>260</width>
									<height>60</height>
									<label>$INFO[ListItem.ChannelNumber,(,) ]$INFO[ListItem.ChannelName]</label>
									<include>DialogListNF</include>	  
								</control>
								<control type="image">
									<posx>10</posx>
									<posy>10</posy>
									<width>40</width>
									<height>40</height>
									<texture background="true">$INFO[ListItem.Icon]</texture>
								</control>
								<control type="image">
									<posx>335</posx>
									<posy>0</posy>
									<width>60</width>
									<height>60</height>
									<texture>dialogs/select/selected.png</texture>
								</control>
							</control>
							<control type="group">
								<visible>Control.HasFocus(12)</visible>	                          
								<control type="image">
									<posx>0</posx>
									<posy>0</posy>
									<width>400</width>
									<height>60</height>
									<texture border="2">dialogs/default/highlight.png</texture>
								</control>
								<control type="label">
									<posx>70</posx>
									<posy>0</posy>
									<width>310</width>
									<height>60</height>
									<label>$INFO[ListItem.ChannelNumber,(,) ]$INFO[ListItem.ChannelName]</label>
									<include>DialogListFO</include>	  
								</control>
								<control type="image">
									<posx>10</posx>
									<posy>10</posy>
									<width>40</width>
									<height>40</height>
									<texture background="true">$INFO[ListItem.Icon]</texture>
								</control>
							</control>	                       
						</focusedlayout>
					</control>
					<control type="image" id="82">
						<animation effect="fade" start="100" end="0" time="0" delay="1500">WindowOpen</animation>
					</control>
					<control type="image" id="81">
						<animation effect="fade" start="0" end="100" time="0">Visible</animation>
						<animation effect="fade" start="100" end="0" time="0">Hidden</animation>
						<visible>Control.HasFocus(80) | !Control.IsVisible(82)</visible>
					</control>
					<control type="image" id="81">
						<animation effect="fade" start="0" end="100" time="0">Visible</animation>
						<animation effect="fade" start="100" end="0" time="0" delay="1500">Hidden</animation>
						<visible>!Control.HasFocus(80) + [Container(12).Scrolling | Container(12).OnScrollNext | Container(12).OnScrollPrevious]</visible>
					</control>
					<control type="scrollbar" id="80">
						<posx>386</posx>
						<posy>43</posy>
						<width>11</width>
						<height>594</height>
						<texturesliderbackground>-</texturesliderbackground>
						<texturesliderbar border="0,6,0,6">dialogs/default/scrollbar.png</texturesliderbar>
						<texturesliderbarfocus border="0,6,0,6">dialogs/default/scrollbar.png</texturesliderbarfocus>
						<textureslidernib>-</textureslidernib>
						<textureslidernibfocus>-</textureslidernibfocus>
						<onleft>12</onleft>
						<onright>26</onright>
						<ondown>80</ondown>
						<onup>80</onup>
						<showonepage>false</showonepage>
						<orientation>vertical</orientation>
						<animation effect="fade" start="75" end="0" time="300" tween="sine" easing="inout" condition="!Control.IsVisible(81)">Conditional</animation>
					</control>
				</control>

				<control type="grouplist" id="9000">	<!--Button Grouplist -->
					<posx>350</posx>
					<posy>856</posy>
					<width>1600</width>
					<height>100</height>
					<itemgap>-50</itemgap>
					<align>left</align>
					<orientation>horizontal</orientation>
					<onleft>72</onleft>
					<onright>13</onright>
					<onup>13</onup>
					<ondown>13</ondown>
					<control type="button" id="26"><!--Add -->
						<width>360</width>
						<height>100</height>
						<align>left</align>	
						<textoffsetx>100</textoffsetx> 	
						<label>$LOCALIZE[15019]</label>						
						<include>DialogButtonOKCancel</include>						
						<pulseonselect>false</pulseonselect>
						<texturefocus border="100,0,0,0">common/folder-fo.png</texturefocus><!-- left,top,right,bottom -->
						<texturenofocus border="100,0,0,0">common/folder-nf.png</texturenofocus>						
						<animation effect="fade" start="100" end="75" time="0" condition="!Control.IsEnabled(26)">Conditional</animation>
					</control>
					<control type="button" id="27"><!--Rename -->
						<width>400</width>
						<height>100</height>
						<align>left</align>	
						<textoffsetx>100</textoffsetx> 	
						<label>$LOCALIZE[118]</label>
						<include>DialogButtonOKCancel</include>
						<texturefocus border="100,0,0,0">common/edit-fo.png</texturefocus>
						<texturenofocus border="100,0,0,0">common/edit-nf.png</texturenofocus>						
						<animation effect="fade" start="100" end="75" time="0" condition="!Control.IsEnabled(27)">Conditional</animation>
					</control>
					<control type="button" id="28"><!--Delete -->
						<width>320</width>
						<height>100</height>
						<align>left</align>	
						<textoffsetx>100</textoffsetx> 	
						<label>$LOCALIZE[117]</label>
						<include>DialogButtonOKCancel</include>
						<texturefocus border="100,0,0,0">common/cancel-fo.png</texturefocus>
						<texturenofocus border="100,0,0,0">common/cancel-nf.png</texturenofocus>						
						<animation effect="fade" start="100" end="75" time="0" condition="!Control.IsEnabled(28)">Conditional</animation>
					</control>
					<control type="button" id="29"><!--Select -->	
						<width>350</width>
						<height>100</height>
						<align>left</align>	
						<textoffsetx>100</textoffsetx> 	
						<label>$LOCALIZE[424]</label>
						<include>DialogButtonOKCancel</include>
						<texturefocus border="100,0,0,0">common/select-fo.png</texturefocus>
						<texturenofocus border="100,0,0,0">common/select-nf.png</texturenofocus>					
						<animation effect="fade" start="100" end="75" time="0" condition="!Control.IsEnabled(29)">Conditional</animation>
					</control>
				</control>
				<control type="label" id="20">			<!--Fake Label used to pass on name label -->					
					<visible>false</visible>
				</control>
			</control>
		</control>

	</controls>
</window>