<!--XunityChronos -->
<window id="10140">
	<defaultcontrol always="true">9</defaultcontrol>
	<allowoverlay>yes</allowoverlay>

	<controls>

		<!--Dialog Overlay -->	
		<include>DialogOverlay</include>

		<!--Dialog Addon Settings -->
		<control type="group">
			<include>animation_dialog</include>
			<visible>!Window.IsVisible(virtualkeyboard) + !Window.IsVisible(filebrowser) + !Window.IsVisible(selectdialog) + !Window.IsVisible(DialogSelect.xml) + !Window.IsVisible(progressdialog) + !Window.IsVisible(textviewer)</visible>

			<!--Panel -->
			<control type="image">
				<posx>920</posx>
				<posy>249</posy>
				<width>80</width>
				<height>60</height>
				<texture>dialogs/default/arrow.png</texture>
			</control>
			<control type="image">
				<posx>284</posx>
				<posy>269</posy>
				<width>1352</width>
				<height>541</height>
				<texture border="39">dialogs/default/bg.png</texture>
			</control>   
			
			<!--Header -->
			<control type="label" id="20">			
				<description>Heading</description>
				<posx>560</posx>
				<posy>205</posy>
				<width>800</width>
				<label>-</label>
				<align>center</align>
				<include>DialogHeader</include>
			</control>
			
			<control type="group" id="8003">
				<!-- left group -->
				<control type="group">
					<posx>318</posx>
					<posy>303</posy>
					<control type="image">
						<posx>0</posx>
						<posy>0</posy>
						<width>310</width>
						<height>473</height>
						<texture border="5">dialogs/default/inner-white.png</texture>
					</control>
					<control type="grouplist" id="9">
						<description>button area</description>
						<posx>0</posx>
						<posy>0</posy>
						<width>310</width>
						<height>473</height>
						<itemgap>-1</itemgap>
						<onleft>8004</onleft>
						<onright>2</onright>
						<onup>9</onup>
						<ondown>9</ondown>
						<scrolltime>0</scrolltime>
					</control>
					<control type="button" id="13">
						<width>310</width>
						<height>60</height>
						<align>right</align>
						<textoffsetx>20</textoffsetx>		
						<include>DialogButton</include>
						<texturefocus border="2">dialogs/default/highlight.png</texturefocus>
						<texturenofocus>dialogs/default/separator.png</texturenofocus>
					</control>
				</control>
				<!-- right group -->
				<control type="group" >
					<posx>642</posx>
					<posy>303</posy>
					<control type="image">
						<posx>0</posx>
						<posy>0</posy>
						<width>960</width>
						<height>473</height>
						<texture border="5">dialogs/default/inner-white.png</texture>
					</control>
					<control type="grouplist" id="2">
						<description>control area</description>
						<posx>0</posx>
						<posy>0</posy>
						<width>960</width>
						<height>473</height>
						<itemgap>-1</itemgap>
						<pagecontrol>30</pagecontrol>
						<onleft>9</onleft>
						<onright>30</onright>
						<onup>2</onup>
						<ondown>2</ondown>
						<scrolltime tween="cubic" easing="out">500</scrolltime>
					</control>						
				</control>
			</control>

			<control type="button" id="3">
				<description>default</description>
				<height>60</height>				
				<align>left</align>	
				<textoffsetx>20</textoffsetx>		
				<include>DialogButton</include>
				<texturefocus border="2">dialogs/default/highlight.png</texturefocus>
				<texturenofocus>dialogs/default/separator.png</texturenofocus>
			</control>
			<control type="radiobutton" id="4">
				<description>radioButton</description>
				<height>60</height>
				<align>left</align>	
				<textoffsetx>20</textoffsetx>			
				<textwidth>844</textwidth>
				<radioposx>852</radioposx>	
				<include>DialogButton</include>
				<textureradioon>common/radio/radio-light-fo.png</textureradioon>
				<textureradiooff>common/radio/radio-light-nf.png</textureradiooff>
				<texturefocus border="2">dialogs/default/highlight.png</texturefocus>
				<texturenofocus>dialogs/default/separator.png</texturenofocus>
			</control>
			<control type="spincontrolex" id="5">
				<description>Directory Content</description>
				<height>60</height>
				<align>left</align>				
				<spinposx>5</spinposx>	
				<textoffsetx>20</textoffsetx>				
				<include>DialogButton</include>				
				<textureup>common/spinctrl/arrow-light-up-nf.png</textureup>
				<texturedown>common/spinctrl/arrow-light-down-nf.png</texturedown>
				<textureupfocus>common/spinctrl/arrow-light-up-fo.png</textureupfocus>
				<texturedownfocus>common/spinctrl/arrow-light-down-fo.png</texturedownfocus>
				<texturefocus border="2">dialogs/default/highlight.png</texturefocus>
				<texturenofocus>dialogs/default/separator.png</texturenofocus>				
			</control>
			<control type="label" id="7">
				<description>Default Label</description>
				<height>60</height>
				<align>left</align>
				<aligny>top</aligny>				
				<textoffsetx>20</textoffsetx>
				<textoffsety>14</textoffsety>
				<include>DialogLabel</include>
			</control>
			<control type="sliderex" id="8">
				<description>Default Slider</description>
				<posx>0</posx>
				<posy>0</posy>
				<height>60</height>
				<align>left</align>
				<textoffsetx>20</textoffsetx>
				<include>DialogButton</include>				
				<texturefocus border="2">dialogs/default/highlight.png</texturefocus>
				<texturenofocus>dialogs/default/separator.png</texturenofocus>
				<sliderwidth>150</sliderwidth>
				<sliderheight>28</sliderheight>
				<texturesliderbar>dialogs/mediasource/slider-back.png</texturesliderbar>
				<textureslidernib>dialogs/mediasource/slider-nib-nf.png</textureslidernib>
				<textureslidernibfocus>dialogs/mediasource/slider-nib-fo.png</textureslidernibfocus>				
				<pulseonselect>false</pulseonselect>
			</control>
			<control type="image" id="6">
				<width>300</width>
				<height>1</height>
				<visible>false</visible>
			</control>
			<control type="image" id="31">
				<animation effect="fade" start="0" end="100" time="0">Visible</animation>
				<animation effect="fade" start="100" end="0" time="0">Hidden</animation>
				<visible>Control.HasFocus(30)</visible>
			</control>
			<control type="scrollbar" id="30">
				<posx>1589</posx>
				<posy>305</posy>
				<width>11</width>
				<height>467</height>
				<texturesliderbackground>-</texturesliderbackground>
				<texturesliderbar border="0,6,0,6">dialogs/default/scrollbar.png</texturesliderbar>
				<texturesliderbarfocus border="0,6,0,6">dialogs/default/scrollbar.png</texturesliderbarfocus>
				<textureslidernib>-</textureslidernib>
				<textureslidernibfocus>-</textureslidernibfocus>
				<onleft>2</onleft>
				<onright>8004</onright>
				<showonepage>false</showonepage>
				<orientation>vertical</orientation>
				<animation effect="fade" start="75" end="0" time="300" tween="sine" easing="inout" condition="!Control.IsVisible(31)">Conditional</animation>
			</control>

			<control type="group" id="8004">
				<posx>628</posx>
				<posy>772</posy>
				<control type="button" id="10">
					<description>OK</description>
					<label>OK</label>	
					<align>left</align>	
					<textoffsetx>100</textoffsetx> 
					<width>350</width>
					<height>100</height>
					<texturefocus>common/select-fo.png</texturefocus>
					<texturenofocus>common/select-nf.png</texturenofocus>
					<include>DialogButtonOKCancel</include>
					<onleft>12</onleft>
					<onright>11</onright>
					<onup>8003</onup>
					<ondown>8003</ondown>
					<animation effect="fade" start="100" end="75" time="0" condition="!Control.IsEnabled(10)">Conditional</animation>
				</control>
				<control type="button" id="11">
					<posx>200</posx>
					<align>left</align>	
					<description>Cancel</description>
					<label>$LOCALIZE[222]</label>	
					<textoffsetx>100</textoffsetx> 
					<width>350</width>
					<height>100</height>
					<texturefocus>common/cancel-fo.png</texturefocus>
					<texturenofocus>common/cancel-nf.png</texturenofocus>
					<include>DialogButtonOKCancel</include>
					<onleft>10</onleft>
					<onright>12</onright>
					<onup>8003</onup>
					<ondown>8003</ondown>
					<animation effect="fade" start="100" end="75" time="0" condition="!Control.IsEnabled(11)">Conditional</animation>
				</control>
				<control type="button" id="12">
					<posx>740</posx>
					<align>left</align>	
					<description>Defaults</description>
					<label>$LOCALIZE[409]</label>						
					<textoffsetx>100</textoffsetx> 
					<width>350</width>
					<height>100</height>
					<texturefocus>common/options-fo.png</texturefocus>
					<texturenofocus>common/options-nf.png</texturenofocus>
					<include>DialogButtonOKCancel</include>
					<onleft>11</onleft>
					<onright>10</onright>
					<onup>8003</onup>
					<ondown>8003</ondown>
					<animation effect="fade" start="100" end="75" time="0" condition="!Control.IsEnabled(12)">Conditional</animation>
				</control>
			</control>
		</control>

	</controls>

</window>
