<!--XunityChronos -->
<window id="104">
	<defaultcontrol always="true">-</defaultcontrol>
	<allowoverlay>yes</allowoverlay>
	
    <zorder>10</zorder>
    <controls>
        <control type="group">  
			
			<include>animation_static_dialog</include>		
		
            <animation type="WindowOpen">
                <effect type="fade" start="0" end="100" time="300" tween="sine" easing="inout" />
                <effect type="zoom" start="200" end="100" time="300" center="960,540" tween="sine" easing="inout" />
            </animation>
            <animation type="WindowClose" condition="!Window.IsActive(mutebug)">
                <effect type="fade" start="100" end="0" time="300" tween="sine" easing="inout" />
                <effect type="zoom" start="100" end="50" time="300" center="960,540" tween="sine" easing="inout" />
            </animation>
            <animation type="WindowClose" condition="Window.IsActive(mutebug)">
                <effect type="fade" start="100" end="0" time="300" delay="2000" tween="sine" easing="inout" />
                <effect type="zoom" start="100" end="50" time="300" delay="2000" center="960,540" tween="sine" easing="inout" />
            </animation>
           
            <control type="image">
				<visible>!substring(Player.Volume,-60.0)</visible>   
                <posx>770</posx>
                <posy>350</posy>
                <width>380</width>
                <height>380</height>
                <texture>dialogs/volume/back.png</texture>
                <aspectratio>stretch</aspectratio>
            </control>
			
            <control type="group">
                <visible>!substring(Player.Volume,-60.0)</visible>             
                <control type="image">
                    <posx>800</posx>
                    <posy>380</posy>
                    <width>320</width>
                    <height>320</height>
                    <texture>dialogs/volume/volume.png</texture>
                </control>
                <control type="progress" id="1">
                    <description>Progressbar</description>
                    <posx>822</posx>
                    <posy>658</posy>
                    <width>276</width>
                    <height>22</height>
                    <info>Player.Volume</info>
                    <lefttexture>-</lefttexture>
                    <midtexture border="8">dialogs/volume/volume-bar-mid.png</midtexture>
                    <righttexture>-</righttexture>
                    <texturebg>dialogs/volume/volume-bar-back.png</texturebg>
                </control>
            </control>          
				
        </control>
      
    </controls>
</window>