<!--XunityChronos -->
<window id="2000">
	<defaultcontrol always="true">3</defaultcontrol>
	<allowoverlay>yes</allowoverlay>
	<zorder>2</zorder> <!--Normal "1" over DialogVideoInfo.xml -->

	<controls>

		<!--Dialog Overlay -->	
		<include>DialogOverlay</include>

		<!--Dialog Select -->
		<control type="group">
			<include>animation_dialog</include>
			<visible>!Window.IsVisible(yesnodialog) + !Window.IsVisible(virtualkeyboard) + !Window.IsVisible(numericinput) + ![Window.IsVisible(script-LibraryEditor-genre.xml) + IsEmpty(Window.Property(ShowDialog))] + !Window.IsVisible(script-LibraryEditor-dialogs.xml)</visible>

			<!--Header -->
			<control type="label" id="1">
				<description>Heading</description>
				<posx>473</posx>
				<posy>200</posy>
				<width>974</width>			
				<label>-</label>
				<include>DialogHeader</include>
				<align>center</align>
			</control>

			<!--Panel -->
			<control type="image"><!--Arrow -->
				<posx>920</posx>
				<posy>246</posy>
				<width>80</width>
				<height>60</height>
				<texture>dialogs/default/arrow.png</texture>
			</control>
			<control type="group"><!--Container 3 Small -->
				<visible>Control.IsVisible(3)</visible>
				<control type="image">
					<posx>604</posx>
					<posy>266</posy>
					<width>712</width>
					<height>548</height>
					<texture border="39">dialogs/default/bg.png</texture>
				</control>
				<control type="image">
					<posx>638</posx>
					<posy>300</posy>
					<width>644</width>
					<height>481</height>
					<texture border="5">dialogs/default/inner-white.png</texture>
				</control>
			</control>
			<control type="group"><!--Container 6 Big -->
				<visible>Control.IsVisible(6)</visible>
				<control type="image">
					<posx>387</posx>
					<posy>266</posy>
					<width>1146</width>
					<height>548</height>
					<texture border="39">dialogs/default/bg.png</texture>
				</control>
				<control type="image">
					<posx>421</posx>
					<posy>300</posy>
					<width>644</width>
					<height>481</height>
					<texture border="5">dialogs/default/inner-white.png</texture>
				</control>
				<control type="image">
					<posx>1079</posx>
					<posy>300</posy>
					<width>420</width>
					<height>421</height>
					<texture border="5">dialogs/default/inner-dark.png</texture>
				</control>
				<control type="image">
					<posx>1079</posx>
					<posy>719</posy>
					<width>420</width>
					<height>62</height>
					<texture border="5">dialogs/default/inner-white.png</texture>
				</control>
				<control type="image">
					<posx>1089</posx>
					<posy>310</posy>
					<width>400</width>
					<height>400</height>
					<aspectratio>keep</aspectratio>
					<texture background="true" fallback="dialogs/select/iconsbig/DefaultAddon.png">$INFO[Container(6).ListItem.Icon]</texture>
				</control>
				<control type="button">
					<posx>1079</posx>
					<posy>720</posy>
					<width>420</width>
					<height>60</height>
					<textoffsetx>20</textoffsetx>
					<align>left</align>
					<texturefocus>-</texturefocus>
					<texturenofocus>-</texturenofocus>
					<label>$LOCALIZE[21863]</label>
					<label2>$INFO[Container(6).ListItem.Property(Addon.Creator)]</label2>
					<include>DialogLabel</include>					
					<enable>false</enable>
				</control>
			</control>            

			<!--List -->
			<control type="list" id="3"><!--Container 3 Small -->
				<posx>638</posx>
				<posy>300</posy>
				<width>644</width>
				<height>480</height>
				<onleft>8000</onleft>				
				<onright>8000</onright>
				<onup>3</onup>
				<ondown>3</ondown>
				<pagecontrol></pagecontrol>
				<scrolltime tween="cubic" easing="out">500</scrolltime>
				<itemlayout height="60">
					<control type="image">
						<posx>0</posx>
						<posy>1</posy>
						<width>644</width>
						<height>60</height>
						<texture>dialogs/default/separator.png</texture>
					</control>
					<control type="group">
						<visible>!ListItem.IsSelected</visible>
						<control type="label">
							<posx>20</posx>
							<posy>0</posy>
							<width>604</width>
							<height>60</height>
							<info>ListItem.Label</info>							
							<align>left</align>
							<aligny>center</aligny>
							<include>DialogListNF</include>
							<scroll>false</scroll>
						</control>
						<control type="label">
							<posx>624</posx>
							<posy>0</posy>
							<width>604</width>
							<height>60</height>
							<label>$INFO[ListItem.Label2, ,]</label>						
							<align>right</align>
							<aligny>center</aligny>
							<include>DialogListNF</include>
							<scroll>false</scroll>
							<visible>!IsEmpty(ListItem.Label2)</visible>
						</control>
					</control>
					<control type="group">
						<visible>ListItem.IsSelected</visible>
						<control type="label">
							<posx>20</posx>
							<posy>0</posy>
							<width>524</width>
							<height>60</height>
							<info>ListItem.Label</info>						
							<align>left</align>
							<aligny>center</aligny>
							<include>DialogListNF</include>
							<scroll>false</scroll>
						</control>
						<control type="label">
							<posx>624</posx>
							<posy>0</posy>
							<width>524</width>
							<height>60</height>
							<label>$INFO[ListItem.Label2, ,]</label>							
							<align>right</align>
							<aligny>center</aligny>
							<include>DialogListNF</include>							
							<scroll>false</scroll>
							<visible>!IsEmpty(ListItem.Label2)</visible>
						</control>
						<control type="image">
							<posx>584</posx>
							<posy>0</posy>
							<width>60</width>
							<height>60</height>
							<texture>dialogs/select/selected.png</texture>
							<visible>ListItem.IsSelected</visible>
						</control>
					</control>
				</itemlayout>
				<focusedlayout height="60">
					<control type="group">
						<visible>!Control.HasFocus(3)</visible>
						<animation effect="fade" start="0" end="100" time="300" tween="sine" easing="inout" condition="![Container(3).Scrolling | Container(3).OnScrollNext | Container(3).OnScrollPrevious]">Visible</animation>
						<animation effect="fade" start="100" end="0" time="300" tween="sine" easing="inout" condition="![Container(3).Scrolling | Container(3).OnScrollNext | Container(3).OnScrollPrevious]">Hidden</animation>
						<control type="image">
							<posx>0</posx>
							<posy>1</posy>
							<width>644</width>
							<height>60</height>
							<texture>dialogs/default/separator.png</texture>
						</control>
						<control type="group">
							<visible>!ListItem.IsSelected</visible>
							<control type="label">
								<posx>20</posx>
								<posy>0</posy>
								<width>604</width>
								<height>60</height>
								<info>ListItem.Label</info>								
								<align>left</align>
								<aligny>center</aligny>
								<include>DialogListNF</include>
								<scroll>false</scroll>
							</control>
							<control type="label">
								<posx>624</posx>
								<posy>0</posy>
								<width>604</width>
								<height>60</height>
								<label>$INFO[ListItem.Label2, ,]</label>								
								<align>right</align>
								<aligny>center</aligny>
								<include>DialogListNF</include>
								<scroll>false</scroll>
								<visible>!IsEmpty(ListItem.Label2)</visible>
							</control>
						</control>
						<control type="group">
							<visible>ListItem.IsSelected</visible>
							<control type="label">
								<posx>20</posx>
								<posy>0</posy>
								<width>524</width>
								<height>60</height>
								<info>ListItem.Label</info>								
								<align>left</align>
								<aligny>center</aligny>
								<include>DialogListFO</include>
								<scroll>false</scroll>
							</control>
							<control type="label">
								<posx>624</posx>
								<posy>0</posy>
								<width>524</width>
								<height>60</height>
								<label>$INFO[ListItem.Label2, ,]</label>								
								<align>right</align>
								<aligny>center</aligny>
								<include>DialogListFO</include>
								<scroll>false</scroll>
								<visible>!IsEmpty(ListItem.Label2)</visible>
							</control>
							<control type="image">
								<posx>584</posx>
								<posy>0</posy>
								<width>60</width>
								<height>60</height>
								<texture>dialogs/select/selected.png</texture>
								<visible>ListItem.IsSelected</visible>
							</control>
						</control>
					</control>
					<control type="group">
						<visible>Control.HasFocus(3)</visible>
						<animation effect="fade" start="0" end="100" time="300" tween="sine" easing="inout" condition="![Container(3).Scrolling | Container(3).OnScrollNext | Container(3).OnScrollPrevious]">Visible</animation>
						<animation effect="fade" start="100" end="0" time="300" tween="sine" easing="inout" condition="![Container(3).Scrolling | Container(3).OnScrollNext | Container(3).OnScrollPrevious]">Hidden</animation>
						<control type="image">
							<width>644</width>
							<height>60</height>
							<texture border="2">dialogs/default/highlight.png</texture>
						</control>
						<control type="group">
							<visible>!ListItem.IsSelected</visible>
							<control type="label">
								<posx>20</posx>
								<posy>0</posy>
								<width>604</width>
								<height>60</height>
								<info>ListItem.Label</info>								
								<align>left</align>
								<aligny>center</aligny>
								<include>DialogListFO</include>
							</control>
							<control type="label">
								<posx>624</posx>
								<posy>0</posy>
								<width>604</width>
								<height>60</height>
								<label>$INFO[ListItem.Label2, ,]</label>								
								<align>right</align>
								<aligny>center</aligny>
								<include>DialogListFO</include>
								<visible>!IsEmpty(ListItem.Label2)</visible>
							</control>
						</control>
						<control type="group">
							<visible>ListItem.IsSelected</visible>
							<control type="label">
								<posx>20</posx>
								<posy>0</posy>
								<width>524</width>
								<height>60</height>
								<info>ListItem.Label</info>								
								<align>left</align>
								<aligny>center</aligny>
								<include>DialogListFO</include>
							</control>
							<control type="label">
								<posx>624</posx>
								<posy>0</posy>
								<width>524</width>
								<height>60</height>
								<label>$INFO[ListItem.Label2, ,]</label>								
								<align>right</align>
								<aligny>center</aligny>
								<include>DialogListFO</include>							
								<visible>!IsEmpty(ListItem.Label2)</visible>
							</control>
							<control type="image">
								<posx>584</posx>
								<posy>0</posy>
								<width>60</width>
								<height>60</height>
								<texture>dialogs/select/selected.png</texture>
								<visible>ListItem.IsSelected</visible>
							</control>
						</control>
					</control>
				</focusedlayout>
			</control>
			<control type="list" id="6"><!--Container 6 Big -->
				<posx>421</posx>
				<posy>300</posy>
				<width>644</width>
				<height>480</height>
				<onleft>8000</onleft>				
				<onright>8000</onright>
				<onup>6</onup>
				<ondown>6</ondown>
				<pagecontrol></pagecontrol>
				<scrolltime tween="cubic" easing="out">500</scrolltime>
				<itemlayout height="60">
					<control type="image">
						<posx>0</posx>
						<posy>1</posy>
						<width>644</width>
						<height>60</height>
						<texture>dialogs/default/separator.png</texture>
					</control>
					<control type="image">
						<posx>10</posx>
						<posy>5</posy>
						<width>50</width>
						<height>50</height>
						<aspectratio>keep</aspectratio>
						<texture background="true" fallback="dialogs/select/icons/DefaultAddon.png">$INFO[ListItem.Icon]</texture>
					</control>
					<control type="label">
						<posx>80</posx>
						<posy>0</posy>
						<width>544</width>
						<height>60</height>
						<info>ListItem.Label</info>					
						<align>left</align>
						<aligny>center</aligny>
						<include>DialogListNF</include>
						<scroll>false</scroll>
					</control>
					<control type="label">
						<posx>624</posx>
						<posy>0</posy>
						<width>544</width>
						<height>60</height>
						<info>ListItem.Property(Addon.Version)</info>						
						<align>right</align>
						<aligny>center</aligny>
						<include>DialogListNF</include>
						<scroll>false</scroll>
					</control>
				</itemlayout>
				<focusedlayout height="60">
					<control type="button">
						<onfocus condition="!IsEmpty(Window(selectdialog).Property(Property))">SetProperty(Label,$INFO[Container(6).ListItem.Label])</onfocus>
						<onfocus condition="!IsEmpty(Window(selectdialog).Property(Property))">SetProperty(Icon,$INFO[Container(6).ListItem.Icon])</onfocus>
					</control>
					<control type="group">
						<visible>!Control.HasFocus(6)</visible>
						<animation effect="fade" start="0" end="100" time="300" tween="sine" easing="inout" condition="![Container(6).Scrolling | Container(6).OnScrollNext | Container(6).OnScrollPrevious]">Visible</animation>
						<animation effect="fade" start="100" end="0" time="300" tween="sine" easing="inout" condition="![Container(6).Scrolling | Container(6).OnScrollNext | Container(6).OnScrollPrevious]">Hidden</animation>
						<control type="image">
							<posx>0</posx>
							<posy>1</posy>
							<width>644</width>
							<height>60</height>
							<texture>dialogs/default/separator.png</texture>
						</control>
						<control type="label">
							<posx>80</posx>
							<posy>0</posy>
							<width>544</width>
							<height>60</height>
							<info>ListItem.Label</info>							
							<align>left</align>
							<aligny>center</aligny>
							<include>DialogListNF</include>
							<scroll>false</scroll>
						</control>
						<control type="label">
							<posx>624</posx>
							<posy>0</posy>
							<width>544</width>
							<height>60</height>
							<info>ListItem.Property(Addon.Version)</info>							
							<align>right</align>
							<aligny>center</aligny>
							<include>DialogListNF</include>
							<scroll>false</scroll>
						</control>
					</control>
					<control type="group">
						<visible>Control.HasFocus(6)</visible>
						<animation effect="fade" start="0" end="100" time="300" tween="sine" easing="inout" condition="![Container(6).Scrolling | Container(6).OnScrollNext | Container(6).OnScrollPrevious]">Visible</animation>
						<animation effect="fade" start="100" end="0" time="300" tween="sine" easing="inout" condition="![Container(6).Scrolling | Container(6).OnScrollNext | Container(6).OnScrollPrevious]">Hidden</animation>
						<control type="image">
							<width>644</width>
							<height>60</height>
							<texture border="2">dialogs/default/highlight.png</texture>
						</control>
						<control type="label">
							<posx>80</posx>
							<posy>0</posy>
							<width>544</width>
							<height>60</height>
							<info>ListItem.Label</info>							
							<align>left</align>
							<aligny>center</aligny>
							<include>DialogListFO</include>
						</control>
						<control type="label">
							<posx>624</posx>
							<posy>0</posy>
							<width>544</width>
							<height>60</height>
							<info>ListItem.Property(Addon.Version)</info>							
							<align>right</align>
							<aligny>center</aligny>
							<include>DialogListFO</include>
							<scroll>false</scroll>
						</control>
					</control>
					<control type="image">
						<posx>10</posx>
						<posy>5</posy>
						<width>50</width>
						<height>50</height>
						<aspectratio>keep</aspectratio>
						<texture background="true" fallback="dialogs/select/icons/DefaultAddon.png">$INFO[ListItem.Icon]</texture>
					</control>
				</focusedlayout>
			</control>

			<!--Buttons -->
			<control type="group" id="8000">
				<posx>626</posx>
				<posy>776</posy>				
				<animation effect="slide" end="-217" time="0" condition="Control.IsVisible(6)">Conditional</animation>					
				<control type="button" id="5">					
					<description>OK</description>
					<label>OK</label>
					<include>DialogButtonOKCancel</include>
					<texturefocus>common/select-fo.png</texturefocus>
					<texturenofocus>common/select-nf.png</texturenofocus>				
					<align>left</align>	
					<textoffsetx>100</textoffsetx> 					
					<pulseonselect>false</pulseonselect>
					<width>350</width>
					<height>100</height>					
					<onleft>7</onleft>
					<onright>7</onright>
					<onup condition="Control.IsVisible(3)">3</onup>
					<ondown condition="Control.IsVisible(3)">3</ondown>
					<onup condition="Control.IsVisible(6)">6</onup>
					<ondown condition="Control.IsVisible(6)">6</ondown>					
					<animation effect="fade" start="100" end="75" time="0" condition="!Control.IsEnabled(5)">Conditional</animation>
				</control>
				<control type="button" id="7">	
					<visible>!Window.IsVisible(Custom_MediaDialog.xml)</visible><!--Not visible Artwork Downloader -->
					<!--animation effect="slide" end="-200" time="0" condition="Window.IsVisible(Custom_MediaDialog.xml)">Conditional</animation -->
					<posx>200</posx>
					<description>Close</description>
					<label>$LOCALIZE[222]</label>
					<texturefocus>common/cancel-fo.png</texturefocus>
					<texturenofocus>common/cancel-nf.png</texturenofocus>					
					<align>left</align>	
					<textoffsetx>100</textoffsetx> 					
					<pulseonselect>false</pulseonselect>
					<width>350</width>
					<height>100</height>					
					<onclick>Action(close)</onclick>
					<onleft>5</onleft>
					<onright>5</onright>
					<onup condition="Control.IsVisible(3)">3</onup>
					<ondown condition="Control.IsVisible(3)">3</ondown>
					<onup condition="Control.IsVisible(6)">6</onup>
					<ondown condition="Control.IsVisible(6)">6</ondown>
					<animation effect="slide" end="-200" time="0" condition="IsEmpty(Control.GetLabel(5))">Conditional</animation>					
					<animation effect="fade" start="100" end="75" time="0" condition="!Control.IsEnabled(7)">Conditional</animation>
				</control>				
			</control>			
		</control>

	</controls>

</window>