<!--XunityChronos -->
<window id="606">
	<defaultcontrol always="true">9</defaultcontrol>
	<controls>

		<!--Dialog Overlay -->	
		<include>DialogOverlay</include>	

		<!--Dialog PVR Guid Info -->
		<control type="group">
			<include>animation_fade_open_close</include>
			<include>animation_fade_visible_hidden</include>		
			<visible>!Window.IsVisible(virtualkeyboard) + !Window.IsVisible(numericinput)</visible>

			<!--Panle -->
			<control type="image">
				<posx>920</posx>
				<posy>154</posy>
				<width>80</width>
				<height>60</height>
				<texture>dialogs/default/arrow.png</texture>
			</control>
			<control type="image">
				<posx>319</posx>
				<posy>174</posy>
				<width>1282</width>
				<height>732</height>
				<texture border="39">dialogs/default/bg.png</texture>
			</control> 

			<!--Header -->
			<control type="label">
				<description>Heading</description>
				<posx>353</posx>
				<posy>110</posy>
				<width>1214</width>
				<label>$LOCALIZE[19142]</label>
				<include>DialogHeader</include>
				<align>center</align>
			</control>

			<!--Default Group -->
			<control type="group">
				<posx>353</posx>
				<posy>208</posy>    	        
				<control type="label">
					<description>Search label</description>
					<posx>0</posx>
					<posy>0</posy>
					<width>1214</width>
					<height>34</height>
					<align>left</align>
					<textoffsetx>20</textoffsetx>
					<label>$LOCALIZE[19133]</label>
					<include>DialogLabel</include>
				</control>
				<control type="image">
					<posx>0</posx>
					<posy>40</posy>
					<width>1214</width>
					<height>61</height>
					<texture border="5">dialogs/default/inner.png</texture>
				</control>
				<control type="edit" id="9">
					<description>Search</description>
					<posx>0</posx>
					<posy>40</posy>
					<width>1162</width>
					<height>60</height>
					<align>left</align>
					<aligny>center</aligny>
					<textoffsetx>20</textoffsetx>
					<include>DialogButton</include>
					<pulseonselect>false</pulseonselect>
					<texturefocus border="2">dialogs/default/highlight.png</texturefocus>
					<onup>8000</onup>
					<onleft>9</onleft>
					<onright>9</onright>
					<ondown>8001</ondown>
					<animation effect="fade" start="100" end="50" time="0" condition="!Control.IsEnabled(9)" reversible="false">Conditional</animation>
				</control>
				<control type="image">
					<posx>1140</posx>
					<posy>40</posy>
					<width>74</width>
					<height>60</height>
					<texture>dialogs/mediasource/keyboard-nf.png</texture>
					<visible>!Control.HasFocus(9)</visible>
				</control>
				<control type="image">
					<posx>1140</posx>
					<posy>40</posy>
					<width>74</width>
					<height>60</height>
					<texture>dialogs/mediasource/keyboard-fo.png</texture>
					<visible>Control.HasFocus(9)</visible>
				</control>
				<control type="textbox">
					<description>Search help</description>
					<posx>20</posx>
					<posy>100</posy>
					<width>1174</width>
					<height>78</height>
					<align>justify</align>
					<label>$LOCALIZE[19001] $LOCALIZE[19002]</label>
					<include>DialogLabel</include>
				</control>
				<control type="group" id="8001">
					<control type="group"><!--Left Group -->
						<posx>0</posx>
						<posy>189</posy>
						<control type="image">
							<posx>0</posx>
							<posy>0</posy>
							<width>600</width>
							<height>474</height>
							<texture border="5">dialogs/default/inner.png</texture>
						</control>
						<control type="radiobutton" id="10">
							<description>Include Description</description>
							<posx>0</posx>
							<posy>0</posy>
							<width>600</width>
							<height>60</height>
							<align>left</align>
							<textoffsetx>20</textoffsetx>
							<textwidth>484</textwidth>
							<radioposx>492</radioposx>
							<include>DialogButton</include>
							<texturefocus border="2">dialogs/default/highlight.png</texturefocus>
							<texturenofocus>dialogs/default/separator.png</texturenofocus>
							<label>19134</label>
							<onleft>12</onleft>
							<onright>12</onright>
							<onup>9</onup>
							<ondown>11</ondown>
						</control>
						<control type="radiobutton" id="11">
							<description>Case Sensitive</description>
							<posx>0</posx>
							<posy>59</posy>
							<width>600</width>
							<height>60</height>
							<align>left</align>
							<textoffsetx>20</textoffsetx>
							<textwidth>484</textwidth>
							<radioposx>492</radioposx>
							<include>DialogButton</include>
							<texturefocus border="2">dialogs/default/highlight.png</texturefocus>
							<texturenofocus>dialogs/default/separator.png</texturenofocus>
							<label>19135</label>
							<onleft>13</onleft>
							<onright>13</onright>
							<onup>10</onup>
							<ondown>14</ondown>
						</control>
						<control type="edit" id="14">
							<description>Start Date</description>
							<posx>0</posx>
							<posy>118</posy>
							<width>600</width>
							<height>60</height>
							<align>left</align>
							<aligny>center</aligny>
							<textoffsetx>20</textoffsetx>
							<include>DialogButton</include>
							<pulseonselect>false</pulseonselect>
							<texturefocus border="2">dialogs/default/highlight.png</texturefocus>
							<texturenofocus>dialogs/default/separator.png</texturenofocus>
							<label>19128</label>
							<onright>16</onright>
							<onleft>16</onleft>
							<onup>11</onup>
							<ondown>15</ondown>
						</control>
						<control type="edit" id="15">
							<description>Stop Date</description>
							<posx>0</posx>
							<posy>177</posy>
							<width>600</width>
							<height>60</height>
							<align>left</align>
							<aligny>center</aligny>
							<textoffsetx>20</textoffsetx>
							<include>DialogButton</include>
							<pulseonselect>false</pulseonselect>
							<texturefocus border="2">dialogs/default/highlight.png</texturefocus>
							<texturenofocus>dialogs/default/separator.png</texturenofocus>
							<label>19129</label>
							<onright>17</onright>
							<onleft>17</onleft>
							<onup>14</onup>
							<ondown>18</ondown>
						</control>
						<control type="spincontrolex" id="18"><!--Genre -->
							<description>Genre</description>
							<posx>0</posx>
							<posy>236</posy>
							<width>600</width>
							<height>60</height>
							<align>left</align>							
							<texturefocus border="2">dialogs/default/highlight.png</texturefocus>
							<texturenofocus>dialogs/default/separator.png</texturenofocus>
							<include>DialogButton</include>
							<textoffsetx>20</textoffsetx>
							<spinposx>5</spinposx>
							<label>515</label>
							<onright>19</onright>
							<onleft>19</onleft>
							<onup>15</onup>
							<ondown>20</ondown>
						</control>
						<control type="radiobutton" id="20">
							<description>Include unknown Genres</description>
							<posx>0</posx>
							<posy>295</posy>
							<width>600</width>
							<height>60</height>
							<align>left</align>
							<textoffsetx>20</textoffsetx>
							<textwidth>484</textwidth>
							<radioposx>492</radioposx>
							<include>DialogButton</include>
							<texturefocus border="2">dialogs/default/highlight.png</texturefocus>
							<texturenofocus>dialogs/default/separator.png</texturenofocus>
							<label>19132</label>
							<onleft>21</onleft>
							<onright>21</onright>
							<onup>18</onup>
							<ondown>22</ondown>
						</control>
						<control type="radiobutton" id="22">
							<description>FTA only</description>
							<posx>0</posx>
							<posy>354</posy>
							<width>600</width>
							<height>60</height>
							<align>left</align>
							<textoffsetx>20</textoffsetx>
							<textwidth>484</textwidth>
							<radioposx>492</radioposx>
							<include>DialogButton</include>
							<texturefocus border="2">dialogs/default/highlight.png</texturefocus>
							<texturenofocus>dialogs/default/separator.png</texturenofocus>
							<label>19123</label>
							<onleft>23</onleft>
							<onright>23</onright>
							<onup>20</onup>
							<ondown>24</ondown>
						</control>
						<control type="radiobutton" id="24">
							<description>Ignore Timers</description>
							<posx>0</posx>
							<posy>413</posy>
							<width>600</width>
							<height>60</height>
							<align>left</align>
							<textoffsetx>20</textoffsetx>
							<textwidth>484</textwidth>
							<radioposx>492</radioposx>
							<include>DialogButton</include>
							<texturefocus border="2">dialogs/default/highlight.png</texturefocus>
							<texturenofocus>dialogs/default/separator.png</texturenofocus>
							<label>19124</label>
							<onleft>27</onleft>
							<onright>27</onright>
							<onup>22</onup>
							<ondown>26</ondown>
						</control>
					</control>
					<control type="group"><!--Right Group -->
						<posx>614</posx>
						<posy>189</posy>
						<control type="image">
							<posx>0</posx>
							<posy>0</posy>
							<width>600</width>
							<height>474</height>
							<texture border="5">dialogs/default/inner.png</texture>
						</control>
						<control type="spincontrolex" id="12">
							<description>Min Duration</description>
							<posx>0</posx>
							<posy>0</posy>
							<width>600</width>
							<height>60</height>
							<align>left</align>
							<texturefocus border="2">dialogs/default/highlight.png</texturefocus>
							<texturenofocus>dialogs/default/separator.png</texturenofocus>
							<include>DialogButton</include>
							<textoffsetx>20</textoffsetx>
							<spinposx>5</spinposx>
							<label>19130</label>
							<onright>10</onright>
							<onleft>10</onleft>
							<onup>9</onup>
							<ondown>13</ondown>
						</control>
						<control type="spincontrolex" id="13">
							<description>Max Duration</description>
							<posx>0</posx>
							<posy>59</posy>
							<width>600</width>
							<height>60</height>
							<align>left</align>
							<texturefocus border="2">dialogs/default/highlight.png</texturefocus>
							<texturenofocus>dialogs/default/separator.png</texturenofocus>
							<include>DialogButton</include>
							<textoffsetx>20</textoffsetx>
							<spinposx>5</spinposx>
							<label>19131</label>
							<onright>11</onright>
							<onleft>11</onleft>
							<onup>12</onup>
							<ondown>16</ondown>
						</control>
						<control type="edit" id="16">
							<description>Start time</description>
							<posx>0</posx>
							<posy>118</posy>
							<width>600</width>
							<height>60</height>
							<align>left</align>
							<aligny>center</aligny>
							<textoffsetx>20</textoffsetx>
							<include>DialogButton</include>
							<pulseonselect>false</pulseonselect>
							<texturefocus border="2">dialogs/default/highlight.png</texturefocus>
							<texturenofocus>dialogs/default/separator.png</texturenofocus>
							<label>19126</label>
							<onright>14</onright>
							<onleft>14</onleft>
							<onup>13</onup>
							<ondown>17</ondown>
						</control>
						<control type="edit" id="17">
							<description>Stop time</description>
							<posx>0</posx>
							<posy>177</posy>
							<width>600</width>
							<height>60</height>
							<align>left</align>
							<aligny>center</aligny>
							<textoffsetx>20</textoffsetx>
							<include>DialogButton</include>
							<pulseonselect>false</pulseonselect>
							<texturefocus border="2">dialogs/default/highlight.png</texturefocus>
							<texturenofocus>dialogs/default/separator.png</texturenofocus>
							<label>19127</label>
							<onright>15</onright>
							<onleft>15</onleft>
							<onup>16</onup>
							<ondown>19</ondown>
						</control>
						<control type="radiobutton" id="19">
							<description>avoid repeats</description>
							<posx>0</posx>
							<posy>236</posy>
							<width>600</width>
							<height>60</height>
							<align>left</align>
							<textoffsetx>20</textoffsetx>
							<textwidth>484</textwidth>
							<radioposx>492</radioposx>
							<include>DialogButton</include>
							<texturefocus border="2">dialogs/default/highlight.png</texturefocus>
							<texturenofocus>dialogs/default/separator.png</texturenofocus>
							<label>19121</label>
							<onright>18</onright>
							<onleft>18</onleft>
							<onup>17</onup>
							<ondown>21</ondown>
						</control>
						<control type="spincontrolex" id="21"><!--Groups -->
							<description>Groups</description>
							<posx>0</posx>
							<posy>295</posy>
							<width>600</width>
							<height>60</height>
							<align>left</align>							
							<texturefocus border="2">dialogs/default/highlight.png</texturefocus>
							<texturenofocus>dialogs/default/separator.png</texturenofocus>
							<include>DialogButton</include>
							<textoffsetx>20</textoffsetx>
							<spinposx>5</spinposx>
							<label>19141</label>
							<onright>20</onright>
							<onleft>20</onleft>
							<onup>19</onup>
							<ondown>23</ondown>
						</control>
						<control type="spincontrolex" id="23"><!--Channels -->
							<description>Channels</description>
							<posx>0</posx>
							<posy>354</posy>
							<width>600</width>
							<height>60</height>
							<align>left</align>		
							<texturefocus border="2">dialogs/default/highlight.png</texturefocus>
							<texturenofocus>dialogs/default/separator.png</texturenofocus>
							<include>DialogButton</include>
							<textoffsetx>20</textoffsetx>
							<spinposx>5</spinposx>
							<label>19148</label>
							<onleft>22</onleft>
							<onright>22</onright>
							<onup>21</onup>
							<ondown>27</ondown>
						</control>
						<control type="radiobutton" id="27">
							<description>Ignore Recordings</description>
							<posx>0</posx>
							<posy>413</posy>
							<width>600</width>
							<height>60</height>
							<align>left</align>
							<textoffsetx>20</textoffsetx>
							<textwidth>484</textwidth>
							<radioposx>492</radioposx>
							<include>DialogButton</include>							
							<texturefocus border="2">dialogs/default/highlight.png</texturefocus>
							<texturenofocus>dialogs/default/separator.png</texturenofocus>
							<label>19125</label>
							<onleft>24</onleft>
							<onright>24</onright>
							<onup>23</onup>
							<ondown>26</ondown>
						</control>
					</control>
				</control>
			</control>

			<!--Button Group -->
			<control type="group" id="8000">
				<posx>343</posx>
				<posy>871</posy>
				<control type="button" id="26"><!--Select -->
					<width>350</width>
					<height>100</height>
					<align>left</align>	
					<textoffsetx>100</textoffsetx> 	
					<label>$LOCALIZE[137]</label>
					<include>DialogButtonOKCancel</include>		
					<texturefocus border="100,0,0,0">common/select-fo.png</texturefocus>
					<texturenofocus border="100,0,0,0">common/select-nf.png</texturenofocus>  	           
					<onleft>28</onleft>
					<onright>25</onright>
					<onup>8001</onup>
					<ondown>9</ondown>
				</control>
				<control type="button" id="25"><!--Close -->
					<posx>200</posx>
					<width>350</width>
					<height>100</height>
					<align>left</align>	
					<textoffsetx>100</textoffsetx> 	
					<label>$LOCALIZE[222]</label>
					<include>DialogButtonOKCancel</include>		
					<texturefocus border="100,0,0,0">common/cancel-fo.png</texturefocus>
					<texturenofocus border="100,0,0,0">common/cancel-nf.png</texturenofocus>
					<onleft>26</onleft>
					<onright>28</onright>
					<onup>8001</onup>
					<ondown>9</ondown>
				</control>
				<control type="button" id="28"><!--Defaults -->
					<posx>883</posx>
					<width>350</width>
					<height>100</height>
					<align>left</align>	
					<textoffsetx>100</textoffsetx> 	
					<label>$LOCALIZE[409]</label>
					<include>DialogButtonOKCancel</include>		
					<texturefocus border="0,0,100,0">common/options-right-fo.png</texturefocus>
					<texturenofocus border="0,0,100,0">common/options-right-nf.png</texturenofocus>
					<onleft>25</onleft>
					<onright>26</onright>
					<onup>8001</onup>
					<ondown>9</ondown>
				</control>
			</control>
		</control>
	</controls>
</window>