<!--XunityChronos -->
<window type="buttonMenu" id="111">
	<defaultcontrol always="true">3110</defaultcontrol>
	<allowoverlay>yes</allowoverlay>

	<controls>
		
		<!--Panel -->
	    <control type="image">	
			<include>animation_dialog_button</include>
			<posx>0</posx>
			<posy>486</posy>
			<width>1920</width>
			<height>233</height>
			<texture>dialogs/button/panel.png</texture>					
		</control>

		<!--Menu-Labels -->
		<control type="group">					
			<include>animation_dialog_button</include>
			<posx>160</posx>
			<posy>584</posy>			
			<control type="label">	<!--Quit -->
				<label>13009</label>
				<width>560</width>
				<height>45</height>
				<align>left</align>
				<aligny>center</aligny>
				<font>Reg42</font>
				<textcolor>white</textcolor>
				<visible>Control.HasFocus(3116)</visible>
				<animation effect="fade" time="450" delay="250">Visible</animation>
				<animation effect="fade" time="250">WindowOpen</animation>
				<animation effect="fade" time="250">WindowClose</animation> 
			</control>
			<control type="label">	<!--Reboot -->
				<label>13013</label>
				<width>560</width>
				<height>45</height>
				<align>left</align>
				<aligny>center</aligny>
				<font>Reg42</font>
				<textcolor>white</textcolor>
				<visible>Control.HasFocus(3118)</visible>
				<animation effect="fade" time="450" delay="250">Visible</animation>
				<animation effect="fade" time="250">WindowOpen</animation>
				<animation effect="fade" time="250">WindowClose</animation> 
			</control>
		</control>		
		
		<!--Button Grouplist -->
		<control type="grouplist" id="3110">	
			<include>animation_dialog_button</include>	
			<posx>672</posx>
			<posy>580</posy>
			<width>580</width>
			<height>60</height>
			<itemgap>110</itemgap>
			<align>center</align>
			<orientation>horizontal</orientation>
			
			<control type="button" id="3116">	<!--Shutdown -->
				<description>Quit</description>
				<posx>15</posx>
				<width>46</width>
				<height>50</height>
				<font>-</font>
				<label>-</label>
				<texturefocus>common/shutdown_fo.png</texturefocus>
				<texturenofocus>common/shutdown_nf.png</texturenofocus>
				<pulseonselect>yes</pulseonselect>
				<onclick>Quit()</onclick>
			</control>
			<control type="button" id="3118">	<!--Reboot -->
				<description>Reboot button</description>
				<width>46</width>
				<height>50</height>
				<font>-</font>
				<label>-</label>
				<onclick>Reboot()</onclick>
				<texturefocus border="15">common/restart_fo.png</texturefocus>
				<texturenofocus border="15">common/restart_nf.png</texturenofocus>
				<pulseonselect>yes</pulseonselect>
			</control>
		</control>

	</controls>

</window>
