<!--XunityChronos -->
<window>
	<defaultcontrol>5</defaultcontrol>
	<controls>

		<!--Dialog Overlay -->	
		<include>DialogOverlay</include>

		<!--Peripheral Manager Settings -->
		<control type="group">
			<animation type="WindowOpen" condition="Window.IsVisible(DialogPeripheralManager.xml)" reversible="false">
				<effect type="fade" start="0" end="100" time="0" delay="300" />
			</animation>
			<control type="group">
				<animation type="WindowOpen" reversible="false">
					<effect type="zoom" start="75" end="100" center="960,540" easing="out" tween="back" time="300" />
					<effect type="fade" start="0" end="100" time="175" />
				</animation>
				<animation type="WindowClose" reversible="false">
					<effect type="zoom" start="100" end="175" center="960,540" easing="out" tween="sine" time="300" />
					<effect type="fade" start="100" end="0" time="250" easing="out" tween="cubic" />
				</animation>
				<animation type="Visible" reversible="false">
					<effect type="zoom" start="75" end="100" center="960,540" easing="out" tween="back" time="300" />
					<effect type="fade" start="0" end="100" time="175" />
				</animation>
				<animation type="Hidden" reversible="false">
					<effect type="zoom" start="100" end="75" center="960,540" easing="in" tween="back" time="300" />
					<effect type="fade" start="100" end="0" delay="200" time="100" />
				</animation>

				<visible>!Window.IsVisible(virtualkeyboard) + !Window.IsVisible(FileBrowser)</visible>

				<control type="image">
					<posx>920</posx>
					<posy>246</posy>
					<width>80</width>
					<height>60</height>
					<texture>dialogs/default/arrow.png</texture>
				</control>
				<control type="image">
					<posx>445</posx>
					<posy>266</posy>
					<width>1030</width>
					<height>548</height>
					<texture border="39">dialogs/default/bg.png</texture>
				</control>
				<control type="image">
					<posx>479</posx>
					<posy>300</posy>
					<width>962</width>
					<height>481</height>
					<texture border="5">dialogs/default/inner.png</texture>
				</control>

				<control type="label">
					<description>Heading</description>
					<posx>473</posx>
					<posy>205</posy>
					<width>974</width>
					<include>DialogHeader</include>
					<label>$LOCALIZE[5]</label>					
					<align>center</align>
				</control>

				<control type="label" id="3">
					<description>No Settings Label</description>
					<posx>479</posx>
					<posy>510</posy>
					<width>962</width>
					<height>60</height>
					<textoffsetx>20</textoffsetx>
					<align>center</align>
					<include>DialogLabel</include>
					<label>$LOCALIZE[35004]</label>					
				</control>

				<control type="grouplist" id="5">
					<description>control area</description>
					<posx>479</posx>
					<posy>300</posy>
					<width>962</width>
					<height>480</height>
					<itemgap>0</itemgap>
					<pagecontrol>60</pagecontrol>
					<onleft>8000</onleft>
					<onright>60</onright>
					<onup>5</onup>
					<ondown>5</ondown>
					<scrolltime tween="cubic" easing="out">500</scrolltime>
				</control>

				<control type="image" id="62">
					<animation effect="fade" start="100" end="0" time="0" delay="1500">WindowOpen</animation>
				</control>
				<control type="image" id="61">
					<animation effect="fade" start="0" end="100" time="0">Visible</animation>
					<animation effect="fade" start="100" end="0" time="0">Hidden</animation>
					<visible>Control.HasFocus(60) | !Control.IsVisible(62)</visible>
				</control>
				<control type="scrollbar" id="60">
					<posx>1427</posx>
					<posy>393</posy>
					<width>11</width>
					<height>294</height>
					<texturesliderbackground>-</texturesliderbackground>
					<texturesliderbar border="0,6,0,6">dialogs/default/scrollbar.png</texturesliderbar>
					<texturesliderbarfocus border="0,6,0,6">dialogs/default/scrollbar.png</texturesliderbarfocus>
					<textureslidernib>-</textureslidernib>
					<textureslidernibfocus>-</textureslidernibfocus>
					<onleft>5</onleft>
					<onright>8000</onright>
					<showonepage>false</showonepage>
					<orientation>vertical</orientation>
					<animation effect="fade" start="75" end="0" time="300" tween="sine" easing="inout" condition="!Control.IsVisible(61)">Conditional</animation>
				</control>

				<control type="button" id="7">
					<description>default</description>
					<height>60</height>					
					<textoffsetx>20</textoffsetx>
					<align>left</align>
					<include>DialogButton</include>
					<texturefocus border="2">dialogs/default/highlight.png</texturefocus>
					<texturenofocus>dialogs/default/separator-btn.png</texturenofocus>
				</control>

				<control type="radiobutton" id="8">
					<description>radioButton</description>
					<height>60</height>
					<align>left</align>
					<textoffsetx>20</textoffsetx>
					<radioposx>852</radioposx>
					<include>DialogButton</include>
					<textureradioon>common/radio/radio-light-fo.png</textureradioon>
					<textureradiooff>common/radio/radio-light-nf.png</textureradiooff>
					<texturefocus border="2">dialogs/default/highlight.png</texturefocus>
					<texturenofocus>dialogs/default/separator-btn.png</texturenofocus>
				</control>

				<control type="spincontrolex" id="9">
					<description>Directory Content</description>
					<textureup>common/spinctrl/arrow-light-up-nf.png</textureup>
					<texturedown>common/spinctrl/arrow-light-down-nf.png</texturedown>
					<textureupfocus>common/spinctrl/arrow-light-up-fo.png</textureupfocus>
					<texturedownfocus>common/spinctrl/arrow-light-down-fo.png</texturedownfocus>
					<texturefocus border="2">dialogs/default/highlight.png</texturefocus>
					<texturenofocus>dialogs/default/separator-btn.png</texturenofocus>
					<include>DialogButton</include>
					<textoffsetx>20</textoffsetx>
					<spinposx>5</spinposx>
				</control>

				<control type="sliderex" id="10">
					<description>Default Slider</description>
					<posx>0</posx>
					<posy>0</posy>
					<height>60</height>
					<texturefocus border="2">dialogs/default/highlight.png</texturefocus>
					<texturenofocus>dialogs/default/separator-btn.png</texturenofocus>
					<sliderwidth>150</sliderwidth>
					<sliderheight>28</sliderheight>
					<texturesliderbar>dialogs/mediasource/slider-back.png</texturesliderbar>
					<textureslidernib>dialogs/mediasource/slider-nib-nf.png</textureslidernib>
					<textureslidernibfocus>dialogs/mediasource/slider-nib-fo.png</textureslidernibfocus>
					<include>DialogButton</include>
					<textoffsetx>20</textoffsetx>
					<pulseonselect>false</pulseonselect>
				</control>

				<control type="image" id="11">
					<description>Separator image</description>
					<height>0</height>
					<texture>-</texture>
				</control>

				<control type="group" id="8000">
					<posx>466</posx>
					<posy>776</posy>
					<control type="button" id="28">
						<description>OK</description>
						<label>OK</label>
						<include>DialogButtonOKCancel</include>
						<texturefocus>common/select-fo.png</texturefocus>
						<texturenofocus>common/select-nf.png</texturenofocus>						
						<align>left</align>	
						<textoffsetx>100</textoffsetx> 					
						<pulseonselect>false</pulseonselect>
						<width>350</width>
						<height>100</height>
						<onleft>50</onleft>
						<onright>29</onright>
						<onup>5</onup>
						<ondown>5</ondown>
						<animation effect="fade" start="100" end="75" time="0" condition="!Control.IsEnabled(28)">Conditional</animation>
					</control>
					<control type="button" id="29">
						<posx>200</posx>
						<description>Cancel</description>
						<label>$LOCALIZE[222]</label>
						<include>DialogButtonOKCancel</include>
						<texturefocus>common/cancel-fo.png</texturefocus>
						<texturenofocus>common/cancel-nf.png</texturenofocus>						
						<align>left</align>	
						<textoffsetx>100</textoffsetx> 					
						<pulseonselect>false</pulseonselect>
						<width>350</width>
						<height>100</height>
						<onleft>28</onleft>
						<onright>50</onright>
						<onup>5</onup>
						<ondown>5</ondown>
						<animation effect="fade" start="100" end="75" time="0" condition="!Control.IsEnabled(29)">Conditional</animation>
					</control>
					<control type="button" id="50">
						<posx>740</posx>
						<description>Defaults</description>
						<label>$LOCALIZE[409]</label>
						<include>DialogButtonOKCancel</include>
						<texturefocus>common/options-fo.png</texturefocus>
						<texturenofocus>common/options-nf.png</texturenofocus>						
						<align>left</align>	
						<textoffsetx>100</textoffsetx> 						
						<pulseonselect>false</pulseonselect>
						<width>350</width>
						<height>100</height>
						<onleft>29</onleft>
						<onright>28</onright>
						<onup>5</onup>
						<ondown>5</ondown>
						<animation effect="fade" start="100" end="75" time="0" condition="!Control.IsEnabled(50)">Conditional</animation>
					</control>
				</control>
			</control>
		</control>
	</controls>
</window>
