<!--XunityChronos -->
<window id="106">
	<defaultcontrol always="true">1000</defaultcontrol>
	<allowoverlay>yes</allowoverlay>

	<controls>			

		<!--Dialog Context Menu -->
		<control type="group">	
			<posx>710</posx>
			<posy>150</posy>
			<include>animation_dialog</include>

			<!--Panel -->
			<control type="image">
				<posx>460</posx>
				<posy>360</posy>
				<width>60</width>
				<height>80</height>
				<texture flipx="true">dialogs/default/arrow-left-black.png</texture>
			</control>
			<control type="image">
				<posx>-10</posx>
				<posy>-10</posy>
				<width>520</width>
				<height>880</height>
				<texture border="39">dialogs/default/bg.png</texture>
				<aspectratio>stretch</aspectratio>
			</control>	
			<control type="image">
				<width>500</width>
				<height>860</height>
				<texture border="39">dialogs/default/bg-white.png</texture>
				<aspectratio>stretch</aspectratio>
			</control>	
			<!--Label Menu:  -->
			<control type="label" id="200">		<!--Label Menu -->
				<posx>21</posx>
				<posy>60</posy>
				<width>458</width>
				<align>left</align>
				<textoffsetx>50</textoffsetx>
				<font>Light40</font>
				<textcolor>mainblue</textcolor>	
				<label>$LOCALIZE[41090]:</label>					
			</control>
			<control type="image" id="201">		<!--Seperator -->	
				<posx>21</posx>
				<posy>120</posy>
				<width>458</width>					
				<height>20</height>	
				<align>left</align>	
				<texture>common/menu-separator.png</texture>				
			</control>	

			<control type="grouplist" id="996">				
				<posx>21</posx>
				<posy>170</posy>
				<width></width>
				<height>630</height>
				<itemgap>3</itemgap>

				<!--Buttons -->				
				<control type="button" id="1000">
					<description>Buttons</description>
					<include>SubMenuButton</include>	
				</control>
			</control>			
		</control>

	</controls>

</window>
