<!-- XunityChronos -->
<window type="dialog" id="134">
	<defaultcontrol always="true">450</defaultcontrol>
	<allowoverlay>yes</allowoverlay>

	<controls>

		<control type="group">
			<posx>550</posx>
			<posy>150</posy>
			<include>animation_dialog</include>
			
			<control type="group">
				<posx>150</posx>
				<posy>35</posy>
				<control type="image">
					<posx>-2.5</posx>
					<posy>-2.5</posy>
					<width>300</width>
					<height>100</height>
					<texture border="39">dialogs/default/bg.png</texture>
					<aspectratio>stretch</aspectratio>
				</control>	
				<control type="image">
					<width>295</width>
					<height>95</height>
					<texture border="39">dialogs/default/bg-white.png</texture>
					<aspectratio>stretch</aspectratio>
				</control>	
			</control>	
			<control type="label" id="1">
				<description>header label</description>
				<posx>0</posx>
				<posy>50</posy>
				<width>600</width>
				<align>center</align>
				<textcolor>midgrey</textcolor>
				<font>Light40</font>
				<label>1036</label>
			</control>

			<control type="list" id="450">
				<posx>20</posx>
				<posy>150</posy>
				<width>560</width>
				<height>690</height>
				<onleft>450</onleft>
				<onright>450</onright>
				<onup>450</onup>
				<ondown>450</ondown>

				<itemlayout height="60">
					<control type="image">
						<posx>0</posx>
						<posy>0</posy>
						<height>60</height>
						<width>600</width>						
						<texture>common/button-un-fo.png</texture>						
					</control>
					<control type="label">
						<posx>50</posx>
						<width>600</width>
						<height>60</height>
						<textcolor>midgrey</textcolor>
						<info>ListItem.Label</info>
					</control>
					<control type="label">
						<posx>600</posx>
						<width>600</width>
						<height>60</height>
						<align>right</align>
						<textcolor>midgrey</textcolor>
						<info>ListItem.Label2</info>
					</control>					
				</itemlayout>
				<focusedlayout height="60">
					<control type="image">
						<posx>0</posx>
						<posy>0</posy>
						<height>60</height>
						<width>600</width>						
						<texture>common/button-fo.png</texture>						
					</control>
					<control type="label">
						<posx>50</posx>
						<width>600</width>
						<height>60</height>
						<textcolor>white</textcolor>
						<info>ListItem.Label</info>
					</control>
					<control type="label">
						<posx>600</posx>
						<width>600</width>
						<height>60</height>
						<align>right</align>
						<textcolor>white</textcolor>
						<info>ListItem.Label2</info>
					</control>					
				</focusedlayout>

			</control>

			<control type="image">
				<description>Large Icon Image</description>
				<posx>600</posx>
				<posy>200</posy>
				<width>512</width>
				<height>512</height>
				<texture>$INFO[Container(450).ListItem.Icon]</texture>				
			</control>

		</control>

	</controls>

</window>