<!--XunityChronos -->
<window>
	<defaultcontrol always="true">300</defaultcontrol>   
	<controls>

		<!--Dialog Overlay -->	
		<include>DialogOverlay</include>

		<!--Keybord -->
		<control type="group">
			<posx>424</posx>
			<posy>450</posy>
			<include>animation_dialog</include>			
			<visible>!Window.IsVisible(numericinput)</visible>

			<control type="image">
				<posx>496</posx>
				<posy>-2</posy>
				<width>80</width>
				<height>60</height>
				<texture>dialogs/default/arrow.png</texture>
			</control>
			<control type="image">				
				<posx>0</posx>
				<posy>18</posy>
				<width>1072</width>
				<height>474</height>
				<texture border="39">dialogs/default/bg.png</texture>
				<aspectratio>stretch</aspectratio>
			</control>
			<control type="group">
				<posx>0</posx>
				<posy>-130</posy>
				<control type="image">	
					<width>1072</width>
					<height>158</height>
					<texture border="39">dialogs/default/bg.png</texture>
					<aspectratio>stretch</aspectratio>
				</control>
				<control type="image">			
					<posx>5</posx>
					<posy>5</posy>
					<width>1062</width>
					<height>148</height>
					<texture border="39">dialogs/default/bg-white.png</texture>
					<aspectratio>stretch</aspectratio>
				</control>
			</control>
			<control type="label" id="311">				
				<posx>36</posx>
				<posy>-100</posy>
				<width>1000</width>
				<height>22</height>				
				<align>center</align>
				<textcolor>midgrey</textcolor>
				<include>DialogHeader</include>
			</control>
			<control type="edit" id="312">				
				<posx>36</posx>
				<posy>-60</posy>
				<width>1000</width>				
				<align>center</align>
				<textcolor>midgrey</textcolor>
				<include>EditTextKeyboard</include>			
			</control>
			<!-- First Row  -->
			<control type="group" id="320">
				<posx>32</posx>
				<posy>50</posy>
				<control type="button" id="307">
					<description>:IP: button</description>
					<posx>0</posx>
					<onleft>109</onleft>
					<onright>100</onright>
					<onup>361</onup>
					<ondown>304</ondown>
					<label>$LOCALIZE[150]</label>
					<include>BigKey</include>           
				</control>
				<control type="group" id="321">
					<control type="button" id="100">
						<description>:1: button</description>
						<posx>190</posx>
						<onright>101</onright>
						<onup>32</onup>
						<ondown>120</ondown>
						<onleft>307</onleft>							
						<include>SmallKey</include>
					</control>
					<control type="button" id="101">
						<description>:2: button</description>
						<posx>271</posx>
						<onleft>100</onleft>
						<onright>102</onright>
						<onup>32</onup>
						<ondown>121</ondown>
						<include>SmallKey</include>
					</control>
					<control type="button" id="102">
						<description>:3: button</description>
						<posx>352</posx>
						<onleft>101</onleft>
						<onright>103</onright>
						<onup>310</onup>
						<ondown>122</ondown>
						<include>SmallKey</include>
					</control>
					<control type="button" id="103">
						<description>:4: button</description>
						<posx>433</posx>
						<onleft>102</onleft>
						<onright>104</onright>
						<onup>32</onup>
						<ondown>123</ondown>
						<include>SmallKey</include>
					</control>
					<control type="button" id="104">
						<description>:5: button</description>
						<posx>514</posx>
						<onleft>103</onleft>
						<onright>105</onright>
						<onup>32</onup>
						<ondown>124</ondown>
						<include>SmallKey</include>
					</control>
					<control type="button" id="105">
						<description>:6: button</description>
						<posx>595</posx>
						<onleft>104</onleft>
						<onright>106</onright>
						<onup>32</onup>
						<ondown>125</ondown>
						<include>SmallKey</include>
					</control>
				</control>
				<control type="group" id="322">
					<control type="button" id="106">
						<description>:7: button</description>
						<posx>676</posx>
						<onleft>105</onleft>
						<onright>107</onright>
						<onup>301</onup>
						<ondown>126</ondown>
						<include>SmallKey</include>
					</control>
					<control type="button" id="107">
						<description>:8: button</description>
						<posx>757</posx>
						<onleft>106</onleft>
						<onright>108</onright>
						<onup>301</onup>
						<ondown>127</ondown>
						<include>SmallKey</include>
					</control>
				</control>
				<control type="group" id="323">
					<control type="button" id="108">
						<description>:9: button</description>
						<posx>838</posx>
						<onleft>107</onleft>
						<onright>109</onright>
						<onup>300</onup>
						<ondown>128</ondown>
						<include>SmallKey</include>
					</control>
					<control type="button" id="109">
						<description>:0: button</description>
						<posx>919</posx>
						<onleft>108</onleft>
						<onright>307</onright>
						<onup>300</onup>
						<ondown>129</ondown>
						<include>SmallKey</include>
					</control>
				</control>
			</control>
			<!-- Second Row  -->
			<control type="group" id="330">
				<posx>32</posx>
				<posy>130</posy>
				<control type="radiobutton" id="304">
					<description>Symbols button</description>
					<posx>0</posx>
					<onleft>129</onleft>
					<onright>120</onright>
					<onup>307</onup>
					<ondown>303</ondown>
					<label>$LOCALIZE[20180]</label>
					<include>BigKey</include>
					<radioposx>15</radioposx>
					<radioposy>15</radioposy>
					<radiowidth>28</radiowidth>
					<radioheight>28</radioheight>
					<textureradioon>dialogs/keyboard/radio-on.png</textureradioon>
					<textureradiooff>dialogs/keyboard/radio-off.png</textureradiooff>
				</control>
				<control type="button" id="120">
					<description>:q: button</description>
					<posx>190</posx>
					<onleft>304</onleft>
					<onright>121</onright>
					<onup>100</onup>
					<ondown>140</ondown>
					<include>SmallKey</include>
				</control>
				<control type="button" id="121">
					<description>:w: button</description>
					<posx>271</posx>
					<onleft>120</onleft>
					<onright>122</onright>
					<onup>101</onup>
					<ondown>141</ondown>
					<include>SmallKey</include>
				</control>
				<control type="button" id="122">
					<description>:e: button</description>
					<posx>352</posx>
					<onleft>121</onleft>
					<onright>123</onright>
					<onup>102</onup>
					<ondown>142</ondown>
					<include>SmallKey</include>
				</control>
				<control type="button" id="123">
					<description>:r: button</description>
					<posx>433</posx>
					<onleft>122</onleft>
					<onright>124</onright>
					<onup>103</onup>
					<ondown>143</ondown>
					<include>SmallKey</include>
				</control>
				<control type="button" id="124">
					<description>:t: button</description>
					<posx>514</posx>
					<onleft>123</onleft>
					<onright>125</onright>
					<onup>104</onup>
					<ondown>144</ondown>
					<include>SmallKey</include>
				</control>
				<control type="button" id="125">
					<description>:y: button</description>
					<posx>595</posx>
					<onleft>124</onleft>
					<onright>126</onright>
					<onup>105</onup>
					<ondown>145</ondown>
					<include>SmallKey</include>
				</control>
				<control type="button" id="126">
					<description>:u: button</description>
					<posx>676</posx>
					<onleft>125</onleft>
					<onright>127</onright>
					<onup>106</onup>
					<ondown>146</ondown>
					<include>SmallKey</include>
				</control>
				<control type="button" id="127">
					<description>:i: button</description>
					<posx>757</posx>
					<onleft>126</onleft>
					<onright>128</onright>
					<onup>107</onup>
					<ondown>147</ondown>
					<include>SmallKey</include>
				</control>
				<control type="button" id="128">
					<description>:o: button</description>
					<posx>838</posx>
					<onleft>127</onleft>
					<onright>129</onright>
					<onup>108</onup>
					<ondown>148</ondown>
					<include>SmallKey</include>
				</control>
				<control type="button" id="129">
					<description>:p: button</description>
					<posx>919</posx>
					<onleft>128</onleft>
					<onright>304</onright>
					<onup>109</onup>
					<ondown>148</ondown>
					<include>SmallKey</include>
				</control>
			</control>
			<!-- Third Row  -->
			<control type="group" id="340">
				<posx>32</posx>
				<posy>210</posy>
				<control type="radiobutton" id="303">
					<description>Caps lock</description>
					<posx>0</posx>
					<label>Caps</label>
					<onleft>148</onleft>
					<onright>140</onright>
					<onup>304</onup>
					<ondown>302</ondown>
					<include>BigKey</include>
					<radioposx>15</radioposx>
					<radioposy>15</radioposy>
					<radiowidth>28</radiowidth>
					<radioheight>28</radioheight>
					<textureradioon>dialogs/keyboard/radio-on.png</textureradioon>
					<textureradiooff>dialogs/keyboard/radio-off.png</textureradiooff>
				</control>
				<control type="button" id="140">
					<description>:a: button</description>
					<posx>190</posx>
					<onleft>303</onleft>
					<onright>141</onright>
					<onup>120</onup>
					<ondown>160</ondown>
					<include>SmallKey</include>
				</control>
				<control type="button" id="141">
					<description>:s: button</description>
					<posx>271</posx>
					<onleft>140</onleft>
					<onright>142</onright>
					<onup>121</onup>
					<ondown>161</ondown>
					<include>SmallKey</include>
				</control>
				<control type="button" id="142">
					<description>:d: button</description>
					<posx>352</posx>
					<onleft>141</onleft>
					<onright>143</onright>
					<onup>122</onup>
					<ondown>162</ondown>
					<include>SmallKey</include>
				</control>
				<control type="button" id="143">
					<description>:f: button</description>
					<posx>433</posx>
					<onleft>142</onleft>
					<onright>144</onright>
					<onup>123</onup>
					<ondown>163</ondown>
					<include>SmallKey</include>
				</control>
				<control type="button" id="144">
					<description>:g: button</description>
					<posx>514</posx>
					<onleft>143</onleft>
					<onright>145</onright>
					<onup>124</onup>
					<ondown>164</ondown>
					<include>SmallKey</include>
				</control>
				<control type="button" id="145">
					<description>:h: button</description>
					<posx>595</posx>
					<onleft>144</onleft>
					<onright>146</onright>
					<onup>125</onup>
					<ondown>165</ondown>
					<include>SmallKey</include>
				</control>
				<control type="group" id="341">
					<control type="button" id="146">
						<description>:j: button</description>
						<posx>676</posx>
						<onleft>145</onleft>
						<onright>147</onright>
						<onup>126</onup>
						<ondown>166</ondown>
						<include>SmallKey</include>
					</control>
					<control type="button" id="147">
						<description>:k: button</description>
						<posx>757</posx>
						<onleft>146</onleft>
						<onright>148</onright>
						<onup>127</onup>
						<ondown>8</ondown>
						<include>SmallKey</include>
					</control>
					<control type="button" id="148">
						<description>:l: button</description>
						<posx>838</posx>
						<onleft>147</onleft>
						<onright>303</onright>
						<onup>128</onup>
						<ondown>8</ondown>
						<include>SmallKey</include>
					</control>
				</control>
			</control>
			<!-- Fourth Row  -->
			<control type="group" id="350">
				<posx>32</posx>
				<posy>290</posy>
				<control type="radiobutton" id="302">
					<description>:Shift: button</description>
					<posx>0</posx>
					<onleft>8</onleft>
					<onright>160</onright>
					<onup>303</onup>
					<ondown>361</ondown>
					<label>Shift</label>
					<include>BigKey</include>
					<radioposx>15</radioposx>
					<radioposy>15</radioposy>
					<radiowidth>28</radiowidth>
					<radioheight>28</radioheight>
					<textureradioon>dialogs/keyboard/radio-on.png</textureradioon>
					<textureradiooff>dialogs/keyboard/radio-off.png</textureradiooff>
				</control>
				<control type="group" id="351">
					<control type="button" id="160">
						<description>:z: button</description>
						<posx>190</posx>
						<onleft>302</onleft>
						<onright>161</onright>
						<onup>140</onup>
						<ondown>32</ondown>
						<include>SmallKey</include>
					</control>
					<control type="button" id="161">
						<description>:x: button</description>
						<posx>271</posx>
						<onleft>160</onleft>
						<onright>162</onright>
						<onup>141</onup>
						<ondown>32</ondown>
						<include>SmallKey</include>
					</control>
					<control type="button" id="162">
						<description>:c: button</description>
						<posx>352</posx>
						<onleft>161</onleft>
						<onright>163</onright>
						<onup>142</onup>
						<ondown>32</ondown>
						<include>SmallKey</include>
					</control>
					<control type="button" id="163">
						<description>:v: button</description>
						<posx>433</posx>
						<onleft>162</onleft>
						<onright>164</onright>
						<onup>143</onup>
						<ondown>32</ondown>
						<include>SmallKey</include>
					</control>
					<control type="button" id="164">
						<description>:b: button</description>
						<posx>514</posx>
						<onleft>163</onleft>
						<onright>165</onright>
						<onup>144</onup>
						<ondown>32</ondown>
						<include>SmallKey</include>
					</control>
					<control type="button" id="165">
						<description>:n: button</description>
						<posx>595</posx>
						<onleft>164</onleft>
						<onright>166</onright>
						<onup>145</onup>
						<ondown>32</ondown>
						<include>SmallKey</include>
					</control>
				</control>
				<control type="button" id="166">
					<description>:m: button</description>
					<posx>676</posx>
					<onleft>165</onleft>
					<onright>8</onright>
					<onup>146</onup>
					<ondown>301</ondown>
					<include>SmallKey</include>
				</control>
				<control type="button" id="8">
					<description>:DEL: button</description>
					<posx>759</posx>
					<onleft>166</onleft>
					<onright>302</onright>
					<onup>341</onup>
					<ondown>362</ondown>
					<label>Backspace</label>
					<include>BackSpace</include>
				</control>
			</control>
			<!-- Fifth Row  -->
			<control type="group" id="360">
				<posx>32</posx>
				<posy>370</posy>
				<control type="group" id="361">
					<control type="button" id="305">
						<description>:move left: button</description>
						<posx>0</posx>
						<onleft>300</onleft>
						<onright>306</onright>
						<onup>302</onup>
						<ondown>307</ondown>
						<textoffsety>15</textoffsety>
						<include>MediumKeyLarr</include>
					</control>
					<control type="button" id="306">
						<description>:move right: button</description>
						<posx>95</posx>
						<onleft>305</onleft>
						<onright>32</onright>
						<onup>302</onup>
						<ondown>307</ondown>
						<textoffsety>15</textoffsety>
						<include>MediumKeyRarr</include>
					</control>
				</control>
				<control type="button" id="32">
					<description>:space: button</description>
					<posx>190</posx>
					<onleft>306</onleft>
					<onright>301</onright>
					<onup>351</onup>
					<ondown>321</ondown>
					<include>SpaceBar</include>
				</control>
				<control type="group" id="362">
					<control type="button" id="301">
						<description>Cancel button</description>
						<posx>676</posx>
						<onleft>32</onleft>
						<onright>300</onright>
						<onup>8</onup>
						<ondown>322</ondown>
						<textoffsetx>0</textoffsetx>
						<label>$LOCALIZE[222]</label>
						<include>DoubleKeyCancel</include>
					</control>
					<control type="button" id="300">
						<description>Done button</description>
						<posx>838</posx>
						<onleft>301</onleft>
						<onright>305</onright>
						<onup>8</onup>
						<ondown>323</ondown>
						<textoffsetx>0</textoffsetx>
						<label>$LOCALIZE[20177]</label>
						<include>DoubleKeyDone</include>
						<onclick>SetProperty(Clear,1)</onclick>
						<onclick condition="!IsEmpty(Window(Home).Property(actor.search))">RunScript(script.metadata.actors,$INFO[Control.GetLabel(310)])</onclick>
					</control>
				</control>
			</control>
		</control>

	</controls>
</window>