<!--XunityChronos -->
<window>
	<defaultcontrol always="true">9002</defaultcontrol>
	<allowoverlay>no</allowoverlay>
	<controls>

		<!--Dialog Overlay -->	
		<include>DialogOverlay</include>

		<!--Dialog Media Source -->
		<control type="group">
			<include>animation_dialog</include>          
			<visible>!Window.IsVisible(virtualkeyboard) + !Window.IsVisible(filebrowser) + !Window.IsVisible(DialogNetworkSetup.xml)</visible>

			<!--Header -->
			<control type="label" id="2">
				<description>Heading</description>
				<posx>473</posx>
				<posy>277</posy>
				<width>974</width>			
				<label>$LOCALIZE[20333]</label>				
				<align>center</align>
				<include>DialogHeader</include>
			</control>

			<!--Panel -->
			<control type="image">
				<posx>920</posx>
				<posy>320</posy>
				<width>80</width>
				<height>60</height>
				<texture>dialogs/default/arrow.png</texture>
			</control>
			<control type="group">
				<posx>445</posx>
				<posy>340</posy>
				<control type="image">
					<width>1030</width>
					<height>401</height>
					<texture border="39">dialogs/default/bg.png</texture>
				</control>
				<control type="image">
					<posx>10</posx>
					<posy>10</posy>
					<width>1010</width>
					<height>381</height>
					<texture border="39">dialogs/default/bg-white.png</texture>
				</control>
			</control>
			<control type="image">
				<posx>479</posx>
				<posy>413</posy>
				<width>690</width>
				<height>181</height>
				<texture border="5">dialogs/default/inner-white.png</texture>
			</control>
			<control type="image">
				<posx>1183</posx>
				<posy>413</posy>
				<width>258</width>
				<height>181</height>
				<texture border="5">dialogs/default/inner-white.png</texture>
			</control>
			<control type="image">
				<posx>479</posx>
				<posy>647</posy>
				<width>962</width>
				<height>61</height>
				<texture border="5">dialogs/default/inner-white.png</texture>
			</control>

			<!--Groups -->
			<control type="group" id="9002">
				<control type="label">
					<description>Path label</description>
					<posx>479</posx>
					<posy>375</posy>
					<width>922</width>
					<height>30</height>
					<align>left</align>
					<textoffsetx>20</textoffsetx>
					<label>1021</label>
					<include>DialogLabel</include>					
				</control>
				<control type="list" id="10">
					<posx>479</posx>
					<posy>413</posy>
					<width>690</width>
					<height>180</height>
					<onup>9001</onup>
					<onleft>9004</onleft>
					<onright>60</onright>
					<ondown>9003</ondown>
					<pagecontrol>60</pagecontrol>
					<scrolltime tween="cubic" easing="out">500</scrolltime>
					<itemlayout height="60">
						<control type="image">
							<posx>0</posx>
							<posy>1</posy>
							<width>690</width>
							<height>60</height>
							<texture>dialogs/default/separator.png</texture>
						</control>
						<control type="label">
							<posx>20</posx>
							<width>596</width>
							<height>60</height>
							<info>ListItem.Label</info>
							<include>DialogListNF</include>
							<scroll>false</scroll>
						</control>
						<control type="image">
							<posx>616</posx>
							<width>74</width>
							<height>60</height>
							<texture>dialogs/mediasource/keyboard-nf.png</texture>
						</control>
					</itemlayout>
					<focusedlayout height="60">
						<control type="group">
							<visible>!Control.HasFocus(10)</visible>
							<control type="image">
								<posx>0</posx>
								<posy>1</posy>
								<width>690</width>
								<height>60</height>
								<texture>dialogs/default/separator.png</texture>
							</control>
							<control type="label">
								<posx>20</posx>
								<width>596</width>
								<height>60</height>
								<info>ListItem.Label</info>
								<include>DialogListNF</include>
								<scroll>false</scroll>
							</control>
							<control type="image">
								<posx>616</posx>
								<width>74</width>
								<height>60</height>
								<texture>dialogs/mediasource/rules-nf.png</texture>
								<visible>!ListItem.IsSelected</visible>
							</control>
						</control>
						<control type="group">
							<visible>Control.HasFocus(10)</visible>
							<control type="image">
								<width>690</width>
								<height>60</height>
								<texture border="2">dialogs/default/highlight.png</texture>
							</control>
							<control type="label">
								<posx>20</posx>
								<width>596</width>
								<height>60</height>
								<info>ListItem.Label</info>
								<include>DialogListFO</include>
								<scroll>false</scroll>
							</control>
							<control type="image">
								<posx>616</posx>
								<width>74</width>
								<height>60</height>
								<texture>dialogs/mediasource/rules-fo.png</texture>
								<visible>!ListItem.IsSelected</visible>
							</control>
						</control>
						<control type="image">
							<posx>623</posx>
							<width>60</width>
							<height>60</height>
							<texture>dialogs/select/selected.png</texture>
							<visible>ListItem.IsSelected</visible>
						</control>
					</focusedlayout>
				</control>

				<control type="image" id="61">
					<animation effect="fade" start="0" end="100" time="0">Visible</animation>
					<animation effect="fade" start="100" end="0" time="0">Hidden</animation>
					<visible>Control.HasFocus(60)</visible>
				</control>
				<control type="image" id="61">
					<animation effect="fade" start="0" end="100" time="0">Visible</animation>
					<animation effect="fade" start="100" end="0" time="0" delay="1000">Hidden</animation>
					<visible>!Control.HasFocus(60) + [Container(10).Scrolling | Container(10).OnScrollNext | Container(10).OnScrollPrevious]</visible>
				</control>
				<control type="scrollbar" id="60">
					<posx>1155</posx>
					<posy>416</posy>
					<width>11</width>
					<height>174</height>
					<texturesliderbackground>-</texturesliderbackground>
					<texturesliderbar border="0,6,0,6">dialogs/default/scrollbar.png</texturesliderbar>
					<texturesliderbarfocus border="0,6,0,6">dialogs/default/scrollbar.png</texturesliderbarfocus>
					<textureslidernib>-</textureslidernib>
					<textureslidernibfocus>-</textureslidernibfocus>
					<onleft>10</onleft>
					<onright>9004</onright>
					<showonepage>false</showonepage>
					<orientation>vertical</orientation>
					<animation effect="fade" start="75" end="0" time="300" tween="sine" easing="inout" condition="!Control.IsVisible(61)">Conditional</animation>
				</control>

				<control type="group" id="9004">
					<posx>1183</posx>
					<control type="button" id="11">
						<description>Browse</description>
						<posy>413</posy>
						<label>$LOCALIZE[1024]</label>
						<include>DialogButtonBrowseAdd</include>
						<texturefocus border="54,2,2,2">dialogs/mediasource/browse-fo.png</texturefocus>
						<texturenofocus>dialogs/mediasource/browse-nf.png</texturenofocus>						
						<align>left</align>						
						<textoffsetx>60</textoffsetx>
						<width>258</width>
						<height>60</height> 
						<onup>18</onup>
						<onleft>10</onleft>
						<onright>10</onright>
						<ondown>13</ondown>
						<animation effect="fade" start="100" end="50" time="0" condition="!Control.IsEnabled(11)" reversible="false">Conditional</animation>
					</control>
					<control type="button" id="13">
						<description>Add</description>
						<posy>473</posy>
						<label>$LOCALIZE[15019]</label>
						<include>DialogButtonBrowseAdd</include>
						<texturefocus border="54,2,2,2">dialogs/mediasource/add-fo.png</texturefocus>
						<texturenofocus>dialogs/mediasource/add-nf.png</texturenofocus>						
						<align>left</align>						
						<textoffsetx>60</textoffsetx>
						<width>258</width>
						<height>60</height> 
						<onup>11</onup>
						<onleft>10</onleft>
						<onright>10</onright>
						<ondown>14</ondown>
						<animation effect="fade" start="100" end="50" time="0" condition="!Control.IsEnabled(13)" reversible="false">Conditional</animation>
					</control>
					<control type="button" id="14">
						<description>remove</description>
						<posy>533</posy>
						<label>$LOCALIZE[1210]</label>
						<include>DialogButtonBrowseAdd</include>
						<texturefocus border="54,2,2,2">dialogs/mediasource/remove-fo.png</texturefocus>
						<texturenofocus>dialogs/mediasource/remove-nf.png</texturenofocus>						
						<align>left</align>						
						<textoffsetx>60</textoffsetx>
						<width>258</width>
						<height>60</height>
						<onup>13</onup>
						<onleft>10</onleft>
						<onright>10</onright>
						<ondown>9003</ondown>
						<animation effect="fade" start="100" end="50" time="0" condition="!Control.IsEnabled(14)" reversible="false">Conditional</animation>
					</control>
				</control>
			</control>
			<control type="group" id="9003">
				<control type="label">
					<description>Name label</description>
					<posx>479</posx>
					<posy>609</posy>
					<width>922</width>
					<height>30</height>
					<align>left</align>
					<textoffsetx>20</textoffsetx>
					<label>1022</label>
					<textcolor>FF585858</textcolor>
					<shadowcolor>20FFFFFF</shadowcolor>
					<font>Light30</font>
				</control>
				<control type="button" id="12">
					<description>Name Button</description>
					<posx>479</posx>
					<posy>647</posy>
					<width>910</width>
					<height>60</height>
					<align>left</align>
					<textoffsetx>20</textoffsetx>
					<include>DialogButtonBrowseAdd</include>
					<texturefocus border="2">dialogs/default/highlight.png</texturefocus>
					<texturenofocus>-</texturenofocus>	
					<onup>9002</onup>
					<onleft>-</onleft>
					<onright>-</onright>
					<ondown>9001</ondown>
					<animation effect="fade" start="100" end="50" time="0" condition="!Control.IsEnabled(12)" reversible="false">Conditional</animation>
				</control>
				<control type="image">
					<posx>1367</posx>
					<posy>647</posy>
					<width>74</width>
					<height>60</height>
					<texture>dialogs/mediasource/keyboard-nf.png</texture>
					<visible>!Control.HasFocus(12)</visible>
				</control>
				<control type="image">
					<posx>1367</posx>
					<posy>647</posy>
					<width>74</width>
					<height>60</height>
					<texture>dialogs/mediasource/keyboard-fo.png</texture>
					<visible>Control.HasFocus(12)</visible>
				</control>
			</control>

			<!--Buttons -->
			<control type="group" id="9001">
				<posx>466</posx>
				<posy>703</posy>
				<control type="button" id="18">
					<description>OK</description>
					<label>OK</label>
					<include>DialogButtonOKCancel</include>
					<texturefocus>common/select-fo.png</texturefocus>
					<texturenofocus>common/select-nf.png</texturenofocus>					
					<align>left</align>	
					<textoffsetx>100</textoffsetx> 					
					<width>350</width>
					<height>100</height>
					<onleft>19</onleft>
					<onright>19</onright>
					<onup>9003</onup>
					<ondown>9002</ondown>
					<animation effect="fade" start="100" end="75" time="0" condition="!Control.IsEnabled(18)">Conditional</animation>
				</control>
				<control type="button" id="19">
					<posx>200</posx>
					<description>Close</description>
					<label>$LOCALIZE[222]</label>
					<include>DialogButtonOKCancel</include>
					<texturefocus>common/cancel-fo.png</texturefocus>
					<texturenofocus>common/cancel-nf.png</texturenofocus>					
					<align>left</align>		
					<textoffsetx>100</textoffsetx> 		
					<width>350</width>
					<height>100</height>
					<onleft>18</onleft>
					<onright>18</onright>
					<onup>9003</onup>
					<ondown>9002</ondown>
					<animation effect="fade" start="100" end="75" time="0" condition="!Control.IsEnabled(19)">Conditional</animation>
				</control>
			</control>
		</control>
	</controls>
</window>