<!--XunityChronos -->
<window>
	<defaultcontrol always="true">21</defaultcontrol>   
	<controls>

		<!--Dialog Overlay -->	
		<include>DialogOverlay</include>

		<!--Numeric -->		       
		<control type="group">
			<posx>800</posx>
			<posy>332</posy>
			<animation type="WindowOpen" reversible="false">
				<effect type="zoom" start="75" end="100" center="960,540" easing="out" tween="back" time="300" />
				<effect type="fade" start="0" end="100" time="175" />
			</animation>
			<animation type="WindowClose" reversible="false">
				<effect type="zoom" start="100" end="175" center="960,540" easing="out" tween="sine" time="300" />
				<effect type="fade" start="100" end="0" time="250" easing="out" tween="cubic" />
			</animation>
			<animation type="Visible" reversible="false">
				<effect type="zoom" start="75" end="100" center="960,540" easing="out" tween="back" time="300" />
				<effect type="fade" start="0" end="100" time="175" />
			</animation>
			<animation type="Hidden" reversible="false">
				<effect type="zoom" start="100" end="75" center="960,540" easing="in" tween="back" time="300" />
				<effect type="fade" start="100" end="0" delay="200" time="100" />
			</animation>
			<control type="image">
				<posx>120</posx>
				<posy>-4</posy>
				<width>80</width>
				<height>60</height>
				<texture>dialogs/default/arrow.png</texture>
			</control>
			<control type="image">			
				<posx>0</posx>
				<posy>16</posy>
				<width>320</width>
				<height>398</height>
				<texture border="39">dialogs/default/bg.png</texture>
				<aspectratio>stretch</aspectratio>
			</control>
			<control type="group">
				<posx>0</posx>
				<posy>-120</posy>
				<control type="image">	
					<width>320</width>
					<height>145</height>
					<texture border="39">dialogs/default/bg.png</texture>
					<aspectratio>stretch</aspectratio>
				</control>
				<control type="image">			
					<posx>5</posx>
					<posy>5</posy>
					<width>310</width>
					<height>135</height>
					<texture border="39">dialogs/default/bg-white.png</texture>
					<aspectratio>stretch</aspectratio>
				</control>
			</control>
			<control type="label" id="1">				
				<posx>-340</posx>
				<posy>-85</posy>
				<width>1000</width>
				<height>22</height>					
				<align>center</align>
				<textcolor>midgrey</textcolor>
				<wrapmultiline>true</wrapmultiline>
				<include>DialogHeader</include>
			</control>
			<control type="label" id="4">				
				<posx>-340</posx>
				<posy>-50</posy>
				<width>1000</width>					
				<align>center</align>					
				<include>EditTextNumeric</include>
			</control>
			<!-- First Row  -->
			<control type="group">
				<posx>34</posx>
				<posy>50</posy>					
				<control type="button" id="17">
					<description>:7: button</description>
					<posx>0</posx>
					<label>12317</label>
					<onleft>19</onleft>
					<onright>18</onright>
					<onup>23</onup>
					<ondown>14</ondown>
					<include>SmallKey</include>
				</control>
				<control type="button" id="18">
					<description>:8: button</description>
					<posx>81</posx>
					<label>12318</label>
					<onleft>17</onleft>
					<onright>19</onright>
					<onup>10</onup>
					<ondown>15</ondown>
					<include>SmallKey</include>
				</control>
				<control type="button" id="19">
					<description>:9: button</description>
					<posx>162</posx>
					<label>12319</label>
					<onleft>18</onleft>
					<onright>17</onright>
					<onup>21</onup>
					<ondown>16</ondown>
					<include>SmallKey</include>
				</control>
			</control>
			<!-- Second Row  -->
			<control type="group">
				<posx>34</posx>
				<posy>130</posy>					
				<control type="button" id="14">
					<description>:4: button</description>
					<posx>0</posx>
					<label>12314</label>
					<onleft>16</onleft>
					<onright>15</onright>
					<onup>17</onup>
					<ondown>11</ondown>
					<include>SmallKey</include>
				</control>
				<control type="button" id="15">
					<description>:5: button</description>
					<posx>81</posx>
					<label>12315</label>
					<onleft>14</onleft>
					<onright>16</onright>
					<onup>18</onup>
					<ondown>12</ondown>
					<include>SmallKey</include>
				</control>
				<control type="button" id="16">
					<description>:6: button</description>
					<posx>162</posx>
					<label>12316</label>
					<onleft>15</onleft>
					<onright>14</onright>
					<onup>19</onup>
					<ondown>13</ondown>
					<include>SmallKey</include>
				</control>
			</control>
			<!-- Third Row  -->
			<control type="group">
				<posx>34</posx>
				<posy>210</posy>					
				<control type="button" id="11">
					<description>:1: button</description>
					<posx>0</posx>
					<label>12311</label>
					<onleft>13</onleft>
					<onright>12</onright>
					<onup>14</onup>
					<ondown>23</ondown>
					<include>SmallKey</include>
				</control>
				<control type="button" id="12">
					<description>:2: button</description>
					<posx>81</posx>
					<label>12312</label>
					<onleft>11</onleft>
					<onright>13</onright>
					<onup>15</onup>
					<ondown>10</ondown>
					<include>SmallKey</include>
				</control>
				<control type="button" id="13">
					<description>:3: button</description>
					<posx>162</posx>
					<label>12313</label>
					<onleft>12</onleft>
					<onright>11</onright>
					<onup>16</onup>
					<ondown>21</ondown>
					<include>SmallKey</include>
				</control>
			</control>
			<!-- Fourth Row  -->
			<control type="group">
				<posx>34</posx>
				<posy>290</posy>				
				<control type="button" id="23">
					<description>Backspace button</description>
					<posx>0</posx>
					<onleft>21</onleft>
					<onright>10</onright>
					<onup>11</onup>
					<ondown>17</ondown>
					<texturefocus>dialogs/keyboard/keysmallbackfocus.png</texturefocus>
					<texturenofocus>dialogs/keyboard/keysmallbacknofocus.png</texturenofocus>
					<include>SmallKey</include>
				</control>      
				<control type="button" id="10">
					<description>:0: button</description>
					<posx>81</posx>
					<label>12310</label>
					<onleft>23</onleft>
					<onright>21</onright>
					<onup>12</onup>
					<ondown>18</ondown>
					<include>SmallKey</include>
				</control>
				<control type="button" id="21">
					<description>Done button</description>
					<posx>162</posx>
					<onleft>10</onleft>
					<onright>23</onright>
					<onup>13</onup>
					<ondown>19</ondown>
					<texturefocus>dialogs/keyboard/keysmalldonefocus.png</texturefocus>
					<texturenofocus>dialogs/keyboard/keysmalldonenofocus.png</texturenofocus>
					<include>SmallKey</include>
				</control>
			</control>
		</control>

	</controls>
</window>