<!--XunityChronos -->
<window>
	<defaultcontrol always="true">9000</defaultcontrol>       
	<allowoverlay>no</allowoverlay>	
	<controls>

		<!-- Movies, TVShows, Seasons, Episodes -->
		<control type="group">	<!--Dialog Overlay -->	
			<visible>Container.Content(movies) | Container.Content(tvshows) | Container.Content(episodes)</visible>	
			<visible>!substring(Container.FolderPath,addons://sources/video/) + !substring(Container.FolderPath,plugin://plugin.video)</visible>
			<control type="image">
				<animation effect="fade" time="800" start="0" end="100">WindowOpen</animation>
				<animation effect="fade" time="800" start="100" end="0">WindowClose</animation>
				<include>DimensionsFullscreen</include>
				<colordiffuse>FFFFFFFF</colordiffuse>
				<texture background="true" fallback="special://skin/backgrounds/videos.png">$INFO[Listitem.Property(Fanart_Image)]</texture>		
			</control>
			<control type="image">
				<animation effect="fade" time="800" start="0" end="100">WindowOpen</animation>
				<animation effect="fade" time="800" start="100" end="0">WindowClose</animation>
				<include>DimensionsFullscreen</include>
				<colordiffuse>ddFFFFFF</colordiffuse>
				<texture background="true">common/black.png</texture>			
			</control>		
		</control>	
		<control type="group">	<!--Start Dialog -->		
			<visible>Container.Content(movies) | Container.Content(tvshows) | Container.Content(episodes)</visible>	
			<visible>!substring(Container.FolderPath,addons://sources/video/) + !substring(Container.FolderPath,plugin://plugin.video)</visible>
			<include>animation_dialog</include>	
			
			<!--Info Stuff -->
			<control type="group">		
				<visible>ControlGroup(9000).HasFocus()</visible>			
				<animation type="Visible">
					<effect type="slide" start="-1920" end="0" time="600" delay="0" tween="sine" easing="inout" />
				</animation>
				<animation type="Hidden">
					<effect type="zoom" start="100" end="75" center="640,540" time="300" tween="sine" easing="inout" />
					<effect type="slide" start="0" end="-2320" time="600" delay="0" tween="sine" easing="inout" />
				</animation>

				<!--Butons 9000 -->
				<control type="grouplist" id="9000">	
					<posx>132</posx>
					<posy>585</posy>
					<width>571</width>
					<height>316</height>
					<itemgap>0</itemgap>

					<onup>-</onup>					
					<ondown>-</ondown>					

					<onright>SetFocus(9001)</onright>     
					<onleft>-</onleft>			
					<orientation>vertical</orientation>
				
					<control type="button" id="100">	<!--Search Trailer on Youtube -->	
						<visible>Container.Content(movies)</visible>	
						<width>585</width>
						<height>60</height>
						<align>center</align>		
						<textoffsetx>0</textoffsetx>			
						<label>$LOCALIZE[41092]</label>	
						<onclick>Skin.SetBool(youtube)</onclick>
						<onclick>Dialog.Close(movieinformation,true)</onclick>
						<onclick>ActivateWindow(videos,plugin://plugin.video.youtube/?path=/root/search&amp;feed=search&amp;search=$INFO[ListItem.Title] Trailer $INFO[System.Language],return)</onclick>
						<onclick>SetFocus(50)</onclick>
					</control>	
					<control type="button" id ="8">		<!--Play -->											
						<label>208</label>
						<width>585</width>
						<height>60</height>
						<align>center</align>		
						<textoffsetx>0</textoffsetx>	
					</control>
					<control type="button" id ="9">		<!--Resume -->							
						<label>13404</label>
						<width>585</width>
						<height>60</height>
						<align>center</align>		
						<textoffsetx>0</textoffsetx>						
					</control>
					<control type="button" id ="6">		<!--Refresh -->						
						<label>184</label>
						<width>585</width>
						<height>60</height>
						<align>center</align>		
						<textoffsetx>0</textoffsetx>		
					</control>
					<control type="button" id ="10">	<!--Get Thumb -->	
						<visible>Skin.HasSetting(NoArtworkDownloader)</visible>
						<label>13511</label>
						<width>585</width>
						<height>60</height>
						<align>center</align>		
						<textoffsetx>0</textoffsetx>						
					</control>
					<control type="button" id ="101">	<!--Get Thumb Artwork Downloader -->	
						<visible>!Skin.HasSetting(NoArtworkDownloader)</visible>
						<label>13511</label>
						<width>585</width>
						<height>60</height>
						<align>center</align>		
						<textoffsetx>0</textoffsetx>
						<onclick>ActivateWindow(3004)</onclick>						
					</control>

				</control>

				<!-- Fanart -->
				<control type="image">		<!--Movies -->
					<posx>132</posx>
					<posy>254</posy>
					<width>571</width>
					<height>321</height>
					<aspectratio>stretch</aspectratio>
					<texture background="true">$INFO[ListItem.property(fanart_image)]</texture>
					<visible>!Container.Content(episodes)</visible>
				</control>	
				<control type="image">		<!--Episode Thumb -->
					<posx>132</posx>
					<posy>254</posy>
					<width>571</width>
					<height>321</height>
					<aspectratio>stretch</aspectratio>
					<texture background="true">$INFO[ListItem.Thumb]</texture>
					<visible>Container.Content(episodes)</visible>
				</control>

				<!-- Title Label -->            
				<control type="label">
					<animation effect="fade" start="0" end="100" time="300" tween="sine" delay="300" easing="in">WindowOpen</animation>
					<posx>132</posx>
					<posy>50</posy>
					<height>100</height>
					<width>1300</width>
					<label>$INFO[ListItem.Title]</label>
					<font>Reg75</font>
					<textcolor>aawhite</textcolor>
					<align>left</align>
					<scroll>false</scroll>					
				</control>				

				<!--Arrow -->
				<control type="grouplist">
					<posx>132</posx>
					<posy>160</posy>
					<width>600</width>
					<orientation>horizontal</orientation>
					<itemgap>20</itemgap>

					<!-- Cast Label -->
					<control type="label">	
						<height>60</height>
						<width min="50" max="400">auto</width>
						<label>$LOCALIZE[206]</label>
						<font>Reg45</font>
						<textcolor>eewhite</textcolor>
						<align>left</align>
						<scroll>false</scroll>  						
					</control>
					<!--Arrow -->
					<control type="image">				
						<animation effect="fade" start="100" end="50" tween="sine" easing="inout" time="800" pulse="true" reversible="false" condition="true">Conditional</animation>
						<posy>50</posy>
						<width>20</width>
						<height>60</height>
						<aspectratio>keep</aspectratio>
						<texture>dialogs/videoinfo/arrow.png</texture>
						<visible>!Control.HasFocus(50)</visible>
					</control>		
				</control>

				<!--Info -->
				<control type="grouplist">
					<animation effect="fade" start="0" end="100" time="300" tween="sine" delay="300" easing="in">WindowOpen</animation>
					<animation effect="fade" start="0" end="100" time="300" tween="sine" delay="500" easing="in">Visible</animation>
					<animation effect="fade" start="100" end="0" time="300" tween="sine" delay="500" easing="out">Hidden</animation>
					<posx>760</posx>
					<posy>245</posy>
					<width>1050</width>
					<height>700</height>
					<orientation>vertical</orientation>
					<control type="group"><!--Title: Movies -->
						<width>950</width>
						<height>70</height>
						<visible>Container.Content(Movies)</visible>						
						<control type="label">
							<posx>8</posx>
							<posy>0</posy>
							<width>950</width>
							<font>Reg45</font>
							<align>left</align>
							<label>$INFO[ListItem.Title]</label>
							<textcolor>mainblue</textcolor>
							<scroll>false</scroll>
						</control>
					</control>
					<control type="group"><!--Title: TV-Shows -->
						<width>950</width>
						<height>70</height>
						<visible>Container.Content(TVShows)</visible>						
						<control type="label">
							<posx>8</posx>
							<posy>0</posy>
							<width>950</width>
							<font>Reg45</font>
							<align>left</align>
							<label>$INFO[ListItem.Title]</label>
							<textcolor>mainblue</textcolor>
							<scroll>false</scroll>
						</control>
					</control>
					<control type="group"><!--Title: Episodes -->
						<width>950</width>
						<height>70</height>
						<visible>Container.Content(Episodes)</visible>						
						<control type="label">
							<posx>8</posx>
							<posy>0</posy>
							<width>950</width>
							<font>Reg45</font>
							<align>left</align>
							<label>$INFO[ListItem.Season,,x]$INFO[ListItem.Episode,,. ]$INFO[ListItem.Title]</label>
							<textcolor>mainblue</textcolor>
							<scroll>false</scroll>
						</control>
					</control>
					<control type="group"><!--Year: Movies -->
						<width>950</width>
						<height>40</height>
						<visible>Container.Content(Movies) + !IsEmpty(ListItem.Year)</visible>						
						<control type="image">
							<posx>0</posx>
							<posy>3</posy>
							<width>49</width>
							<height>49</height>
							<texture>dialogs/videoinfo/premiered-icon.png</texture>							
						</control>
						<control type="label">
							<posx>60</posx>
							<posy>0</posy>
							<width>950</width>
							<font>Reg34</font>
							<align>left</align>
							<label>$INFO[ListItem.Year]</label>
							<textcolor>aawhite</textcolor>
							<scroll>false</scroll>
						</control>
					</control>
					<control type="group"><!--Premiered: TV-Shows, Episodes -->
						<width>950</width>
						<height>40</height>
						<visible>[Container.Content(TVShows) | Container.Content(episodes)] + !IsEmpty(ListItem.Premiered)</visible>						
						<control type="image">
							<posx>0</posx>
							<posy>3</posy>
							<width>49</width>
							<height>49</height>
							<texture>dialogs/videoinfo/premiered-icon.png</texture>							
						</control>
						<control type="label">
							<posx>60</posx>
							<posy>0</posy>
							<width>950</width>
							<font>Reg34</font>
							<align>left</align>
							<label>$INFO[ListItem.Premiered]</label>
							<textcolor>aawhite</textcolor>
							<scroll>false</scroll>
						</control>
					</control>
					<control type="group"><!--Runtime: Movie, Episodes -->
						<width>950</width>
						<height>40</height>
						<visible>Container.Content(Movies) | Container.Content(episodes)</visible>
						<control type="image">
							<posx>0</posx>
							<posy>3</posy>
							<width>49</width>
							<height>49</height>
							<texture>dialogs/videoinfo/time-icon.png</texture>							
						</control>						
						<control type="label">
							<posx>60</posx>
							<posy>0</posy>
							<width>950</width>
							<font>Reg34</font>
							<align>left</align>
							<label>$INFO[ListItem.Duration,, $LOCALIZE[12391]]</label>
							<textcolor>aawhite</textcolor>
							<scroll>false</scroll>
						</control>
					</control>
					<control type="group"><!--Genre -->					
						<width>950</width>
						<height>40</height>
						<visible>!IsEmpty(ListItem.Genre)</visible>
						<control type="image">
							<posx>0</posx>
							<posy>3</posy>
							<width>49</width>
							<height>49</height>
							<texture>dialogs/videoinfo/genre-icon.png</texture>							
						</control>
						<control type="label">
							<posx>60</posx>
							<posy>0</posy>
							<width>950</width>
							<font>Reg34</font>
							<align>left</align>
							<label>$INFO[ListItem.Genre]</label>
							<textcolor>aawhite</textcolor>
							<scroll>false</scroll>
						</control>
					</control>
					<control type="group"><!--Director: Movies, Episodes -->					
						<width>950</width>
						<height>40</height>
						<visible>[Container.Content(Movies) | Container.Content(episodes)] + !IsEmpty(ListItem.Director)</visible>
						<control type="image">
							<posx>0</posx>
							<posy>5</posy>
							<width>49</width>
							<height>49</height>
							<texture>dialogs/videoinfo/director-icon.png</texture>							
						</control>
						<control type="label">
							<posx>60</posx>
							<posy>0</posy>
							<width>950</width>
							<font>Reg34</font>
							<align>left</align>
							<label>$INFO[ListItem.Director]</label>
							<textcolor>aawhite</textcolor>
							<scroll>false</scroll>
						</control>
					</control>
					<control type="group"><!--Writer: Movies, Episodes -->						
						<width>950</width>
						<height>59</height>
						<visible>[Container.Content(Movies) | Container.Content(episodes)] + !IsEmpty(ListItem.Writer)</visible>
						<control type="image">
							<posx>0</posx>
							<posy>2</posy>
							<width>49</width>
							<height>49</height>
							<texture>dialogs/videoinfo/writer-icon.png</texture>							
						</control>
						<control type="label">
							<posx>60</posx>
							<posy>0</posy>
							<width>950</width>
							<font>Reg34</font>
							<align>left</align>
							<label>$INFO[ListItem.Writer]</label>
							<textcolor>aawhite</textcolor>
							<scroll>false</scroll>
						</control>
					</control>
					<control type="group"><!--Studio: TV-Shows -->
						<width>950</width>
						<height>40</height>
						<visible>Container.Content(TVShows) + !IsEmpty(ListItem.Studio)</visible>						
						<control type="label">
							<posx>8</posx>
							<posy>0</posy>
							<width>950</width>
							<font>Reg34</font>
							<align>left</align>
							<label>$INFO[ListItem.Studio,$LOCALIZE[572]: ,]</label>
							<textcolor>aawhite</textcolor>
							<scroll>false</scroll>
						</control>
					</control>
					<control type="group"><!--Total: Episodes -->
						<width>950</width>
						<height>40</height>
						<visible>Container.Content(TVShows) + !IsEmpty(ListItem.Property(TotalEpisodes))</visible>					
						<control type="label">
							<posx>8</posx>
							<posy>0</posy>
							<width>950</width>
							<font>Reg34</font>
							<align>left</align>
							<label>$INFO[ListItem.Property(TotalEpisodes),$LOCALIZE[20360]: ,]</label>
							<textcolor>aawhite</textcolor>
							<scroll>false</scroll>
						</control>
					</control>
					<control type="group"><!--Unwatched: Episodes -->
						<width>950</width>
						<height>40</height>
						<visible>Container.Content(TVShows) + !IsEmpty(ListItem.Property(unWatchedepisodes))</visible>						
						<control type="label">
							<posx>8</posx>
							<posy>0</posy>
							<width>950</width>
							<font>Reg34</font>
							<align>left</align>
							<label>$INFO[ListItem.Property(unWatchedepisodes),$LOCALIZE[41033]: ,]</label>
							<textcolor>aawhite</textcolor>
							<scroll>false</scroll>
						</control>
					</control>
				</control>             

				<!--Flags -->
				<control type="group">			<!--Flags Video -->						
					<visible>Container.Content(movies) | Container.Content(episodes)</visible>
					<animation effect="fade" start="0" end="100" time="300" tween="sine" delay="300" easing="in">WindowOpen</animation>
					<animation effect="fade" start="0" end="100" time="300" tween="sine" delay="500" easing="in">Visible</animation>
					<animation effect="fade" start="100" end="0" time="300" tween="sine" delay="500" easing="out">Hidden</animation>
					<posx>760</posx>
					<posy>930</posy>			

					<control type="image">	<!--Video Resolution -->	
						<posx>0</posx>
						<posy>0</posy>
						<width>212</width>
						<height>45</height>		
						<colordiffuse>video_info_flag</colordiffuse>
						<texture fallback="flags/resolution/default.png">$INFO[ListItem.VideoResolution,flags/resolution/,.png]</texture>					
					</control>	
					<control type="image">	<!--VideoCode -->
						<posx>0</posx>
						<posy>0</posy>
						<width>212</width>
						<height>45</height>		
						<colordiffuse>video_info_flag</colordiffuse>
						<texture fallback="flags/videocodec/default.png">$INFO[ListItem.VideoCodec,flags/videocodec/,.png]</texture>				
					</control>				
					<control type="image">	<!--Aspectration -->
						<posx>0</posx>
						<posy>0</posy>
						<width>212</width>
						<height>45</height>		
						<colordiffuse>video_info_flag</colordiffuse>
						<texture fallback="flags/aspectration/default.png">$INFO[ListItem.VideoAspect,flags/aspectration/,.png]</texture>					
					</control>
				</control>	
				<control type="group">			<!--Flags Audio -->		
					<visible>Container.Content(movies) | Container.Content(episodes)</visible>	
					<animation effect="fade" start="0" end="100" time="300" tween="sine" delay="300" easing="in">WindowOpen</animation>
					<animation effect="fade" start="0" end="100" time="300" tween="sine" delay="500" easing="in">Visible</animation>
					<animation effect="fade" start="100" end="0" time="300" tween="sine" delay="500" easing="out">Hidden</animation>
					<posx>990</posx>
					<posy>930</posy>			

					<control type="image">	<!--Audio Codec -->	
						<posx>0</posx>
						<posy>0</posy>
						<width>124</width>
						<height>45</height>		
						<colordiffuse>video_info_flag</colordiffuse>
						<texture fallback="flags/audiocodec/default.png">$INFO[ListItem.AudioCodec,flags/audiocodec/,.png]</texture>					
					</control>	
					<control type="image">	<!--Audio Channels -->	
						<posx>0</posx>
						<posy>0</posy>
						<width>124</width>
						<height>45</height>		
						<colordiffuse>video_info_flag</colordiffuse>
						<texture fallback="flags/audiochannels/default.png">$INFO[ListItem.AudioChannels,flags/audiochannels/,.png]</texture>					
					</control>	
				</control>	

				<!--Rating -->
				<control type="image">			<!--10Star Rating -->				
					<visible>Container.Content(movies) | Container.Content(episodes)</visible>		
					<animation effect="fade" start="0" end="100" time="300" tween="sine" delay="300" easing="in">WindowOpen</animation>
					<posx>1200</posx>
					<posy>940</posy>
					<width>315</width>
					<height>27</height>	
					<colordiffuse>aaFFFFFF</colordiffuse>
					<texture fallback="rating/10stars/NA.png">$INFO[ListItem.Rating,rating/10stars_blue/,.png]</texture>													
				</control>				    
				<control type="label">			<!--Rating Label -->    
					<visible>Container.Content(movies) | Container.Content(episodes)</visible>	
					<animation effect="fade" start="0" end="100" time="300" tween="sine" delay="300" easing="in">WindowOpen</animation>
					<posx>1550</posx>
					<posy>925</posy>
					<width>250</width>
					<label>$INFO[ListItem.Rating]</label>
					<font>Reg50</font>
					<textcolor>mainblue</textcolor>					
					<scroll>false</scroll>
				</control>
				<include>MPAARating</include>	<!--MPAA Rating -->
				
				<!-- Plot -->
				<control type="group">
					<animation effect="fade" start="0" end="100" time="300" tween="sine" delay="300" easing="in">WindowOpen</animation>
					<animation effect="fade" start="0" end="100" time="300" tween="sine" delay="500" easing="in">Visible</animation>
					<animation effect="fade" start="100" end="0" time="300" tween="sine" delay="500" easing="out">Hidden</animation>
					<posx>770</posx>
					<posy>590</posy>
					<width>1045</width>
					<height>60</height>
					<control type="textbox">						
						<posx>0</posx>
						<posy>0</posy>
						<width>1045</width>
						<height>270</height>
						<label>$INFO[ListItem.Plot]</label>
						<textcolor>bbwhite</textcolor>
						<align>justify</align>
						<font>Light32</font>				
					</control>	
				</control>
			</control>
			<!--Cast Stuff -->
			<control type="group">			
				<visible allowhiddenfocus="true">Control.HasFocus(9001) | Control.HasFocus(50)</visible>
				<animation type="Visible">
					<effect type="slide" start="1920" end="0" time="600" delay="0" tween="sine" easing="inout" />
				</animation>
				<animation type="Hidden">
					<effect type="zoom" start="100" end="75" center="640,540" time="300" tween="sine" easing="inout" />
					<effect type="slide" end="2320" time="600" delay="0" tween="sine" easing="inout" />
				</animation>
				
				<control type="button" id="9001"> 	<!--Hidden Button -->
					<onfocus>SetFocus(50)</onfocus>
					<onleft>-</onleft>
					<ondown>-</ondown>
					<onup>-</onup>
					<onclick>-</onclick>
					<font>-</font>
					<label>-</label>
					<textcolor>-</textcolor>
					<focusedcolor>-</focusedcolor>
					<disabledcolor>-</disabledcolor>					
					<texturefocus>-</texturefocus>
					<texturenofocus>-</texturenofocus>
				</control>
				<control type="list" id="50">		<!--List 50 Cast -->
					<posx>118</posx>
					<posy>220</posy>
					<width>1684</width>
					<height>660</height>					
					<onup>-</onup>
					<ondown>-</ondown>
					<onleft>SetFocus(9000)</onleft>
					<scrolltime>200</scrolltime>
					<orientation>vertical</orientation>
					<focusposition>0</focusposition>					
					<viewtype label="actor list">list</viewtype>

					<itemlayout height="60">
						<control type="label">
							<posx>0</posx>
							<posy>0</posy>
							<width>950</width>
							<height>50</height>
							<label>$INFO[ListItem.label]</label>
							<font>Reg40</font>
							<textcolor>77white</textcolor>
							<selectedcolor>white</selectedcolor>
							<align>left</align>
							<aligny>center</aligny>
							<scroll>no</scroll>
						</control>  
					</itemlayout>
					<focusedlayout height="60">
						<control type="label">
							<posx>0</posx>
							<posy>0</posy>
							<width>950</width>
							<height>50</height>
							<label>$INFO[ListItem.label]</label>
							<textcolor>white</textcolor>
							<font>Reg40</font>
							<align>left</align>
							<aligny>center</aligny>
						</control>  
					</focusedlayout>
				</control>
				<control type="image">				<!--Actor Image -->
					<description>Actor image</description>
					<posx>1380</posx>
					<posy>220</posy>
					<width>426</width>
					<height>640</height>
					<texture background="true">$INFO[Container(50).ListItem.Thumb]</texture>
					<fadetime>300</fadetime>
					<aspectratio>scale</aspectratio>					
				</control> 
			</control>

		</control>
		
		<!--Video Addons -->
		<control type="group">	
			<visible>!Skin.HasSetting(youtube)</visible>
			<visible>substring(Container.FolderPath,addons://sources/video/) | substring(Container.FolderPath,plugin://plugin.video)</visible>

			<!--Dialog Overlay -->	
			<include>DialogOverlay</include>

			<!--Button Background -->
			<control type="group">
				<include>animation_dialog</include>	
				<posx>700</posx>
				<posy>400</posy>	

				<!--Background -->
				<control type="image">
					<posx>215</posx>
					<posy>13</posy>
					<width>80</width>
					<height>60</height>
					<texture>dialogs/default/arrow.png</texture>
				</control>
				<control type="image">
					<posx>42</posx>
					<posy>33</posy>
					<width>400</width>
					<height>154</height>
					<texture border="39">dialogs/default/bg.png</texture>
				</control>
				<!--Buttons -->
				<control type="button" id="9000">
					<description>OK</description>
					<posx>135</posx>
					<posy>70</posy>
					<width>225</width>			
					<height>80</height>
					<font>XunityChronos32</font>
					<textcolor>black</textcolor>
					<focusedcolor>white</focusedcolor>					
					<texturefocus border="20">dialogs/keyboard/donefocus.png</texturefocus>
					<texturenofocus border="20">dialogs/keyboard/key-nf.png</texturenofocus>
					<onclick>close</onclick>				
					<label>OK</label>
					<onleft>6</onleft>
					<onright>6</onright>
					<onup>6</onup>
					<ondown>6</ondown>
				</control>
			</control>

			<!--Labels -->
			<control type="group">
				<include>animation_dialog</include>	

				<control type="label"><!--Header -->					
					<posx>460</posx>
					<posy>300</posy>
					<width>1000</width>
					<height>22</height>			
					<align>center</align>
					<label>No Infos</label>
					<include>DialogHeader</include>					
				</control>
				<control type="label"><!--Header 2 -->					
					<posx>100</posx>
					<posy>340</posy>
					<width>1720</width>				
					<align>center</align>
					<label>Press Back or OK to exit</label>
					<include>DialogHeader2</include>					
				</control>
			</control>

		</control>

	</controls>
</window>