<!-- Xunity Chronos -->
<window>
	<defaultcontrol always="true">10</defaultcontrol>
	<zorder>5</zorder>
	<controls>

		<!-- Dialog Overlay -->	
		<include>DialogOverlay</include>

		<!-- Dialog Yes/No -->
		<control type="group">
			<include>animation_dialog</include>
			<control type="group">
				<posx>590</posx>
				<posy>460</posy>
				
				<animation effect="slide" end="0,-25" time="0" condition="IsEmpty(Control.GetLabel(2))">Conditional</animation>
				<animation effect="slide" end="0,-25" time="0" condition="IsEmpty(Control.GetLabel(3))">Conditional</animation>
				<animation effect="slide" end="0,-25" time="0" condition="IsEmpty(Control.GetLabel(4))">Conditional</animation>
				<control type="image">
					<posx>-35</posx>
					<posy>-215</posy>
					<width>800</width>
					<height>260</height>
					<texture border="39">dialogs/default/bg.png</texture>
				</control>
				<control type="image">
					<posx>-20</posx>
					<posy>-205</posy>
					<width>770</width>
					<height>240</height>
					<texture border="39">dialogs/default/bg-white.png</texture>
				</control>
				<control type="image">
					<posx>330</posx>
					<posy>13</posy>
					<width>80</width>
					<height>60</height>
					<texture>dialogs/default/arrow.png</texture>
				</control>
				<control type="image">
					<posx>42</posx>
					<posy>33</posy>
					<width>656</width>
					<height>154</height>
					<texture border="39">dialogs/default/bg.png</texture>
				</control>
				<control type="button" id="11">
					<description>Yes button</description>
					<posx>71</posx>
					<posy>65</posy>
					<width>300</width>
					<height>90</height>
					<onleft>10</onleft>
					<onright>10</onright>
					<align>center</align>
					<font>Light34</font>
					<label>107</label>
					<texturefocus border="20">dialogs/keyboard/donefocus.png</texturefocus>
					<texturenofocus border="20">dialogs/keyboard/key-nf.png</texturenofocus>
					<textcolor>midgrey</textcolor>
					<focusedcolor>eewhite</focusedcolor>
					<selectedcolor>eewhite</selectedcolor>
				</control>
				<control type="button" id="10">
					<description>No button</description>
					<posx>368</posx>
					<posy>65</posy>
					<width>300</width>
					<height>90</height>
					<onleft>11</onleft>
					<onright>11</onright>
					<align>center</align>
					<font>Light34</font>
					<label>106</label>
					<texturefocus border="20">dialogs/keyboard/cancelfocus.png</texturefocus>
					<texturenofocus border="20">dialogs/keyboard/key-nf.png</texturenofocus>
					<textcolor>midgrey</textcolor>
					<focusedcolor>eewhite</focusedcolor>
					<selectedcolor>eewhite</selectedcolor>
				</control>
			</control>
			<control type="label" id="1">
				<description>Dialog Header</description>
				<posx>460</posx>
				<posy>220</posy>
				<width>1000</width>
				<height>22</height>
				<font>Light34</font>
				<align>center</align>
				<textcolor>midgrey</textcolor>
				<animation effect="slide" end="0,25" time="0" condition="IsEmpty(Control.GetLabel(2))">Conditional</animation>
				<animation effect="slide" end="0,25" time="0" condition="IsEmpty(Control.GetLabel(3))">Conditional</animation>
				<animation effect="slide" end="0,25" time="0" condition="IsEmpty(Control.GetLabel(4))">Conditional</animation>
			</control>
			<control type="label" id="2">
				<description>Line 1</description>
				<posx>600</posx>
				<posy>280</posy>
				<width>700</width>
				<font>Light34</font>
				<align>center</align>
				<label>-</label>
				<wrapmultiline>true</wrapmultiline>
				<textcolor>midgrey</textcolor>
				<animation effect="slide" end="0,25" time="0" condition="IsEmpty(Control.GetLabel(3))">Conditional</animation>
				<animation effect="slide" end="0,25" time="0" condition="IsEmpty(Control.GetLabel(4))">Conditional</animation>
			</control>
			<control type="label" id="3">
				<description>Line 2</description>
				<posx>600</posx>
				<posy>330</posy>
				<width>700</width>
				<font>Light34</font>
				<align>center</align>
				<label>-</label>
				<wrapmultiline>true</wrapmultiline>
				<textcolor>midgrey</textcolor>
				<animation effect="slide" end="0,-25" time="0" condition="IsEmpty(Control.GetLabel(2))">Conditional</animation>
				<animation effect="slide" end="0,25" time="0" condition="IsEmpty(Control.GetLabel(4))">Conditional</animation>
			</control>
			<control type="label" id="4">
				<description>Line 3</description>
				<posx>600</posx>
				<posy>380</posy>
				<width>700</width>
				<font>Light34</font>
				<align>center</align>
				<label>-</label>
				<wrapmultiline>true</wrapmultiline>
				<textcolor>midgrey</textcolor>
				<animation effect="slide" end="0,-25" time="0" condition="IsEmpty(Control.GetLabel(2))">Conditional</animation>
				<animation effect="slide" end="0,-25" time="0" condition="IsEmpty(Control.GetLabel(3))">Conditional</animation>
			</control>
		</control>

	</controls>
</window>
