<!--XunityChronos -->
<window id="605">
	<defaultcontrol always="true">4</defaultcontrol>
	<allowoverlay>no</allowoverlay>
	<onunload>ClearProperty(Focus)</onunload>
	<controls>

		<!--Dialog Overlay -->	
		<include>DialogOverlay</include>

		<!--Dialog PVR Channel Manager -->
		<control type="group">
			<include>animation_dialog</include>
			<visible>!Window.IsVisible(virtualkeyboard) + !Window.IsVisible(pvrgroupmanager) + !Window.IsVisible(filebrowser) + !Window.IsVisible(yesnodialog) + !Window.IsVisible(okdialog) + !Window.IsVisible(progressdialog)</visible>

			<!--Panel -->
			<control type="image">
				<posx>920</posx>
				<posy>151</posy>
				<width>80</width>
				<height>60</height>
				<texture>dialogs/default/arrow.png</texture>
			</control>
			<control type="image">
				<posx>319</posx>
				<posy>171</posy>
				<width>1282</width>
				<height>738</height>
				<texture border="39">dialogs/default/bg.png</texture>
			</control>       

			<!--Header -->
			<control type="label">
				<description>Heading</description>
				<posx>353</posx>
				<posy>105</posy>
				<width>1214</width>
				<include>DialogHeader</include>
				<label>$LOCALIZE[19199] • $LOCALIZE[19023]</label>      
				<align>center</align>
			</control>			

			<control type="group" id="8000"><!--Default Group -->
				<posx>353</posx>
				<posy>205</posy>    	        
				<control type="group" id="8001"><!--Group Left -->                
					<control type="image">
						<posx>0</posx>
						<posy>40</posy>
						<width>600</width>
						<height>631</height>
						<texture border="5">dialogs/default/inner.png</texture>
					</control>
					<control type="list" id="20">
						<posx>0</posx>
						<posy>40</posy>
						<width>600</width>
						<height>630</height>
						<onup>20</onup>
						<ondown>20</ondown>
						<onleft>60</onleft>
						<onright>8002</onright>
						<pagecontrol>60</pagecontrol>
						<scrolltime>0</scrolltime>
						<visible>!Window.IsActive(contextmenu)</visible>						
						<itemlayout height="60">
							<control type="image">
								<posx>0</posx>
								<posy>1</posy>
								<width>600</width>
								<height>60</height>
								<texture>dialogs/default/separator.png</texture>
							</control>
							<control type="group">
								<animation effect="fade" start="100" end="50" time="300" tween="sine" easing="inout" condition="!ListItem.Property(ActiveChannel)">Conditional</animation>
								<control type="image">
									<posx>20</posx>
									<posy>10</posy>
									<width>40</width>
									<height>40</height>
									<texture background="true">$INFO[ListItem.Icon]</texture>
								</control>
								<control type="label">
									<posx>70</posx>
									<posy>0</posy>
									<width>510</width>
									<height>60</height>
									<label>$INFO[ListItem.Property(Number),(,) ]$INFO[ListItem.Property(Name)]</label>
									<include>DialogListNF</include>
									<scroll>false</scroll>
									<visible>!ListItem.Property(Changed)</visible>
								</control>
								<control type="label">
									<posx>70</posx>
									<posy>0</posy>
									<width>460</width>
									<height>60</height>
									<label>$INFO[ListItem.Property(Number),(,) ]$INFO[ListItem.Property(Name)]</label>
									<include>DialogListNF</include>
									<scroll>false</scroll>
									<visible>ListItem.Property(Changed)</visible>
								</control>
							</control>
							<control type="image">
								<posx>535</posx>
								<posy>0</posy>
								<width>60</width>
								<height>60</height>
								<texture>dialogs/select/selected.png</texture>
								<visible>ListItem.Property(Changed)</visible>
							</control>
						</itemlayout>
						<focusedlayout height="90">
							<control type="group">
								<visible>!Control.HasFocus(20)</visible>
								<control type="image">
									<posx>0</posx>
									<posy>1</posy>
									<width>600</width>
									<height>90</height>
									<texture>dialogs/default/separator.png</texture>
								</control>
								<control type="group">
									<animation effect="fade" start="100" end="50" time="300" tween="sine" easing="inout" condition="!ListItem.Property(ActiveChannel)">Conditional</animation>
									<control type="group">
										<visible>!ListItem.Property(Changed)</visible>
										<control type="label">
											<posx>100</posx>
											<posy>0</posy>
											<width>480</width>
											<height>56</height>
											<label>$INFO[ListItem.Property(Number),(,) ]$INFO[ListItem.Property(Name)]</label>
											<include>DialogListNF</include>
											<scroll>false</scroll>
										</control>
										<control type="label">
											<posx>100</posx>
											<posy>35</posy>
											<width>480</width>
											<height>56</height>
											<label>$INFO[ListItem.Property(ClientName),$LOCALIZE[19210]: ,]</label>        	    		                   
											<include>DialogListNF</include>
											<scroll>false</scroll>
										</control>
									</control>
									<control type="group">
										<visible>ListItem.Property(Changed)</visible>
										<control type="label">
											<posx>100</posx>
											<posy>0</posy>
											<width>430</width>
											<height>56</height>
											<label>$INFO[ListItem.Property(Number),(,) ]$INFO[ListItem.Property(Name)]</label>
											<include>DialogListNF</include>
											<scroll>false</scroll>
										</control>
										<control type="label">
											<posx>100</posx>
											<posy>35</posy>
											<width>430</width>
											<height>56</height>
											<label>$INFO[ListItem.Property(ClientName),$LOCALIZE[19210]: ,]</label>
											<include>DialogListNF</include>
											<scroll>false</scroll>
										</control>
									</control>
								</control>
							</control>
							<control type="group">
								<visible>Control.HasFocus(20)</visible>
								<control type="image">
									<posx>0</posx>
									<posy>0</posy>
									<width>600</width>
									<height>90</height>
									<texture border="2">dialogs/default/highlight.png</texture>
									<visible>!ListItem.IsSelected</visible>
								</control>
								<control type="image">
									<posx>0</posx>
									<posy>0</posy>
									<width>600</width>
									<height>90</height>
									<texture border="2">dialogs/default/highlight-selected.png</texture>
									<visible>ListItem.IsSelected</visible>
								</control>
								<control type="group">
									<animation effect="fade" start="100" end="50" time="300" tween="sine" easing="inout" condition="!ListItem.Property(ActiveChannel)">Conditional</animation>
									<control type="group">
										<visible>!ListItem.Property(Changed)</visible>
										<control type="label">
											<posx>100</posx>
											<posy>0</posy>
											<width>480</width>
											<height>56</height>
											<label>$INFO[ListItem.Property(Number),(,) ]$INFO[ListItem.Property(Name)]</label>
											<include>DialogListFO</include>
											<scroll>false</scroll>
										</control>
										<control type="label">
											<posx>100</posx>
											<posy>35</posy>
											<width>480</width>
											<height>56</height>
											<label>$INFO[ListItem.Property(ClientName),$LOCALIZE[19210]: ,]</label>        	    		                   
											<include>DialogListFO</include>
											<scroll>false</scroll>
										</control>
									</control>
									<control type="group">
										<visible>ListItem.Property(Changed)</visible>
										<control type="label">
											<posx>100</posx>
											<posy>0</posy>
											<width>430</width>
											<height>56</height>
											<label>$INFO[ListItem.Property(Number),(,) ]$INFO[ListItem.Property(Name)]</label>
											<include>DialogListFO</include>
											<scroll>false</scroll>
										</control>
										<control type="label">
											<posx>100</posx>
											<posy>35</posy>
											<width>430</width>
											<height>56</height>
											<label>$INFO[ListItem.Property(ClientName),$LOCALIZE[19210]: ,]</label>        	    		                   
											<include>DialogListFO</include>
											<scroll>false</scroll>
										</control>
									</control>
								</control>
							</control>
							<control type="image">
								<posx>535</posx>
								<posy>15</posy>
								<width>60</width>
								<height>60</height>
								<texture>dialogs/select/selected.png</texture>
								<visible>ListItem.Property(Changed)</visible>
							</control>
							<control type="image">
								<posx>20</posx>
								<posy>10</posy>
								<width>70</width>
								<height>70</height>        	    		    	
								<texture background="true">$INFO[ListItem.Icon]</texture>
								<animation effect="fade" start="100" end="50" time="300" tween="sine" easing="inout" condition="!ListItem.Property(ActiveChannel)">Conditional</animation>
							</control>
						</focusedlayout>
					</control>
					<control type="image" id="62">
						<animation effect="fade" start="100" end="0" time="0" delay="1500">WindowOpen</animation>
					</control>
					<control type="image" id="61">
						<animation effect="fade" start="0" end="100" time="0">Visible</animation>
						<animation effect="fade" start="100" end="0" time="0">Hidden</animation>
						<visible>Control.HasFocus(60) | !Control.IsVisible(62)</visible>
					</control>
					<control type="image" id="61">
						<animation effect="fade" start="0" end="100" time="0">Visible</animation>
						<animation effect="fade" start="100" end="0" time="0" delay="1500">Hidden</animation>
						<visible>!Control.HasFocus(60) + [Container(20).Scrolling | Container(20).OnScrollNext | Container(20).OnScrollPrevious]</visible>
					</control>
					<control type="scrollbar" id="60">
						<posx>3</posx>
						<posy>43</posy>
						<width>11</width>
						<height>624</height>
						<texturesliderbackground>-</texturesliderbackground>
						<texturesliderbar border="0,6,0,6">dialogs/default/scrollbar.png</texturesliderbar>
						<texturesliderbarfocus border="0,6,0,6">dialogs/default/scrollbar.png</texturesliderbarfocus>
						<textureslidernib>-</textureslidernib>
						<textureslidernibfocus>-</textureslidernibfocus>
						<onleft>8003</onleft>
						<onright>20</onright>
						<ondown>60</ondown>
						<onup>60</onup>
						<showonepage>false</showonepage>
						<orientation>vertical</orientation>
						<animation effect="fade" start="75" end="0" time="300" tween="sine" easing="inout" condition="!Control.IsVisible(61)">Conditional</animation>
					</control>
				</control>
				<control type="group" id="8002"><!--Group Right -->
					<control type="group" id="80021">
						<posx>614</posx>
						<posy>0</posy>            	    
						<control type="image">
							<posx>0</posx>
							<posy>40</posy>
							<width>600</width>
							<height>356</height>
							<texture border="5">dialogs/default/inner.png</texture>
						</control>
						<control type="radiobutton" id="7">
							<description>Channel activated</description>
							<posx>0</posx>
							<posy>40</posy>
							<width>600</width>
							<height>60</height>
							<align>left</align>
							<textoffsetx>20</textoffsetx>
							<textwidth>484</textwidth>
							<radioposx>492</radioposx>
							<include>DialogButton</include>   
							<texturefocus border="2">dialogs/default/highlight.png</texturefocus>
							<texturenofocus>dialogs/default/separator.png</texturenofocus>
							<label>19074</label>
							<onleft>20</onleft>
							<onright>8003</onright>
							<onup>SetProperty(Focus,1)</onup>
							<onup>8003</onup>
							<ondown>8</ondown>
						</control>
						<control type="edit" id="8">
							<description>Channel name</description>
							<posx>0</posx>
							<posy>99</posy>
							<width>600</width>
							<height>60</height>
							<align>left</align>
							<aligny>center</aligny>
							<textoffsetx>20</textoffsetx>
							<include>DialogButton</include>
							<pulseonselect>false</pulseonselect>
							<texturefocus border="2">dialogs/default/highlight.png</texturefocus>
							<texturenofocus>dialogs/default/separator.png</texturenofocus>
							<label>19201</label>
							<onright>8003</onright>
							<onleft>20</onleft>
							<onup>7</onup>
							<ondown>9</ondown>
						</control>
						<control type="button" id="9">
							<description>Channel logo Button</description>
							<posx>0</posx>
							<posy>158</posy>
							<width>600</width>
							<height>60</height>
							<align>left</align>
							<textoffsetx>20</textoffsetx>
							<textwidth>540</textwidth>
							<include>DialogButton</include>
							<texturefocus border="2">dialogs/default/highlight.png</texturefocus>
							<texturenofocus>dialogs/default/separator.png</texturenofocus>
							<label>19202</label>
							<onleft>20</onleft>
							<onright>8003</onright>
							<onup>8</onup>
							<ondown>12</ondown>
						</control>
						<control type="image" id="10">
							<description>Current Channel Icon</description>
							<posx>540</posx>
							<posy>168</posy>
							<width>40</width>
							<height>40</height>
							<aspectratio>scale</aspectratio>            	    	
							<texture background="true">$INFO[ListItem.Icon]</texture>
						</control>
						<control type="radiobutton" id="12">
							<description>EPG activated</description>
							<posx>0</posx>
							<posy>217</posy>
							<width>600</width>
							<height>60</height>
							<align>left</align>
							<textoffsetx>20</textoffsetx>
							<textwidth>484</textwidth>
							<radioposx>492</radioposx>
							<include>DialogButton</include> 
							<texturefocus border="2">dialogs/default/highlight.png</texturefocus>
							<texturenofocus>dialogs/default/separator.png</texturenofocus>
							<label>19206</label>
							<onleft>20</onleft>
							<onright>8003</onright>
							<onup>9</onup>
							<ondown>13</ondown>
						</control>
						<control type="spincontrolex" id="13">
							<description>EPG source</description>
							<posx>0</posx>
							<posy>276</posy>
							<width>600</width>
							<height>60</height>   	    		
							<include>DialogButton</include>
							<texturefocus border="2">dialogs/default/highlight.png</texturefocus>
							<texturenofocus>dialogs/default/separator.png</texturenofocus>
							<textoffsetx>20</textoffsetx>
							<align>left</align>
							<spinposx>1</spinposx>
							<label>19200</label>
							<onright>8003</onright>
							<onleft>20</onleft>
							<onup>12</onup>
							<ondown>14</ondown>
						</control>
						<control type="radiobutton" id="14">
							<description>Parental locked</description>
							<posx>0</posx>
							<posy>335</posy>
							<width>600</width>
							<height>60</height>
							<align>left</align>
							<textoffsetx>20</textoffsetx>
							<textwidth>484</textwidth>
							<radioposx>492</radioposx>
							<include>DialogButton</include>
							<texturefocus border="2">dialogs/default/highlight.png</texturefocus>
							<texturenofocus>dialogs/default/separator.png</texturenofocus>
							<label>19267</label>
							<onleft>20</onleft>
							<onright>8003</onright>
							<onup>13</onup>
							<ondown>30</ondown>
						</control>
					</control>
					<control type="group" id="80022">
						<posx>614</posx>
						<posy>418</posy>
						<control type="label">
							<description>Misc Options Header</description>
							<posx>0</posx>
							<posy>0</posy>
							<width>600</width>
							<height>34</height>
							<align>left</align>
							<textoffsetx>20</textoffsetx>
							<label>$LOCALIZE[42185]</label>
							<include>DialogButtonBig</include>
						</control>
						<control type="image">
							<posx>0</posx>
							<posy>40</posy>
							<width>293</width>
							<height>51</height>
							<texture border="5">dialogs/default/inner.png</texture>
						</control>
						<control type="image">
							<posx>307</posx>
							<posy>40</posy>
							<width>293</width>
							<height>51</height>
							<texture border="5">dialogs/default/inner.png</texture>
						</control>
						<control type="image">
							<posx>0</posx>
							<posy>104</posy>
							<width>600</width>
							<height>149</height>
							<texture border="5">dialogs/default/inner.png</texture>
						</control>
						<control type="button" id="30">
							<description>Group Manager Button</description>
							<posx>0</posx>
							<posy>40</posy>
							<width>293</width>
							<height>50</height>
							<align>left</align>
							<textoffsetx>20</textoffsetx>
							<textwidth>540</textwidth>
							<include>DialogButtonSmall</include>
							<texturefocus border="2">dialogs/default/highlight.png</texturefocus>
							<texturenofocus>dialogs/default/separator.png</texturenofocus>
							<label>19205</label>
							<onleft>20</onleft>
							<onright>34</onright>
							<onup>14</onup>
							<ondown>31</ondown>
						</control>
						<control type="button" id="34">
							<description>TV/Radio Button</description>
							<posx>307</posx>
							<posy>40</posy>
							<width>293</width>
							<height>50</height>
							<align>left</align>
							<textoffsetx>20</textoffsetx>
							<textwidth>540</textwidth>
							<include>DialogButtonSmall</include>
							<texturefocus border="2">dialogs/default/highlight.png</texturefocus>
							<texturenofocus>dialogs/default/separator.png</texturenofocus>
							<label>19024</label>
							<onleft>30</onleft>
							<onright>8003</onright>
							<onup>14</onup>
							<ondown>31</ondown>
							<visible>IsEmpty(Window.Property(IsRadio))</visible>
						</control>
						<control type="button" id="34">
							<description>TV/Radio Button</description>
							<posx>307</posx>
							<posy>40</posy>
							<width>293</width>
							<height>50</height>
							<align>left</align>
							<textoffsetx>20</textoffsetx>
							<textwidth>540</textwidth>
							<include>DialogButtonSmall</include>
							<texturefocus border="2">dialogs/default/highlight.png</texturefocus>
							<texturenofocus>dialogs/default/separator.png</texturenofocus>
							<label>19023</label>
							<onleft>30</onleft>
							<onright>8003</onright>
							<onup>14</onup>
							<ondown>31</ondown>
							<visible>!IsEmpty(Window.Property(IsRadio))</visible>
						</control>
						<control type="button" id="31">
							<description>Edit channel Button</description>
							<posx>0</posx>
							<posy>104</posy>
							<width>600</width>
							<height>50</height>
							<align>left</align>
							<textoffsetx>20</textoffsetx>
							<textwidth>540</textwidth>
							<include>DialogButtonSmall</include>
							<texturefocus border="2">dialogs/default/highlight.png</texturefocus>
							<texturenofocus>dialogs/default/separator.png</texturenofocus>
							<label>19203</label>
							<onleft>20</onleft>
							<onright>8003</onright>
							<onup>30</onup>
							<ondown>32</ondown>
						</control>
						<control type="button" id="32">
							<description>Delete channel Button</description>
							<posx>0</posx>
							<posy>153</posy>
							<width>600</width>
							<height>50</height>
							<align>left</align>
							<textoffsetx>20</textoffsetx>
							<textwidth>540</textwidth>
							<include>DialogButtonSmall</include>
							<texturefocus border="2">dialogs/default/highlight.png</texturefocus>
							<texturenofocus>dialogs/default/separator.png</texturenofocus>
							<label>19211</label>
							<onleft>20</onleft>
							<onright>8003</onright>
							<onup>31</onup>
							<ondown>33</ondown>
						</control>
						<control type="button" id="33">
							<description>New channel Button</description>
							<posx>0</posx>
							<posy>202</posy>
							<width>600</width>
							<height>50</height>
							<align>left</align>
							<textoffsetx>20</textoffsetx>
							<textwidth>540</textwidth>
							<include>DialogButtonSmall</include>
							<texturefocus border="2">dialogs/default/highlight.png</texturefocus>
							<texturenofocus>dialogs/default/separator.png</texturenofocus>
							<label>19204</label>
							<onleft>20</onleft>
							<onright>8003</onright>
							<onup>32</onup>
							<ondown>SetProperty(Focus,1)</ondown>
							<ondown>8003</ondown>
						</control>
					</control>
				</control>
			</control>
			<control type="group" id="8003"><!--Button Grouplist -->
				<posx>343</posx>
				<posy>872</posy>
				<control type="button" id="4"><!--Select -->	
					<posx>50</posx>
					<width>350</width>
					<height>100</height>
					<align>left</align>	
					<textoffsetx>100</textoffsetx> 	
					<label>$LOCALIZE[424]</label>
					<include>DialogButtonOKCancel</include>							
					<pulseonselect>false</pulseonselect>		
					<texturefocus border="100,0,0,0">common/select-fo.png</texturefocus><!-- left,top,right,bottom -->
					<texturenofocus border="100,0,0,0">common/select-nf.png</texturenofocus>
					
					<onleft>5</onleft>
					<onright>6</onright>
					<onup condition="!IsEmpty(Window.Property(Focus))">33</onup>
					<onup condition="IsEmpty(Window.Property(Focus))">8000</onup>
					<onup>ClearProperty(Focus)</onup>
					<ondown condition="!IsEmpty(Window.Property(Focus))">7</ondown>
					<ondown condition="IsEmpty(Window.Property(Focus))">8000</ondown>
					<ondown>ClearProperty(Focus)</ondown>
				</control>
				<control type="button" id="6"><!--Close -->
					<posx>300</posx>
					<width>350</width>
					<height>100</height>
					<align>left</align>	
					<textoffsetx>100</textoffsetx> 						
					<label>$LOCALIZE[222]</label>
					<include>DialogButtonOKCancel</include>								
					<pulseonselect>false</pulseonselect>
					<texturefocus border="100,0,0,0">common/cancel-fo.png</texturefocus>
					<texturenofocus border="100,0,0,0">common/cancel-nf.png</texturenofocus>					
					
					<onleft>4</onleft>
					<onright>5</onright>					
					<onup condition="!IsEmpty(Window.Property(Focus))">33</onup>
					<onup condition="IsEmpty(Window.Property(Focus))">8000</onup>
					<onup>ClearProperty(Focus)</onup>
					<ondown condition="!IsEmpty(Window.Property(Focus))">7</ondown>
					<ondown condition="IsEmpty(Window.Property(Focus))">8000</ondown>
					<ondown>ClearProperty(Focus)</ondown>
				</control>
				<control type="button" id="5"><!--Apply Changes -->
					<posx>750</posx>
					<width>450</width>
					<height>100</height>		
					<align>right</align>	
					<textoffsetx>100</textoffsetx> 	
					<label>$LOCALIZE[14070]</label>					
					<include>DialogButtonOKCancel</include>							
					<pulseonselect>false</pulseonselect>
					<texturefocus border="0,0,100,0">common/options-right-fo.png</texturefocus>
					<texturenofocus border="0,0,100,0">common/options-right-nf.png</texturenofocus>					
					
					<onleft>6</onleft>
					<onright>4</onright>
					<onup condition="!IsEmpty(Window.Property(Focus))">33</onup>
					<onup condition="IsEmpty(Window.Property(Focus))">8000</onup>
					<onup>ClearProperty(Focus)</onup>
					<ondown condition="!IsEmpty(Window.Property(Focus))">7</ondown>
					<ondown condition="IsEmpty(Window.Property(Focus))">8000</ondown>
					<ondown>ClearProperty(Focus)</ondown>
				</control>
			</control>
		</control>

	</controls>
</window>
