<!--XunityChronos -->
<window id="113">
	<defaultcontrol always="true">901</defaultcontrol>
	<allowoverlay>yes</allowoverlay>

	<controls>
		
        <control type="group">
		
			<include>animation_static_dialog</include>		
			
            <animation type="WindowOpen">
                <effect type="fade" start="0" end="100" time="300" tween="sine" easing="inout" />
                <effect type="zoom" start="200" end="100" time="300" center="960,540" tween="sine" easing="inout" />
            </animation>
            <animation type="WindowClose" condition="!Window.IsActive(volumebar)">
                <effect type="fade" start="100" end="0" time="300" tween="sine" easing="inout" />
                <effect type="zoom" start="100" end="50" time="300" center="960,540" tween="sine" easing="inout" />
            </animation>
            <animation type="WindowClose" condition="Window.IsActive(volumebar)">
                <effect type="fade" start="100" end="0" time="300" delay="0" tween="sine" easing="inout" />                
            </animation>		  
		  
            <control type="image">
                <posx>770</posx>
                <posy>350</posy>
                <width>380</width>
                <height>380</height>
                <texture>dialogs/volume/back.png</texture>
                <aspectratio>stretch</aspectratio>
            </control>
     
            <control type="group">               
                <control type="image">
                    <posx>800</posx>
                    <posy>380</posy>
                    <width>320</width>
                    <height>320</height>
                    <texture>dialogs/volume/volume-muted.png</texture>
                </control>
            </control>
        </control>

	</controls>

</window>