<!--XunityChronos -->
<window type="dialog" id="142">
	<defaultcontrol always="true">103</defaultcontrol>
	<allowoverlay>yes</allowoverlay>
	<controls>

		<!--OSD Panel -->
		<control type="group">			
			<visible>!Window.IsActive(filebrowser)</visible>
			<visible>!Window.IsActive(videoosd)</visible>	

			<include>animation_fade_visible_hidden</include>
			<include>animation_fade_open_close</include>

			<include>OSDPanel</include>				
		</control>

		<!--Buttons -->	
		<control type="group" id="1000">		
			<visible>!Window.IsActive(filebrowser)</visible>
			<visible>!Window.IsActive(videoosd)</visible>	

			<include>animation_fade_visible_hidden</include>
			<include>animation_fade_open_close</include>	

			<control type="grouplist" id="10">	
				<posx>1565</posx>
				<posy>956</posy>
				<width>1000</width>
				<height>60</height>
				<itemgap>0</itemgap>
				<onup>-</onup>
				<ondown>-</ondown>
				<onleft>200</onleft>
				<onright>-</onright>				
				<orientation>horizontal</orientation>	

				<control type="togglebutton" id="102">	<!--Info -->					
					<width>60</width>
					<height>60</height>
					<label></label>
					<altlabel></altlabel>
					<font>-</font>
					<texturefocus>osd/InfoFO.png</texturefocus>
					<texturenofocus>osd/InfoNF.png</texturenofocus>
					<usealttexture></usealttexture>
					<alttexturefocus>osd/InfoSelFO.png</alttexturefocus>
					<alttexturenofocus>osd/InfoSelNF.png</alttexturenofocus>
					<onclick>Skin.ToggleSetting(DialogFullSreenAddInfo)</onclick>						
				</control>					
				<control type="button" id="103">		<!--Close -->
					<width>60</width>
					<height>60</height>
					<label>13396</label>
					<font>-</font>
					<texturefocus>osd/CloseFO.png</texturefocus>
					<texturenofocus>osd/CloseNF.png</texturenofocus>
					<onclick>Close</onclick>				
				</control>
			</control>
		</control>

		<!--Info Panel -->
		<control type="group">			
			<visible>Skin.HasSetting(DialogFullSreenAddInfo)</visible>		
		
			<visible>!Window.IsActive(filebrowser)</visible>
			<visible>!Window.IsActive(videoosd)</visible>	

			<include>animation_fade_visible_hidden</include>
			<include>animation_fade_open_close</include>		
			

			<include>OSDInfoPanel</include>	
		</control>	
	
	</controls>
</window>