<!--XunityChronos -->
<window id="603">
	<defaultcontrol>29</defaultcontrol>
	<controls>

		<!--Dialog Overlay -->	
		<include>DialogOverlay</include>

		<!--Dialog PVR Time Settings -->
		<control type="group">
			<include>animation_dialog</include>
			<visible>!Window.IsVisible(virtualkeyboard) + !Window.IsVisible(numericinput)</visible>

			<!--Panel -->
			<control type="image">
				<posx>920</posx>
				<posy>156</posy>
				<width>80</width>
				<height>60</height>
				<texture>dialogs/default/arrow.png</texture>
			</control>
			<control type="image">
				<posx>626</posx>
				<posy>176</posy>
				<width>668</width>
				<height>728</height>
				<texture border="39">dialogs/default/bg.png</texture>
			</control>
			<control type="image">
				<posx>660</posx>
				<posy>210</posy>
				<width>600</width>
				<height>661</height>
				<texture border="5">dialogs/default/inner.png</texture>
			</control>

			<!-- Header -->	
			<control type="label" id="2">
				<description>Heading</description>
				<posx>660</posx>
				<posy>110</posy>
				<width>600</width>
				<include>DialogHeader</include>    	        
				<align>center</align>
			</control>

			<control type="grouplist" id="5">
				<description>control area</description>
				<posx>660</posx>
				<posy>210</posy>
				<width>600</width>
				<height>660</height>
				<itemgap>0</itemgap>
				<onup>8000</onup>
				<ondown>8000</ondown>
				<onleft>8000</onleft>
				<onright>8000</onright>
			</control>
			<control type="button" id="7">				
				<align>left</align>
				<include>DialogButton</include>
				<textoffsetx>20</textoffsetx>
				<texturefocus border="2">dialogs/default/highlight.png</texturefocus>
				<texturenofocus>dialogs/default/separator-btn.png</texturenofocus>
			</control>
			<control type="radiobutton" id="8">				
				<align>left</align>				
				<textwidth>484</textwidth>
				<radioposx>492</radioposx>
				<include>DialogButton</include>	
				<textoffsetx>20</textoffsetx>
				<texturefocus border="2">dialogs/default/highlight.png</texturefocus>
				<texturenofocus>dialogs/default/separator-btn.png</texturenofocus>
			</control>
			<control type="spincontrolex" id="9">
				<align>left</align>				
				<spinposx>10</spinposx>		
				<include>DialogButton</include>		
				<textoffsetx>20</textoffsetx>
				<texturefocus border="2">dialogs/default/highlight.png</texturefocus>
				<texturenofocus>dialogs/default/separator-btn.png</texturenofocus>

			</control>
			<control type="sliderex" id="10">				
				<align>left</align>
				<include>DialogButton</include>
				<textoffsetx>20</textoffsetx>				
				<sliderwidth>150</sliderwidth>
				<sliderheight>28</sliderheight>		
				<texturefocus border="2">dialogs/default/highlight.png</texturefocus>
				<texturenofocus>dialogs/default/separator-btn.png</texturenofocus>
			</control>
			<control type="label" id="7">				
				<align>left</align>
				<aligny>top</aligny>
				<include>DialogLabel</include>
			</control>
			<control type="image" id="11">
				<width>300</width>
				<height>1</height>
				<visible>false</visible>
			</control>
			<control type="edit" id="12">
				<height>60</height>
				<align>left</align>
				<aligny>center</aligny>
				<textoffsetx>20</textoffsetx>
				<include>DialogButton</include>				
				<texturefocus border="2">dialogs/default/highlight.png</texturefocus>
				<texturenofocus>dialogs/default/separator-btn.png</texturenofocus>
			</control>

			<!--Button Group -->
			<control type="group" id="8000">
				<posx>660</posx>
				<posy>868</posy>
				<control type="button" id="28"><!--Select -->
					<width>350</width>
					<height>100</height>
					<align>left</align>	
					<textoffsetx>100</textoffsetx> 	
					<label>$LOCALIZE[424]</label>
					<include>DialogButtonOKCancel</include>		
					<texturefocus border="100,0,0,0">common/select-fo.png</texturefocus>
					<texturenofocus border="100,0,0,0">common/select-nf.png</texturenofocus>
					<onleft>29</onleft>
					<onright>29</onright>
					<onup>5</onup>
					<ondown>5</ondown>
				</control>
				<control type="button" id="29"><!--Close -->
					<posx>300</posx>
					<width>350</width>
					<height>100</height>
					<align>left</align>	
					<textoffsetx>100</textoffsetx> 						
					<label>$LOCALIZE[222]</label>
					<include>DialogButtonOKCancel</include>		
					<texturefocus border="100,0,0,0">common/cancel-fo.png</texturefocus>
					<texturenofocus border="100,0,0,0">common/cancel-nf.png</texturenofocus>
					<onleft>28</onleft>
					<onright>28</onright>
					<onup>5</onup>
					<ondown>5</ondown>
				</control>
			</control>

		</control>
	</controls>
</window>