<!--XunityChronos -->
<window>
	<defaultcontrol always="true">450</defaultcontrol> 
	<zorder>6</zorder>
	<controls>

		<!--Dialog Overlay -->	
		<include>DialogOverlay</include>

		<!--File Browser -->
		<control type="group">
			<include>animation_dialog</include>
			<visible>!Window.IsVisible(DialogNetworkSetup.xml)</visible>

			<!--Panel -->
			<control type="image">
				<posx>920</posx>
				<posy>246</posy>
				<width>80</width>
				<height>60</height>
				<texture>dialogs/default/arrow.png</texture>
			</control>
			<control type="image">
				<posx>445</posx>
				<posy>266</posy>
				<width>1030</width>
				<height>548</height>
				<texture border="39">dialogs/default/bg.png</texture>
			</control>
			<control type="image">
				<posx>479</posx>
				<posy>300</posy>
				<width>644</width>
				<height>481</height>
				<texture border="5">dialogs/default/inner-white.png</texture>
			</control>
			<control type="image">
				<posx>1122</posx>
				<posy>300</posy>
				<width>319</width>
				<height>481</height>
				<texture border="5">dialogs/default/inner-white.png</texture>
			</control>

			<!--Header -->
			<control type="label" id="411">
				<description>Heading</description>
				<posx>473</posx>
				<posy>200</posy>
				<width>974</width>				
				<label>-</label>
				<include>DialogHeader</include>
				<align>center</align>
			</control>

			<!--Icons -->
			<control type="image">
				<posx>1123</posx>
				<posy>301</posy>
				<width>317</width>
				<height>478</height>
				<aspectratio>keep</aspectratio>
				<texture>$INFO[ListItem.ActualIcon,dialogs/filebrowser/,]</texture>
				<visible>IsEmpty(Container(450).ListItem.Thumb)</visible>
			</control>
			<control type="image">
				<posx>1123</posx>
				<posy>301</posy>
				<width>317</width>
				<height>478</height>
				<aspectratio>keep</aspectratio>
				<texture background="true">$INFO[Container(450).ListItem.Thumb]</texture>
				<visible>!IsEmpty(Container(450).ListItem.Thumb)</visible>
			</control>

			<!--List -->
			<control type="list" id="450"><!--Container 450 -->
				<posx>479</posx>
				<posy>300</posy>
				<width>644</width>
				<height>480</height>
				<onleft>8000</onleft>
				<onright>-</onright>
				<onup>450</onup>
				<ondown>450</ondown>
				<scrolltime tween="cubic" easing="out">500</scrolltime>
				<pagecontrol>60</pagecontrol>
				<itemlayout height="60">
					<control type="image">
						<posx>0</posx>
						<posy>1</posy>
						<width>644</width>
						<height>60</height>
						<texture>dialogs/default/separator.png</texture>
					</control>
					<control type="image">
						<posx>5</posx>
						<posy>0</posy>
						<width>60</width>
						<height>60</height>
						<texture>$INFO[ListItem.ActualIcon,windows/filemanager/icons/,/nf.png]</texture>
						<aspectratio>keep</aspectratio>
					</control>
					<control type="label">
						<posx>70</posx>
						<posy>0</posy>
						<width>574</width>
						<height>60</height>
						<info>ListItem.Label</info>						
						<align>left</align>
						<aligny>center</aligny>
						<include>DialogListNF</include>
						<scroll>false</scroll>
						<animation effect="slide" end="-50" time="0" condition="IsEmpty(ListItem.Icon)">Conditional</animation>
					</control>
				</itemlayout>
				<focusedlayout height="60">
					<control type="group">
						<visible>!Control.HasFocus(450)</visible>
						<animation effect="fade" start="0" end="100" time="300" tween="sine" easing="inout" condition="![Container(450).Scrolling | Container(450).OnScrollNext | Container(450).OnScrollPrevious]">Visible</animation>
						<animation effect="fade" start="100" end="0" time="300" tween="sine" easing="inout" condition="![Container(450).Scrolling | Container(450).OnScrollNext | Container(450).OnScrollPrevious]">Hidden</animation>
						<control type="image">
							<posx>0</posx>
							<posy>1</posy>
							<width>644</width>
							<height>60</height>
							<texture>dialogs/default/separator.png</texture>
						</control>
						<control type="image">
							<posx>5</posx>
							<posy>0</posy>
							<width>60</width>
							<height>60</height>
							<texture>$INFO[ListItem.ActualIcon,windows/filemanager/icons/,/nf.png]</texture>
							<aspectratio>keep</aspectratio>
						</control>
						<control type="label">
							<posx>70</posx>
							<posy>0</posy>
							<width>574</width>
							<height>60</height>
							<info>ListItem.Label</info>							
							<align>left</align>
							<aligny>center</aligny>
							<include>DialogListNF</include>
							<scroll>false</scroll>
							<animation effect="slide" end="-50" time="0" condition="IsEmpty(ListItem.Icon)">Conditional</animation>
						</control>  
					</control>
					<control type="group">
						<visible>Control.HasFocus(450)</visible>
						<animation effect="fade" start="0" end="100" time="300" tween="sine" easing="inout" condition="![Container(450).Scrolling | Container(450).OnScrollNext | Container(450).OnScrollPrevious]">Visible</animation>
						<animation effect="fade" start="100" end="0" time="300" tween="sine" easing="inout" condition="![Container(450).Scrolling | Container(450).OnScrollNext | Container(450).OnScrollPrevious]">Hidden</animation>
						<control type="image">
							<width>644</width>
							<height>60</height>
							<texture border="2">dialogs/default/highlight.png</texture>
						</control>
						<control type="image">
							<posx>5</posx>
							<posy>0</posy>
							<width>60</width>
							<height>60</height>
							<texture>$INFO[ListItem.ActualIcon,windows/filemanager/icons/,/fo.png]</texture>
							<aspectratio>keep</aspectratio>
						</control>
						<control type="label">
							<posx>70</posx>
							<posy>0</posy>
							<width>574</width>
							<height>60</height>							
							<info>ListItem.Label</info>
							<include>DialogListFO</include>
							<align>left</align>
							<aligny>center</aligny>
							<animation effect="slide" end="-50" time="0" condition="IsEmpty(ListItem.Icon)">Conditional</animation>
						</control>
					</control>
				</focusedlayout>
			</control>
			<control type="list" id="451"><!--Container 451 -->
				<posx>479</posx>
				<posy>300</posy>
				<width>644</width>
				<height>480</height>
				<onleft>8000</onleft>
				<onright>-</onright>
				<onup>451</onup>
				<ondown>451</ondown>
				<scrolltime>0</scrolltime>
				<pagecontrol>60</pagecontrol>
				<itemlayout height="60">
					<control type="image">
						<posx>0</posx>
						<posy>1</posy>
						<width>644</width>
						<height>60</height>
						<texture>dialogs/default/separator.png</texture>
					</control>
					<control type="image">
						<posx>5</posx>
						<posy>0</posy>
						<width>60</width>
						<height>60</height>
						<texture>$INFO[ListItem.ActualIcon,windows/filemanager/icons/,/nf.png]</texture>
						<aspectratio>keep</aspectratio>
					</control>
					<control type="label">
						<posx>70</posx>
						<posy>0</posy>
						<width>574</width>
						<height>60</height>
						<info>ListItem.Label</info>						
						<align>left</align>
						<aligny>center</aligny>
						<include>DialogListNF</include>
						<scroll>false</scroll>
					</control>
				</itemlayout>
				<focusedlayout height="60">
					<control type="group">
						<visible>!Control.HasFocus(451)</visible>
						<animation effect="fade" start="0" end="100" time="300" tween="sine" easing="inout" condition="![Container(451).Scrolling | Container(451).OnScrollNext | Container(451).OnScrollPrevious]">Visible</animation>
						<animation effect="fade" start="100" end="0" time="300" tween="sine" easing="inout" condition="![Container(451).Scrolling | Container(451).OnScrollNext | Container(451).OnScrollPrevious]">Hidden</animation>
						<control type="image">
							<posx>0</posx>
							<posy>1</posy>
							<width>644</width>
							<height>60</height>
							<texture>dialogs/default/separator.png</texture>
						</control>
						<control type="image">
							<posx>5</posx>
							<posy>0</posy>
							<width>60</width>
							<height>60</height>
							<texture>$INFO[ListItem.ActualIcon,windows/filemanager/icons/,/nf.png]</texture>
							<aspectratio>keep</aspectratio>
						</control>
						<control type="label">
							<posx>70</posx>
							<posy>0</posy>
							<width>574</width>
							<height>60</height>
							<info>ListItem.Label</info>							
							<align>left</align>
							<aligny>center</aligny>
							<include>DialogListNF</include>
							<scroll>false</scroll>
							<animation effect="slide" end="-50" time="0" condition="IsEmpty(ListItem.Icon)">Conditional</animation>
						</control>  
					</control>
					<control type="group">
						<visible>Control.HasFocus(451)</visible>
						<animation effect="fade" start="0" end="100" time="300" tween="sine" easing="inout" condition="![Container(451).Scrolling | Container(451).OnScrollNext | Container(451).OnScrollPrevious]">Visible</animation>
						<animation effect="fade" start="100" end="0" time="300" tween="sine" easing="inout" condition="![Container(451).Scrolling | Container(451).OnScrollNext | Container(451).OnScrollPrevious]">Hidden</animation>
						<control type="image">
							<width>644</width>
							<height>60</height>
							<texture border="2">dialogs/default/highlight.png</texture>
						</control>
						<control type="image">
							<posx>5</posx>
							<posy>0</posy>
							<width>60</width>
							<height>60</height>
							<texture>$INFO[ListItem.ActualIcon,windows/filemanager/icons/,/fo.png]</texture>
							<aspectratio>keep</aspectratio>
						</control>
						<control type="label">
							<posx>70</posx>
							<posy>0</posy>
							<width>574</width>
							<height>60</height>							
							<info>ListItem.Label</info>
							<include>DialogListFO</include>
							<align>left</align>
							<aligny>center</aligny>
							<animation effect="slide" end="-50" time="0" condition="IsEmpty(ListItem.Icon)">Conditional</animation>
						</control>
					</control>
				</focusedlayout>
			</control>


			<!--Buttons -->
			<control type="group" id="8000">
				<posx>466</posx>
				<posy>776</posy>
				<control type="button" id="413">
					<description>OK</description>
					<label>OK</label>
					<include>DialogButtonOKCancel</include>
					<texturefocus>common/select-fo.png</texturefocus>
					<texturenofocus>common/select-nf.png</texturenofocus>					
					<align>left</align>	
					<textoffsetx>100</textoffsetx> 					
					<pulseonselect>false</pulseonselect>
					<width>350</width>
					<height>100</height>
					<onleft>415</onleft>
					<onright>414</onright>
					<onup>450</onup>
					<ondown>450</ondown>
					<animation effect="fade" start="100" end="75" time="0" condition="!Control.IsEnabled(413)">Conditional</animation>
				</control>
				<control type="button" id="414">
					<posx>200</posx>
					<description>Cancel</description>
					<label>$LOCALIZE[222]</label>
					<include>DialogButtonOKCancel</include>
					<texturefocus>common/cancel-fo.png</texturefocus>
					<texturenofocus>common/cancel-nf.png</texturenofocus>					
					<align>left</align>	
					<textoffsetx>100</textoffsetx> 					
					<pulseonselect>false</pulseonselect>
					<width>350</width>
					<height>100</height>
					<onleft>413</onleft>
					<onright>415</onright>
					<onup>450</onup>
					<ondown>450</ondown>
					<animation effect="fade" start="100" end="75" time="0" condition="!Control.IsEnabled(414)">Conditional</animation>
				</control>
				<control type="button" id="415">
					<posx>650</posx>
					<description>Create Folder</description>
					<label>$LOCALIZE[119]</label>
					<include>DialogButtonOKCancel</include>
					<texturefocus>common/folder-fo.png</texturefocus>
					<texturenofocus>common/folder-nf.png</texturenofocus>
					<font>Light32</font> 
					<align>left</align>	
					<textoffsetx>80</textoffsetx> 					
					<pulseonselect>false</pulseonselect>
					<width>350</width>
					<height>100</height>
					<onleft>414</onleft>
					<onright>413</onright>
					<onup>450</onup>
					<ondown>450</ondown>
					<animation effect="fade" start="100" end="75" time="0" condition="!Control.IsEnabled(415)">Conditional</animation>
				</control>
			</control>
		</control>


	</controls>
</window>