<!--XunityChronos -->
<includes>	
	
	<!-- ====== -->
	<!-- Header -->
	<!-- ====== -->
	<variable name="value_header">
		<value condition="Window.IsActive(Home.xml)">[UPPERCASE]Home[/UPPERCASE]</value>
		<value condition="Container.Content(movies)">[UPPERCASE]$LOCALIZE[342][/UPPERCASE]</value>
		<value condition="Container.Content(tvshows)">[UPPERCASE]$LOCALIZE[20343][/UPPERCASE]</value>
		<value condition="Container.Content(seasons)">[UPPERCASE]$LOCALIZE[20343][/UPPERCASE]</value>
		<value condition="Container.Content(episodes)">[UPPERCASE]$LOCALIZE[20343][/UPPERCASE]</value>	
		<value condition="Container.Content(genres)">[UPPERCASE]$LOCALIZE[515][/UPPERCASE]</value>	
		<value condition="![Container.Content(movies) | Container.Content(tvshows) | Container.Content(seasons) | Container.Content(episodes) | Container.Content(genres)] + Window.IsActive(MyVideoNav.xml)">[UPPERCASE]$LOCALIZE[157]- $LOCALIZE[1214][/UPPERCASE]</value>			
		<value condition="Window.IsActive(MyMusicNav.xml)">[UPPERCASE]$LOCALIZE[2][/UPPERCASE]</value>
		<value condition="Window.IsActive(MyWeather.xml)">[UPPERCASE]$LOCALIZE[8][/UPPERCASE]</value>
		<value condition="Window.IsActive(MyPics.xml)">[UPPERCASE]$LOCALIZE[1213][/UPPERCASE]</value>
		<value condition="Window.IsActive(AddonBrowser.xml)">[UPPERCASE]$LOCALIZE[10040][/UPPERCASE]</value>
		<value condition="Window.IsActive(FileManager.xml)">[UPPERCASE]$LOCALIZE[10003][/UPPERCASE]</value>
		<value condition="Window.IsActive(MyMusicPlaylist.xml)">[UPPERCASE]$LOCALIZE[2]-$LOCALIZE[559][/UPPERCASE]</value>
		<value condition="Window.IsActive(MyMusicSongs.xml)">[UPPERCASE]$LOCALIZE[2]-$LOCALIZE[1214][/UPPERCASE]</value>
		<value condition="Window.IsActive(MyPrograms.xml)">[UPPERCASE]$LOCALIZE[10001][/UPPERCASE]</value>
		<value condition="Window.IsActive(Settings.xml)">[UPPERCASE]$LOCALIZE[5][/UPPERCASE]</value>
		<value condition="Window.IsActive(SkinSettings.xml)">[UPPERCASE]$LOCALIZE[5][/UPPERCASE]</value>
		<value condition="Window.IsActive(SettingsCategory.xml)">[UPPERCASE]$LOCALIZE[5][/UPPERCASE]</value>
		<value condition="Window.IsActive(SettingsSystemInfo.xml)">[UPPERCASE]$LOCALIZE[5][/UPPERCASE]</value>
		<value condition="Window.IsActive(MyPVR.xml)">[UPPERCASE]$LOCALIZE[41024][/UPPERCASE]</value>
		<value condition="Window.IsActive(MyMusicPlaylistEditor.xml)">[UPPERCASE]$LOCALIZE[10503][/UPPERCASE]</value>
	</variable>
	<variable name="value_header_icon">
		<value condition="Window.IsActive(Home.xml)">icons/icon_home.png</value>
		<value condition="Container.Content(movies)">icons/icon_movies.png</value>
		<value condition="Container.Content(tvshows)">icons/icon_tvshows.png</value>
		<value condition="Container.Content(seasons)">icons/icon_tvshows.png</value>
		<value condition="Container.Content(episodes)">icons/icon_tvshows.png</value>	
		<value condition="Container.Content(genres)">icons/icon_movies.png</value>	
		<value condition="![Container.Content(movies) | Container.Content(tvshows) | Container.Content(seasons) | Container.Content(episodes) | Container.Content(genres)] + Window.IsActive(MyVideoNav.xml)">icons/icon_movies.png</value>			
		<value condition="Window.IsActive(MyMusicNav.xml)">icons/icon_music.png</value>
		<value condition="Window.IsActive(MyWeather.xml)">icons/icon_weather.png</value>
		<value condition="Window.IsActive(MyPics.xml)">icons/icon_pictures.png</value>
		<value condition="Window.IsActive(AddonBrowser.xml)">icons/icon_addons.png</value>
		<value condition="Window.IsActive(FileManager.xml)">icons/icon_addons.png</value>
		<value condition="Window.IsActive(MyMusicPlaylist.xml)">icons/icon_music.png</value>
		<value condition="Window.IsActive(MyMusicSongs.xml)">icons/icon_music.png</value>
		<value condition="Window.IsActive(MyPrograms.xml)">icons/icon_addons.png</value>
		<value condition="Window.IsActive(Settings.xml)">icons/icon_settings.png</value>
		<value condition="Window.IsActive(SkinSettings.xml)">icons/icon_settings.png</value>
		<value condition="Window.IsActive(SettingsCategory.xml)">icons/icon_settings.png</value>
		<value condition="Window.IsActive(SettingsSystemInfo.xml)">icons/icon_settings.png</value>
		<value condition="Window.IsActive(MyPVR.xml)">icons/icon_tvshows.png</value>
		<value condition="Window.IsActive(MyMusicPlaylistEditor.xml)">icons/icon_music.png</value>
	</variable>
	
	<!-- ========== -->
	<!-- List Label -->
	<!-- ========== -->
	<variable name="value_list_label_1"> 
		<value condition="!Container.Content(albums)">$INFO[ListItem.Label]</value>
		<value condition="Container.Content(albums)">$INFO[ListItem.Label2] - $INFO[ListItem.Label]</value>	
	</variable>	
	<variable name="value_list_label_2"> 
		<value condition="[Container.Content(movies) | Container.Content(musicvideos)] + ![SubString(ListItem.Duration,min) | SubString(ListItem.Path,videodb://1/7,left)]">[COLOR=list_label_2_first]$LOCALIZE[180]: [/COLOR] $INFO[ListItem.Duration] min - [COLOR=list_label_2_first]$LOCALIZE[20339]: [/COLOR] $INFO[ListItem.Director]</value>
		<value condition="[Container.Content(movies) | Container.Content(musicvideos)] + SubString(ListItem.Duration,min) + !SubString(ListItem.Path,videodb://1/7,left)">[COLOR=list_label_2_first]$LOCALIZE[180]: [/COLOR] $INFO[ListItem.Duration] - [COLOR=list_label_2_first]$LOCALIZE[20339]: [/COLOR] $INFO[ListItem.Director]</value>
		<value condition="SubString(ListItem.Path,videodb://1/7,left)">[COLOR=list_label_2_first]$LOCALIZE[20457][/COLOR]</value> <!-- Movie Sets -->
		<value condition="Container.Content(tvshows) + !IsEmpty(ListItem.Episode)">[COLOR=list_label_2_first]$LOCALIZE[20360]: [/COLOR]$INFO[ListItem.Episode]  - [COLOR=list_label_2_first]$LOCALIZE[16101]: [/COLOR]$INFO[ListItem.Property(UnWatchedEpisodes)]</value>
		<value condition="Container.Content(seasons) + !IsEmpty(ListItem.Episode)">[COLOR=list_label_2_first]$INFO[ListItem.TVShowTitle][/COLOR] - [COLOR=list_label_2_first]$LOCALIZE[20360]: [/COLOR]$INFO[ListItem.Episode]  - [COLOR=list_label_2_first]$LOCALIZE[16101]: [/COLOR]$INFO[ListItem.Property(UnWatchedEpisodes)]</value>
		<value condition="Container.Content(episodes) + !SubString(ListItem.Duration,min)">[COLOR=list_label_2_first]$LOCALIZE[180]: [/COLOR] $INFO[ListItem.Duration] min - [COLOR=list_label_2_first]$INFO[ListItem.TVShowTitle][/COLOR]</value>
		<value condition="Container.Content(episodes) + SubString(ListItem.Duration,min)">[COLOR=list_label_2_first]$LOCALIZE[180]: [/COLOR] $INFO[ListItem.Duration] - [COLOR=list_label_2_first]$INFO[ListItem.TVShowTitle][/COLOR]</value>
		<value condition="Container.Content(artists)">[COLOR=list_label_2_first]$LOCALIZE[21898]: [/COLOR]$INFO[ListItem.Property(Artist_YearsActive)]</value><!-- YearsActive/Artists -->
		<value condition="Container.Content(songs) + !SubString(ListItem.Duration,min)">[COLOR=list_label_2_first]$LOCALIZE[180]: [/COLOR] $INFO[ListItem.Duration] min</value>
		<value condition="Container.Content(songs) + SubString(ListItem.Duration,min)">[COLOR=list_label_2_first]$LOCALIZE[180]: [/COLOR] $INFO[ListItem.Duration]</value>
		<value condition="Container.Content(addons) + !IsEmpty(ListItem.Property(Addon.Version)) + IsEmpty(ListItem.Label2)">[COLOR=list_label_2_first]$LOCALIZE[24051] [/COLOR]$INFO[ListItem.Property(Addon.Version)] - [COLOR=list_label_2_first]$LOCALIZE[21863]: [/COLOR]$INFO[ListItem.Property(Addon.Creator)]</value>
		<value condition="Container.Content(addons) + !IsEmpty(ListItem.Property(Addon.Version)) + !IsEmpty(ListItem.Label2)">[COLOR=list_label_2_first]$LOCALIZE[24051] [/COLOR]$INFO[ListItem.Property(Addon.Version)] - [COLOR=list_label_2_first]$LOCALIZE[21863]: [/COLOR]$INFO[ListItem.Property(Addon.Creator)] - [COLOR=list_label_2_first]$INFO[ListItem.Label2][/COLOR]</value>
	</variable>		
	
	<!-- =============== -->
	<!-- Additional Info -->
	<!-- =============== -->
	<variable name="value_ground1_label"><!-- Land / Premiere -->
		<value condition="Container.Content(movies) | Window.IsVisible(VideoPlaylist) | Container.Content(musicvideos)">$LOCALIZE[21875] :</value><!-- Land -->
		<value condition="Container.Content(tvshows) | Container.Content(seasons) | Container.Content(episodes)">Premiere :</value><!-- Premiere -->
	</variable>
	<variable name="value_ground1_value">
		<value condition="Container.Content(movies) | Window.IsVisible(VideoPlaylist) | Container.Content(musicvideos)">$INFO[ListItem.Country]</value>		
		<value condition="Container.Content(tvshows) | Container.Content(seasons) | Container.Content(episodes)">$INFO[ListItem.Premiered]</value>
	</variable>
	<variable name="value_ground2_label"><!-- Genre / Regie -->
		<value condition="Container.Content(movies) | Window.IsVisible(VideoPlaylist) | Container.Content(musicvideos) | Container.Content(tvshows) | Container.Content(seasons)">$LOCALIZE[515] :</value><!-- Genre -->
		<value condition="Container.Content(episodes)">$LOCALIZE[20339] :</value><!-- Regie -->
	</variable>
	<variable name="value_ground2_value">
		<value condition="Container.Content(movies) | Window.IsVisible(VideoPlaylist) | Container.Content(musicvideos) | Container.Content(tvshows) | Container.Content(seasons)">$INFO[ListItem.Genre]</value>
		<value condition="Container.Content(episodes)">$INFO[ListItem.Director]</value>
	</variable>
	<variable name="value_ground3_label"><!-- Studio -->
		<value condition="Container.Content(movies) | Window.IsVisible(VideoPlaylist) | Container.Content(musicvideos) |  Container.Content(tvshows) | Container.Content(seasons) | Container.Content(episodes)">$LOCALIZE[20388] :</value><!-- Studio -->
	</variable>
	<variable name="value_ground3_value">
		<value condition="Container.Content(movies) | Window.IsVisible(VideoPlaylist) | Container.Content(musicvideos) |  Container.Content(tvshows) | Container.Content(seasons) | Container.Content(episodes)">$INFO[ListItem.Studio]</value>
	</variable>
	<variable name="value_ground4_label"><!-- Regie / Episodes (counter) / Duration -->
		<value condition="Container.Content(movies) | Window.IsVisible(VideoPlaylist) | Container.Content(musicvideos)">$LOCALIZE[20339] :</value><!-- Regie -->
		<value condition="Container.Content(tvshows)">$LOCALIZE[20360] :</value><!-- Episodes -->		
		<value condition="Container.Content(episodes)">$LOCALIZE[180] :</value><!-- Duration -->
	</variable>
	<variable name="value_ground4_value">
		<value condition="Container.Content(movies) | Window.IsVisible(VideoPlaylist) | Container.Content(musicvideos)">$INFO[ListItem.Director]</value>
		<value condition="Container.Content(tvshows)">$INFO[ListItem.Episode] ($LOCALIZE[16101]: $INFO[ListItem.Property(UnwatchedEpisodes)])</value>		
		<value condition="Container.Content(episodes) + !SubString(ListItem.Duration,min)">$INFO[ListItem.Duration] min</value> 
		<value condition="Container.Content(episodes) + SubString(ListItem.Duration,min)">$INFO[ListItem.Duration]</value>	
	</variable>

	<!-- ====== -->
	<!-- Fanart -->
	<!-- ====== -->
	<variable name="value_video_background">
		<value condition="IsEmpty(ListItem.Art(fanart))">special://skin/backgrounds/curtains.png</value>
		<value condition="Container.Content(movies) + ![substring(Container.FolderPath,addons://sources/video/) | substring(Container.FolderPath,plugin://plugin.video)]">$INFO[ListItem.Art(fanart)]</value>
		<value condition="Container.Content(musicvideos) + ![substring(Container.FolderPath,addons://sources/video/) | substring(Container.FolderPath,plugin://plugin.video)]">$INFO[ListItem.Art(fanart)]</value>
		<value condition="Container.Content(tvshows) + ![substring(Container.FolderPath,addons://sources/video/) | substring(Container.FolderPath,plugin://plugin.video)]">$INFO[ListItem.Art(fanart)]</value>
		<value condition="Container.Content(seasons) + ![substring(Container.FolderPath,addons://sources/video/) | substring(Container.FolderPath,plugin://plugin.video)]">$INFO[ListItem.Art(fanart)]</value>		
		<value condition="Container.Content(episodes) + ![substring(Container.FolderPath,addons://sources/video/) | substring(Container.FolderPath,plugin://plugin.video)]">$INFO[ListItem.Art(fanart)]</value>
		<value condition="Container.Content(sets) + ![substring(Container.FolderPath,addons://sources/video/) | substring(Container.FolderPath,plugin://plugin.video)]">$INFO[ListItem.Art(fanart)]</value>
		<value condition="Container.Content(genres) + ![substring(Container.FolderPath,addons://sources/video/) | substring(Container.FolderPath,plugin://plugin.video)]">special://skin/backgrounds/curtains.png</value>
		<value condition="substring(Container.FolderPath,addons://sources/video/) | substring(Container.FolderPath,plugin://plugin.video)">special://skin/backgrounds/curtains.png</value>
	</variable>
	<variable name="value_music_background">
		<value condition="Window.IsActive(MyMusicNav.xml)">special://skin/backgrounds/music.png</value>		
		<value condition="Window.IsActive(MyMusicPlaylistEditor.xml)">special://skin/backgrounds/music.png</value>	
	</variable>
	<variable name="value_global_background">
		<value condition="IsEmpty(Skin.String(CustomGlobalBack)) + ![Window.IsActive(Settings.xml) | Window.IsActive(SkinSettings.xml) | Window.IsActive(SettingsCategory.xml) | Window.IsActive(SettingsSystemInfo.xml) | Window.IsActive(FileManager.xml)]">special://skin/backgrounds/global.png</value>	
		<value condition="!IsEmpty(Skin.String(CustomGlobalBack)) + ![Window.IsActive(Settings.xml) | Window.IsActive(SkinSettings.xml) | Window.IsActive(SettingsCategory.xml) | Window.IsActive(SettingsSystemInfo.xml) | Window.IsActive(FileManager.xml)]">$INFO[Skin.String(CustomGlobalBack)]</value>
		<value condition="Window.IsActive(Settings.xml)">special://skin/backgrounds/globalsettings.png</value>
		<value condition="Window.IsActive(SkinSettings.xml)">special://skin/backgrounds/globalsettings.png</value>
		<value condition="Window.IsActive(SettingsCategory.xml)">special://skin/backgrounds/globalsettings.png</value>
		<value condition="Window.IsActive(SettingsSystemInfo.xml)">special://skin/backgrounds/globalsettings.png</value>
		<value condition="Window.IsActive(FileManager.xml)">special://skin/backgrounds/globalsettings.png</value>
	</variable>
	
</includes>