<?xml version="1.0" encoding="UTF-8"?>
<!--XunityChronos -->
<includes>

	<include file="Defaults.xml" />
	<include file="View_50_List.xml" />
	<include file="View_51_Showcase.xml" />
	<include file="View_52_Panel.xml" />
	<include file="IncludesVariables.xml" />
	<include file="IncludesNowPlaying.xml" />

	<!--Artwork Downloader -->
	<include file="Custom_MediaDialog.xml" />	

	<!--PVR -->
	<include file="MyPVR.xml" />
	<include file="ViewsPVR.xml" />

	<!--XunityChronos Version -->
	<include name="XunityChronosVersion">
		<control type="label"> 		
			<posx>1860</posx>
			<posy>1015</posy>
			<width>500</width>
			<align>right</align>
			<font>Light40</font>
			<textcolor>midgrey</textcolor>
			<label>Xunity Chronos</label>
			<include>animation_fade_visible_hidden</include>
			<include>animation_fade_open_close</include>
		</control>
	</include>

	<!--Common -->
	<include name="HiddenButton">
		<posx>-20</posx>
		<posy>-20</posy>
		<width>1</width>
		<height>1</height>
		<label>-</label>
		<texturenofocus>-</texturenofocus>
		<texturefocus>-</texturefocus>
	</include>
	<include name="DimensionsFullscreen">
		<posx>0</posx>
		<posy>0</posy>
		<width>1920</width>
		<height>1080</height>
	</include>
	<include name="Button9001">
		<label>41070</label>
		<height>50</height>
		<font>Reg32</font>
		<textcolor>midgrey</textcolor>
		<focusedcolor>black</focusedcolor>					
		<texturefocus>common/button-fo.png</texturefocus>
		<texturenofocus>common/button-nf.png</texturenofocus>
		<posx>0</posx>
		<posy>0</posy>
		<width>300</width>
		<onleft>9003</onleft>
		<onright>9002</onright>
		<onup>9005</onup>
		<ondown>9005</ondown>	
	</include>
	<include name="Button9002">
		<label>41071</label>
		<height>50</height>
		<font>Reg32</font>
		<textcolor>midgrey</textcolor>
		<focusedcolor>black</focusedcolor>					
		<texturefocus>common/button-fo.png</texturefocus>
		<texturenofocus>common/button-nf.png</texturenofocus>
		<posx>310</posx>
		<posy>0</posy>
		<width>300</width>
		<onleft>9001</onleft>
		<onright>9003</onright>
		<onup>9005</onup>
		<ondown>9005</ondown>
	</include>
	<include name="Button9003">
		<label>41072</label>
		<height>50</height>
		<font>Reg32</font>
		<textcolor>midgrey</textcolor>
		<focusedcolor>black</focusedcolor>					
		<texturefocus>common/button-fo.png</texturefocus>
		<texturenofocus>common/button-nf.png</texturenofocus>
		<posx>620</posx>
		<posy>0</posy>
		<width>300</width>
		<onleft>9002</onleft>
		<onright>9001</onright>
		<onup>9005</onup>
		<ondown>9005</ondown>
	</include>

	<!--Header -->
	<include name="Header">	
		<control type="image">
			<visible>!Window.IsActive(DialogKaiToast.xml)</visible>
			<visible>!Window.IsActive(DialogExtendedProgressBar.xml)</visible>			
			<include>animation_fade_open_close</include>
			<animation effect="fade" time="600" >WindowOpen</animation>		
			<animation effect="fade" time="600" >WindowClose</animation>
			<posx>60</posx>
			<posy>40</posy>
			<height>64</height>
			<width>64</width>
			<aligny>center</aligny>
			<colordiffuse>white</colordiffuse>
			<texture>$VAR[value_header_icon]</texture>				
		</control>		
		<control type="label">	
			<visible>!Window.IsActive(DialogKaiToast.xml)</visible>
			<visible>!Window.IsActive(DialogExtendedProgressBar.xml)</visible>		
			<include>animation_fade_open_close</include>
			<animation effect="fade" time="600" >WindowOpen</animation>		
			<animation effect="fade" time="600" >WindowClose</animation>
			<posx>155</posx>
			<posy>30</posy>
			<width min="80" max="1100">auto</width>
			<height>100</height>			
			<font>Bold55</font>
			<align>left</align>						
			<textcolor>white</textcolor>
			<label>$VAR[value_header]</label>			
		</control>	
	</include>
	
	<!--Time & Weather -->
	<include name="TimeWeather">
		<control type="group">			
			<animation time="400" effect="fade">Visible</animation> 
			<animation time="200" effect="fade">Hidden</animation>	
			<control type="grouplist">	<!--Time Grouplist Line 1 -->	
				<!--animation effect="slide" start="0" end="-130" time="200" condition="Weather.IsFetched" >Conditional</animation -->
				<posx>1260</posx>
				<posy>10</posy>
				<width>600</width>
				<height>100</height>
				<align>right</align>
				<itemgap>4</itemgap>
				<orientation>horizontal</orientation>
				<usecontrolcoords>true</usecontrolcoords>
				<include>animation_fade_visible_hidden</include>
				<include>animation_fade_open_close</include>
				<control type="label">	<!--Time -->			
					<width min="0" max="300">auto</width>
					<height>100</height>
					<info>System.Time(hh:mm)</info>
					<font>Bold45</font>				
					<textcolor>white</textcolor>					
				</control>
				<control type="label">	<!--AM -->
					<visible>substring(system.time,AM,right)</visible>
					<width min="0" max="150">auto</width>
					<height>100</height>
					<label>AM</label>
					<font>Bold45</font>				
					<textcolor>white</textcolor>
				</control>					
				<control type="label">	<!--PM -->
					<visible>substring(system.time,PM,right)</visible>
					<width min="0" max="150">auto</width>
					<height>100</height>
					<label>PM</label>
					<font>Bold45</font>				
					<textcolor>white</textcolor>
				</control>			
			</control>
			<control type="grouplist">	<!--Date Grouplist Line 2 -->	
				<!--animation effect="slide" start="0" end="-130" time="200" condition="Weather.IsFetched" >Conditional</animation -->
				<posx>1260</posx>
				<posy>85</posy>
				<width>600</width>
				<height>50</height>
				<align>right</align>
				<itemgap>4</itemgap>
				<orientation>horizontal</orientation>
				<usecontrolcoords>true</usecontrolcoords>	
				<include>animation_fade_visible_hidden</include>
				<include>animation_fade_open_close</include>				
				<control type="label">	<!--Day -->					
					<width min="0" max="400">auto</width>
					<height>50</height>
					<info>System.Date(DDD)</info>
					<font>Light30</font>				
					<textcolor>white</textcolor>						
				</control>
				<control type="label">			
					<width min="0" max="400">auto</width>
					<height>50</height>
					<label>, </label>
					<font>Light30</font>				
					<textcolor>white</textcolor>					
				</control>		
				<control type="label">	<!--Date -->						
					<width min="0" max="400">auto</width>
					<height>50</height>
					<info>System.Date(d)</info>
					<font>Light30</font>				
					<textcolor>white</textcolor>					
				</control>
				<control type="label">		
					<visible>SubString(System.Language,German)</visible>
					<width min="0" max="400">auto</width>
					<height>50</height>
					<label>. </label>
					<font>Light30</font>				
					<textcolor>white</textcolor>					
				</control>
				<control type="label">		
					<visible>!SubString(System.Language,German)</visible>
					<width min="0" max="400">auto</width>
					<height>50</height>
					<label> </label>
					<font>Light30</font>			
					<textcolor>white</textcolor>					
				</control>		
				<control type="label">	<!--Month -->					
					<width min="0" max="400">auto</width>
					<height>50</height>
					<info>System.Date(MMM)</info>
					<font>Light30</font>				
					<textcolor>white</textcolor>						
				</control>	
				<control type="label">	<!--Weather -->					
					<width min="0" max="200">auto</width>
					<height>50</height>
					<align>left</align>		
					<label> | </label>					
					<font>Light30</font>						
					<textcolor>white</textcolor>
					<visible>Weather.IsFetched</visible>
				</control>		
				<control type="label">				
					<width min="0" max="200">auto</width>
					<height>50</height>
					<align>left</align>	
					<info>Weather.Temperature</info>
					<font>Light30</font>								
					<textcolor>white</textcolor>
					<visible>Weather.IsFetched</visible>
				</control>		
			</control>	
			<!--control type="image">			
				<include>animation_fade_visible_hidden</include>
				<include>animation_fade_open_close</include>
				<posy>40</posy>
				<posx>1750</posx>
				<height>110</height>
				<width>110</width>
				<aligny>center</aligny>
				<aspectratio align="right">keep</aspectratio>
				<texture>$INFO[Window(Weather).Property(Current.FanartCode),weather/icons/,.png]</texture>
				<visible>Weather.IsFetched</visible>				
			</control -->
			<control type="label">	
				<include>animation_fade_open_close</include>
				<animation effect="fade" time="600" >WindowOpen</animation>		
				<animation effect="fade" time="600" >WindowClose</animation>
				<posx>1345</posx>
				<posy>30</posy>
				<width min="80" max="1100">auto</width>
				<font>Bold34</font>
				<align>left</align>						
				<textcolor>white</textcolor>
				<label>$INFO[Network.LinkState]</label>			
			</control>
			<control type="image">	
				<include>animation_fade_open_close</include>
				<animation effect="fade" time="600" >WindowOpen</animation>		
				<animation effect="fade" time="600" >WindowClose</animation>
				<posx>1300</posx>
				<posy>40</posy>
				<width>40</width>
				<height>40</height>						
				<texture>home/internet.png</texture>			
			</control>
		</control>		
	</include>	

	<!--Home Weather Panel -->
	<include name="HomeWeather">
		<control type="group">		
	        <visible>!Window.IsActive(DialogKaiToast.xml)</visible>
			<visible>Skin.HasSetting(HomeWeather)</visible>			
			<control type="label">	<!--Today -->						
				<posx>40</posx>
				<posy>10</posy>
				<height>50</height>
				<width>250</width>
				<label>[B]$LOCALIZE[41009][/B]</label>
				<align>center</align>
				<aligny>center</aligny>
				<font>Reg30</font>
				<textcolor>ccmainblue</textcolor>
				<visible>Weather.IsFetched</visible>					
				<include>animation_fade_visible_hidden</include>
				<include>animation_fade_open_close</include>
			</control>			
			<control type="label">	<!--Day 0 Temp-High Low -->
				<posx>40</posx>
				<posy>85</posy>
				<width>250</width>
				<height>50</height>					
				<font>Reg35</font>
				<textcolor>aawhite</textcolor>
				<align>center</align>
				<label>[B]$INFO[Window(Weather).Property(Day0.HighTemp)] $INFO[System.TemperatureUnits][COLOR=mainblue] / $INFO[Window(Weather).Property(Day0.LowTemp)] $INFO[System.TemperatureUnits] [/COLOR][/B]</label>
				<visible>Weather.IsFetched</visible>					
				<visible>Weather.IsFetched</visible>					
				<include>animation_fade_visible_hidden</include>
				<include>animation_fade_open_close</include>
			</control>
			<control type="image">	<!--Day 0 Icon -->
				<posx>140</posx>
				<posy>45</posy>
				<height>50</height>
				<width>50</width>					
				<texture>$INFO[Window(Weather).Property(Day0.FanartCode),weather/icons/,.png]</texture>
				<visible>Weather.IsFetched</visible>								
				<include>animation_fade_visible_hidden</include>
				<include>animation_fade_open_close</include>
			</control>
			<control type="label">	<!--Day 1 Title -->
				<posx>320</posx>
				<posy>10</posy>
				<width>170</width>
				<height>50</height>					
				<font>Reg30</font>
				<textcolor>ccmainblue</textcolor>
				<align>center</align>
				<label>[B]$INFO[Window(Weather).Property(Day1.Title)][/B]</label>
				<visible>Weather.IsFetched</visible>							
				<include>animation_fade_visible_hidden</include>
				<include>animation_fade_open_close</include>
			</control>
			<control type="image">	<!--Day 1 Icon -->
				<posx>380</posx>
				<posy>45</posy>
				<height>50</height>
				<width>50</width>					
				<texture>$INFO[Window(Weather).Property(Day1.FanartCode),weather/icons/,.png]</texture>
				<visible>Weather.IsFetched</visible>								
				<include>animation_fade_visible_hidden</include>
				<include>animation_fade_open_close</include>
			</control>
			<control type="label">	<!--Day 1 Temp -->
				<posx>320</posx>
				<posy>85</posy>
				<width>170</width>
				<height>50</height>					
				<font>Reg35</font>
				<textcolor>aawhite</textcolor>
				<align>center</align>
				<label>[B]$INFO[Window(Weather).Property(Day1.HighTemp)]$INFO[System.TemperatureUnits][/B]</label>
				<visible>Weather.IsFetched</visible>					
				<include>animation_fade_visible_hidden</include>
				<include>animation_fade_open_close</include>
			</control>		
			<control type="label">	<!--Day 2 Title -->
				<posx>490</posx>
				<posy>10</posy>
				<width>170</width>
				<height>50</height>					
				<font>Reg30</font>
				<textcolor>ccmainblue</textcolor>
				<align>center</align>
				<label>[B]$INFO[Window(Weather).Property(Day2.Title)][/B]</label>
				<visible>Weather.IsFetched</visible>					
				<include>animation_fade_visible_hidden</include>
				<include>animation_fade_open_close</include>
			</control>
			<control type="image">	<!--Day 2 Icon -->
				<posx>545</posx>
				<posy>45</posy>
				<height>50</height>
				<width>50</width>	
				<texture>$INFO[Window(Weather).Property(Day2.FanartCode),weather/icons/,.png]</texture>
				<visible>Weather.IsFetched</visible>								
				<include>animation_fade_visible_hidden</include>
				<include>animation_fade_open_close</include>
			</control>
			<control type="label">	<!--Day 2 Temp -->
				<posx>490</posx>
				<posy>85</posy>
				<width>170</width>
				<height>50</height>					
				<font>Reg35</font>
				<textcolor>aawhite</textcolor>
				<align>center</align>
				<label>[B]$INFO[Window(Weather).Property(Day2.HighTemp)]$INFO[System.TemperatureUnits][/B]</label>
				<visible>Weather.IsFetched</visible>					
				<include>animation_fade_visible_hidden</include>
				<include>animation_fade_open_close</include>
			</control>		
			<control type="label">	<!--Day 3 Title -->
				<posx>660</posx>
				<posy>10</posy>
				<width>170</width>
				<height>50</height>					
				<font>Reg30</font>
				<textcolor>ccmainblue</textcolor>
				<align>center</align>
				<label>[B]$INFO[Window(Weather).Property(Day3.Title)][/B]</label>
				<visible>Weather.IsFetched</visible>					
				<include>animation_fade_visible_hidden</include>
				<include>animation_fade_open_close</include>
			</control>
			<control type="image">	<!--Day 3 Icon -->
				<posx>715</posx>
				<posy>45</posy>
				<height>50</height>
				<width>50</width>	
				<texture>$INFO[Window(Weather).Property(Day3.FanartCode),weather/icons/,.png]</texture>
				<visible>Weather.IsFetched</visible>								
				<include>animation_fade_visible_hidden</include>
				<include>animation_fade_open_close</include>
			</control>
			<control type="label">	<!--Day 3 Temp -->
				<posx>660</posx>
				<posy>85</posy>
				<width>170</width>
				<height>50</height>					
				<font>Reg35</font>
				<textcolor>aawhite</textcolor>
				<align>center</align>
				<label>[B]$INFO[Window(Weather).Property(Day3.HighTemp)]$INFO[System.TemperatureUnits][/B]</label>
				<visible>Weather.IsFetched</visible>					
				<include>animation_fade_visible_hidden</include>
				<include>animation_fade_open_close</include>
			</control>
			<control type="label">	<!--Day 4 Title -->
				<posx>830</posx>
				<posy>10</posy>
				<width>170</width>
				<height>50</height>					
				<font>Reg30</font>
				<textcolor>ccmainblue</textcolor>
				<align>center</align>
				<label>[B]$INFO[Window(Weather).Property(Day4.Title)][/B]</label>
				<visible>Weather.IsFetched</visible>					
				<include>animation_fade_visible_hidden</include>
				<include>animation_fade_open_close</include>
			</control>
			<control type="image">	<!--Day 4 Icon -->
				<posx>880</posx>
				<posy>45</posy>
				<height>50</height>
				<width>50</width>	
				<texture>$INFO[Window(Weather).Property(Day4.FanartCode),weather/icons/,.png]</texture>
				<visible>Weather.IsFetched</visible>								
				<include>animation_fade_visible_hidden</include>
				<include>animation_fade_open_close</include>
			</control>
			<control type="label">	<!--Day 4 Temp -->
				<posx>830</posx>
				<posy>85</posy>
				<width>170</width>
				<height>50</height>					
				<font>Reg35</font>
				<textcolor>aawhite</textcolor>
				<align>center</align>
				<label>[B]$INFO[Window(Weather).Property(Day4.HighTemp)]$INFO[System.TemperatureUnits][/B]</label>
				<visible>Weather.IsFetched</visible>					
				<include>animation_fade_visible_hidden</include>
				<include>animation_fade_open_close</include>
			</control>		
		</control>		
	</include>	

	<!--MPAA -->
	<include name="MPAARatingPos">	<!--MPAARatingPos -->			
		<posx>115</posx>
		<posy>260</posy>
		<width>161</width>
		<height>109</height>						
	</include>	
	<include name="MPAARating">		<!--MPAARating -->	
		<control type="group">
			<visible>Container.Content(movies) | Container.Content(episodes)</visible>
			<control type="image">	<!-- USA Rating Flags -->
				<!--FSK0 -->
				<include>MPAARatingPos</include>
				<!--texture>flags/rating/mpaa_general.png</texture -->
				<texture>flags/rating/FSK-0.png</texture>
				<colordiffuse>ffFFFFFF</colordiffuse>
				<visible>substring(ListItem.mpaa,o.A.,left) | substring(ListItem.mpaa,o.Al.,left) | substring(ListItem.mpaa,ab 0,left) | substring(listitem.mpaa,UK:U,left)| substring(Listitem.mpaa,Rated G,left) | substring(Listitem.mpaa,G,left)</visible>
			</control>
			<control type="image">	<!--FSK6 -->		
				<include>MPAARatingPos</include>
				<!--texture>flags/rating/mpaa_pg.png</texture -->
				<texture>flags/rating/FSK-6.png</texture>
				<colordiffuse>ffFFFFFF</colordiffuse>
				<visible>substring(ListItem.mpaa,6,left) | substring(ListItem.mpaa,FSK 6,left) | substring(ListItem.mpaa,ab 6,left) | substring(listitem.mpaa,UK:PG,left) | [substring(Listitem.mpaa,Rated PG,left) + !substring(listitem.mpaa,Rated PG-13)] | [substring(Listitem.mpaa,PG,left) + !substring(listitem.mpaa,PG-13,left)]</visible>
			</control>
			<control type="image">	<!--FSK12 -->			
				<include>MPAARatingPos</include>
				<!--texture>flags/rating/mpaa_pg13.png</texture -->
				<texture>flags/rating/FSK-12.png</texture>
				<colordiffuse>ffFFFFFF</colordiffuse>
				<visible>substring(ListItem.mpaa,12,left) | substring(ListItem.mpaa,FSK 12,left) | substring(ListItem.mpaa,ab 12,left) | substring(listitem.mpaa,UK:12,left) | substring(Listitem.mpaa,Rated PG-13,left) | substring(Listitem.mpaa,PG-13,left)</visible>
			</control>				
			<control type="image">	<!--FSK16 -->			
				<include>MPAARatingPos</include>				
				<!--texture>flags/rating/mpaa_restricted.png</texture -->
				<texture>flags/rating/FSK-16.png</texture>
				<colordiffuse>ffFFFFFF</colordiffuse>
				<visible>substring(ListItem.mpaa,16,left) | substring(ListItem.mpaa,FSK 16,left) | substring(ListItem.mpaa,ab 16,left) | substring(listitem.mpaa,UK:15,left) | substring(Listitem.mpaa,Rated R,left) | [substring(Listitem.mpaa,R,left) + !substring(Listitem.mpaa,Rated,left)]</visible>
			</control>	
			<control type="image">	<!--FSK18 -->			
				<include>MPAARatingPos</include>
				<!--texture>flags/rating/mpaa_nc17.png</texture -->
				<texture>flags/rating/FSK-18.png</texture>
				<colordiffuse>ffFFFFFF</colordiffuse>
				<visible>substring(ListItem.mpaa,18,left) | substring(ListItem.mpaa,FSK 18,left) | substring(ListItem.mpaa,ab 18,left) | substring(listitem.mpaa,UK:R18,left) | substring(Listitem.mpaa,Rated NC,left) | substring(Listitem.mpaa,NC,left)</visible>
			</control>			
			<control type="image">	<!--Not Rated -->			
				<include>MPAARatingPos</include>
				<!--texture>flags/rating/mpaa_nr.png</texture -->
				<colordiffuse>ffFFFFFF</colordiffuse>
				<visible>isEmpty(listitem.mpaa) | substring(ListItem.mpaa,Rated NR) | [substring(ListItem.mpaa,Rated) + !substring(ListItem.mpaa,Rated NC) + !substring(ListItem.mpaa,Rated PG-13) + !substring(ListItem.mpaa,Rated PG) + !substring(ListItem.mpaa,Rated G) + !substring(ListItem.mpaa,Rated R)]</visible>
			</control>
			<control type="image">	<!--TV Rating Flags -->
				<include>MPAARatingPos</include>
				<!--texture>$INFO[listitem.mpaa,flags/rating/,.png]</texture -->
				<colordiffuse>ffFFFFFF</colordiffuse>
				<!--visible>substring(listitem.mpaa,TV-,Left)</visible -->
			</control>
		</control>
	</include>	

	<!--Overlay -->
	<include name="DialogOverlay">			<!--Dialog Overlay -->	
		<control type="image">
			<visible>!Window.IsActive(DialogKeyboard.xml)</visible>
			<animation effect="fade" time="300" start="0" end="100">WindowOpen</animation>
			<animation effect="fade" time="300" start="100" end="0">WindowClose</animation>
			<include>DimensionsFullscreen</include>
			<colordiffuse>99FFFFFF</colordiffuse>
			<texture background="true">common/black.png</texture>	
		</control>
	</include>	
	<include name="YoutubeSearchOverlay">	<!--Youtube Search Overlay -->
		<control type="group">	
			<visible>Skin.HasSetting(youtube)</visible>
			<animation effect="fade" time="0" start="0" end="100">Visible</animation> 
			<animation effect="fade" time="1000" start="100" end="0">Hidden</animation>	
			<control type="image">		
				<include>DimensionsFullscreen</include>				
				<texture background="true">common/black.png</texture>	
			</control>			
			<control type="multiimage">					
				<posx>920</posx>
				<posy>500</posy>
				<width>81</width>
				<height>80</height>
				<imagepath>dialogs/busy</imagepath>
				<timeperimage>100</timeperimage>
				<colordiffuse></colordiffuse>
				<fadetime>0</fadetime>
			</control>		
			<control type="label">
				<posx>0</posx>
				<posy>610</posy>
				<width>1920</width>
				<height>100</height>
				<align>center</align>
				<label>LOADING YOUTUBE ...</label>>
				<font>Bold55</font>
				<textcolor>ccmainblue</textcolor>					
			</control>
		</control>
	</include>	

	<!--Animation -->
	<include name="animation_view_change">					<!--View Change -->
		<animation type="conditional" condition="Container.Content(tvshows)" reversible="false">
			<effect type="fade" start="0" end="100" time="600" delay="200"/>
		</animation>
		<animation type="conditional" condition="Container.Content(episodes)" reversible="false">
			<effect type="fade" start="0" end="100" time="600" delay="200"/>
		</animation>
		<animation type="conditional" condition="Container.Content(movies)" reversible="false">
			<effect type="fade" start="0" end="100" time="600" delay="200"/>
		</animation>
		<animation type="conditional" condition="!Container.Content(episodes) + !Container.Content(tvshows) + !Container.Content(movies)" reversible="false">
			<effect type="fade" start="0" end="100" time="600" delay="200"/>
		</animation>
		<animation type="conditional" condition="Container.Content(albums)" reversible="false">
			<effect type="fade" start="0" end="100" time="600" delay="200"/>
		</animation>
		<animation type="conditional" condition="!Container.Content(albums)" reversible="false">
			<effect type="fade" start="0" end="100" time="600" delay="200"/>
		</animation>
	</include>
	<include name="animation_view_change_pvr">				<!--View Change PVR -->
		<animation time="600" effect="fade">Visible</animation> 
		<animation time="0" effect="fade">Hidden</animation>	
	</include>
	<include name="animation_list">							<!--Panel Open/Close -->
		<animation type="WindowOpen" reversible="false">
			<effect type="slide" start="0" end="0" tween="cubic" easing="out" time="750"/>
			<effect type="fade" start="0" end="100" tween="sine" easing="inout" time="800"/>
			<effect type="zoom" start="150" end="100" center="980,550" tween="cubic" easing="out" time="600" />
		</animation>
		<animation type="WindowClose" reversible="false">	
			<effect type="slide" start="0" end="0" tween="cubic" easing="out" time="750"/>
			<effect type="fade" start="100" end="0" tween="sine" easing="out" time="300"/>
			<effect type="zoom" start="100" end="85" center="980,550" tween="sine" easing="out" time="750"/>
		</animation>		
	</include>
	<include name="animation_home">							<!--Home Menu Open/Close -->
		<animation type="WindowOpen" reversible="false">
			<effect type="slide" start="0" end="0" tween="cubic" easing="out" time="750"/>
			<effect type="fade" start="0" end="100" tween="sine" easing="inout" time="1000" delay="100"/>
			<effect type="zoom" start="150" end="100" center="980,550" tween="cubic" easing="out" time="600" />
		</animation>
		<animation type="WindowClose" reversible="false">	
			<effect type="slide" start="0" end="0" tween="cubic" easing="out" time="750"/>
			<effect type="fade" start="100" end="0" tween="sine" easing="out" time="600"/>
			<effect type="zoom" start="100" end="100" center="980,550" tween="sine" easing="out" time="750"/>
		</animation>
	</include>
	<include name="animation_fade_open_close">				<!--Fade Open/Close -->
		<animation effect="fade" time="600">WindowOpen</animation>		
		<animation effect="fade" time="600">WindowClose</animation>		
	</include>
	<include name="animation_fade_visible_hidden">			<!--Visible/Hidden Aniamtion -->	
		<animation time="600" effect="fade">Visible</animation> 
		<animation time="600" effect="fade">Hidden</animation>	
	</include>
	<include name="animation_dialog_button">				<!--Shutdown Menu Open/Close -->
		<animation type="WindowOpen">
			<effect type="slide" start="0,500" end="0" tween="cubic" easing="inout" time="550"/>
			<effect type="fade" start="0" end="100" tween="sine" easing="inout" time="600"/>
		</animation>
		<animation type="WindowClose">
			<effect type="slide" start="0,0" end="0,500" tween="cubic" easing="inout" time="550"/>
			<effect type="fade" start="100" end="0" tween="sine" easing="out" time="450"/>
		</animation>		
	</include>
	<include name="animation_sub_menu">						<!--Sub Menu Slide Animation -->	
		<animation type="Conditional" condition="!ControlGroup(9000).HasFocus()">	
			<effect type="slide" start="0" end="-600" time="450" reversible="true" tween="cubic" easing="inout"/>			
		</animation>	
	</include>
	<include name="animation_dialog">						<!--Dialog Animation -->	
		<animation type="WindowOpen" reversible="false">
			<effect type="zoom" start="75" end="100" center="960,540" easing="out" tween="back" time="300" />
			<effect type="fade" start="0" end="100" time="175" />
		</animation>
		<animation type="WindowClose" reversible="false">
			<effect type="zoom" start="100" end="175" center="960,540" easing="out" tween="sine" time="300" />
			<effect type="fade" start="100" end="0" time="250" easing="out" tween="cubic" />
		</animation>
		<animation type="Visible" reversible="false">			
			<effect type="zoom" start="75" end="100" center="960,540" easing="out" tween="back" time="300" />
			<effect type="fade" start="0" end="100" time="175" />
		</animation>
		<animation type="Hidden" reversible="false">				
			<effect type="fade" start="100" end="0" time="175" easing="out" tween="cubic" />
		</animation>
	</include>
	<include name="animation_static_dialog">				<!--Static Dialog (KaiToast,ExtendesProgress,MuteBug,Volume) Animation -->	
		<animation type="conditional" condition="Window.Next(home.xml)">		<!--Fade Home -->			
			<effect type="fade" start="100" end="0" time="600"/>			
		</animation>
		<animation type="conditional" condition="Window.Next(myvideonav.xml)">	<!--Fade Videos -->				
			<effect type="fade" start="100" end="0" time="600"/>			
		</animation>
		<animation type="conditional" condition="Window.Next(mymusicnav.xml)">	<!--Fade Music -->					
			<effect type="fade" start="100" end="0" time="600"/>			
		</animation>
		<animation type="conditional" condition="Window.Next(myweathernav.xml)"><!--Fade Wetaher -->					
			<effect type="fade" start="100" end="0" time="600"/>			
		</animation>
		<animation type="conditional" condition="Window.Next(settings.xml)">	<!--Fade Settings -->					
			<effect type="fade" start="100" end="0" time="600"/>			
		</animation>
		<animation type="conditional" condition="Window.Next(mypics.xml)">		<!--Fade Pics -->					
			<effect type="fade" start="100" end="0" time="600"/>			
		</animation>
	</include>

	<!--Sub Menu -->
	<include name="SubMenuButton">			<!--Sub Menu Button -->				
		<width>458</width>
		<align>left</align>
		<textcolor>midgrey</textcolor>
		<focusedcolor>white</focusedcolor>
		<disabledcolor>77585858</disabledcolor>
		<pulseonselect>false</pulseonselect>
		<texturefocus>common/button-fo.png</texturefocus>		
		<texturenofocus>-</texturenofocus>
	</include>	
	<include name="SubMenuTabLeft">			<!--Sub Menu Tab Left -->	
		<control type="image">		
			<visible>Control.IsVisible(50) |Control.IsVisible(52)</visible>
			<include>animation_fade_visible_hidden</include>
			<include>animation_fade_open_close</include>
			<posx>0</posx>
			<posy>450</posy>
			<width>64</width>
			<height>199</height>
			<texture>dialogs/default/menu-tab.png</texture>				
			<animation type="Conditional" condition="ControlGroup(9000).HasFocus()">					
				<effect type="fade" start="100" end="0" time="100"/>
			</animation>
			<animation type="Conditional" condition="!ControlGroup(9000).HasFocus()">				
				<effect type="fade" start="0" end="100" time="600" delay="600"/>
			</animation>
		</control>	
	</include>	
	<include name="SubMenuTabTop">			<!--Sub Menu Tab Top -->	
		<control type="image">		
			<visible>Control.IsVisible(51)</visible>
			<include>animation_fade_visible_hidden</include>
			<include>animation_fade_open_close</include>
			<posx>860</posx>
			<posy>0</posy>
			<width>199</width>
			<height>64</height>
			<texture>dialogs/default/menu-tab-top.png</texture>				
			<animation type="Conditional" condition="ControlGroup(9000).HasFocus()">					
				<effect type="fade" start="100" end="0" time="100"/>
			</animation>
			<animation type="Conditional" condition="!ControlGroup(9000).HasFocus()">				
				<effect type="fade" start="0" end="100" time="600" delay="600"/>
			</animation>
		</control>	
	</include>	
	<include name="SubMenuTabhome">			<!--Sub Menu Tab Top -->	
		<control type="image">		
			<include>animation_fade_visible_hidden</include>
			<include>animation_fade_open_close</include>
			<posx>860</posx>
			<posy>0</posy>
			<width>199</width>
			<height>64</height>
			<texture>dialogs/default/menu-tab-top.png</texture>				
		</control>	
	</include>	

	<!--Dailog Color/Font -->
	<include name="DialogHeader">			<!--Dialog Header -->
		<font>Light40</font>
		<textcolor>aawhite</textcolor>	
	</include>
	<include name="DialogHeader2">			<!--Dialog Header2 (Yes/No) -->
		<font>Light45</font>
		<textcolor>aawhite</textcolor>	
	</include>
	<include name="DialogButton">			<!--Dialog Button -->
		<font>Light32</font>						
		<textcolor>FF585858</textcolor>
		<focusedcolor>eewhite</focusedcolor>
		<disabledcolor>77585858</disabledcolor>
		<shadowcolor>20FFFFFF</shadowcolor>
	</include>
	<include name="DialogButtonBig">		<!--Dialog Button Big -->
		<font>Bold30</font>						
		<textcolor>FF585858</textcolor>
		<focusedcolor>eewhite</focusedcolor>
		<disabledcolor>77585858</disabledcolor>
		<shadowcolor>20FFFFFF</shadowcolor>
	</include>
	<include name="DialogButtonSmall">		<!--Dialog Button Small -->
		<font>Reg28</font>						
		<textcolor>FF585858</textcolor>
		<focusedcolor>eewhite</focusedcolor>
		<disabledcolor>77585858</disabledcolor>
		<shadowcolor>20FFFFFF</shadowcolor>
	</include>
	<include name="DialogListNF">			<!--Dialog List NF -->
		<font>Light32</font>						
		<textcolor>FF585858</textcolor>
		<selectedcolor>ff00b7ff</selectedcolor>
	</include>
	<include name="DialogListFO">			<!--Dialog List FO -->
		<font>Light32</font>						
		<textcolor>eewhite</textcolor>
		<selectedcolor>ff00b7ff</selectedcolor>
	</include>
	<include name="DialogLabel">			<!--Dialog Label -->
		<font>Light32</font>
		<textcolor>FF585858</textcolor>
		<disabledcolor>FF585858</disabledcolor>
		<shadowcolor>20FFFFFF</shadowcolor>					
	</include>
	<include name="DialogButtonOKCancel">	<!--Dialog Button OK Cancel -->
		<font>Light32</font> 			
		<textcolor>midgrey</textcolor>
		<focusedcolor>white</focusedcolor>
		<disabledcolor>darkgrey</disabledcolor>
		<pulseonselect>false</pulseonselect>		
	</include>
	<include name="DialogButtonBrowseAdd">	<!--Dialog Button Browse Add -->
		<font>Light32</font>
		<textcolor>FF585858</textcolor>
		<focusedcolor>eewhite</focusedcolor>
		<disabledcolor>FF585858</disabledcolor>
		<shadowcolor>20FFFFFF</shadowcolor>	
	</include>

	<!--Keyboard -->
	<include name="EditTextKeyboard">		
		<font>Light45</font>
		<textcolor>eewhite</textcolor>
		<selectedcolor>eewhite</selectedcolor>
		<disabledcolor>aawhite</disabledcolor>
	</include>
	<include name="EditTextNumeric">		
		<font>Light45</font>
		<textcolor>green</textcolor>
		<selectedcolor>eewhite</selectedcolor>
		<disabledcolor>aawhite</disabledcolor>
	</include>
	<include name="Key">		
		<height>90</height>
		<align>center</align>
		<font>Light32</font>
		<textoffsetx>0</textoffsetx>
		<texturefocus border="20">dialogs/keyboard/key-fo.png</texturefocus>
		<texturenofocus border="20">dialogs/keyboard/key-nf.png</texturenofocus>
		<textcolor>darkgrey2</textcolor>
		<focusedcolor>eewhite</focusedcolor>
		<selectedcolor>eewhite</selectedcolor>
	</include>
	<include name="SmallKey">
		<width>90</width>
		<include>Key</include>
	</include>
	<include name="BigKey">
		<width>199</width>
		<include>Key</include>
	</include>
	<include name="SpaceBar">
		<width>495</width>
		<include>Key</include>
	</include>
	<include name="BackSpace">
		<width>249</width>
		<include>Key</include>
	</include>
	<include name="MediumKeyLarr">
		<width>104</width>
		<height>90</height>
		<texturefocus>dialogs/keyboard/mediumkeylarrfocus.png</texturefocus>
		<texturenofocus>dialogs/keyboard/mediumkeylarrnofocus.png</texturenofocus>
	</include>
	<include name="MediumKeyRarr">
		<width>104</width>
		<height>90</height>
		<texturefocus>dialogs/keyboard/mediumkeyrarrfocus.png</texturefocus>
		<texturenofocus>dialogs/keyboard/mediumkeyrarrnofocus.png</texturenofocus>
	</include>
	<include name="DoubleKeyDone">
		<width>171</width>
		<height>90</height>
		<align>center</align>
		<font>Light28</font>
		<texturefocus border="20">dialogs/keyboard/donefocus.png</texturefocus>
		<texturenofocus border="20">dialogs/keyboard/key-nf.png</texturenofocus>
		<textcolor>darkgrey2</textcolor>
		<focusedcolor>eewhite</focusedcolor>
		<selectedcolor>eewhite</selectedcolor>
	</include>
	<include name="DoubleKeyCancel">
		<width>171</width>
		<height>90</height>
		<align>center</align>
		<font>Light28</font>
		<texturefocus border="20">dialogs/keyboard/cancelfocus.png</texturefocus>
		<texturenofocus border="20">dialogs/keyboard/key-nf.png</texturenofocus>
		<textcolor>darkgrey2</textcolor>
		<focusedcolor>eewhite</focusedcolor>
		<selectedcolor>eewhite</selectedcolor>
	</include>

	<!--OSD -->
	<include name="OSDPanel">		<!--OSD Panel -->

		<!--Panel -->
		<control type="image">
			<posx>210</posx>
			<posy>700</posy>
			<width>1560</width>
			<height>376</height>			
			<texture>osd/osd_panel.png</texture>
		</control>			

		<!--Pause -->
		<control type="image">	
			<visible>!Skin.HasSetting(subtitle)</visible>
			<visible>player.paused</visible>
			<animation delay="300" time="600" effect="fade">Visible</animation> 
			<animation delay="0" time="200" effect="fade">Hidden</animation>
			<posx>760</posx>	<!--Center 960 -->
			<posy>340</posy>	<!--Center 540 -->
			<width>400</width>
			<height>400</height>
			<texture>osd/osd_pause.png</texture>			
		</control>			

		<!--FF/RW -->
		<control type="label">
			<posx>0</posx>
			<posy>0</posy>
			<height>1080</height>
			<width>1920</width>
			<align>center</align>
			<aligny>center</aligny>
			<font>Light270</font>
			<textcolor>eewhite</textcolor>
			<label>FFx2</label>				
			<visible>player.forwarding2x</visible>
		</control>	
		<control type="label">
			<posx>0</posx>
			<posy>0</posy>
			<height>1080</height>
			<width>1920</width>
			<align>center</align>
			<aligny>center</aligny>
			<font>Light270</font>
			<textcolor>eewhite</textcolor>
			<label>FFx4</label>
			<visible>player.forwarding4x</visible>
		</control>
		<control type="label">
			<posx>0</posx>
			<posy>0</posy>
			<height>1080</height>
			<width>1920</width>
			<align>center</align>
			<aligny>center</aligny>
			<font>Light270</font>
			<textcolor>eewhite</textcolor>
			<label>FFx8</label>
			<visible>player.forwarding8x</visible>
		</control>
		<control type="label">
			<posx>0</posx>
			<posy>0</posy>
			<height>1080</height>
			<width>1920</width>
			<align>center</align>
			<aligny>center</aligny>
			<font>Light270</font>
			<textcolor>eewhite</textcolor>
			<label>FFx16</label>
			<visible>player.forwarding16x</visible>
		</control>
		<control type="label">
			<posx>0</posx>
			<posy>0</posy>
			<height>1080</height>
			<width>1920</width>
			<align>center</align>
			<aligny>center</aligny>
			<font>Light270</font>
			<textcolor>eewhite</textcolor>
			<label>FFx32</label>
			<visible>player.forwarding32x</visible>
		</control>
		<control type="label">
			<posx>0</posx>
			<posy>0</posy>
			<height>1080</height>
			<width>1920</width>
			<align>center</align>
			<aligny>center</aligny>
			<font>Light270</font>
			<textcolor>eewhite</textcolor>
			<label>RWx2</label>
			<visible>player.rewinding2x</visible>
		</control>
		<control type="label">
			<posx>0</posx>
			<posy>0</posy>
			<height>1080</height>
			<width>1920</width>
			<align>center</align>
			<aligny>center</aligny>
			<font>Light270</font>
			<textcolor>eewhite</textcolor>
			<label>RWx4</label>
			<visible>player.rewinding4x</visible>
		</control>
		<control type="label">
			<posx>0</posx>
			<posy>0</posy>
			<height>1080</height>
			<width>1920</width>
			<align>center</align>
			<aligny>center</aligny>
			<font>Light270</font>
			<textcolor>eewhite</textcolor>
			<label>RWx8</label>
			<visible>player.rewinding8x</visible>
		</control>
		<control type="label">
			<posx>0</posx>
			<posy>0</posy>
			<height>1080</height>
			<width>1920</width>
			<align>center</align>
			<aligny>center</aligny>
			<font>Light270</font>
			<textcolor>eewhite</textcolor>
			<label>RWx16</label>
			<visible>player.rewinding16x</visible>
		</control>
		<control type="label">
			<posx>0</posx>
			<posy>0</posy>
			<height>1080</height>
			<width>1920</width>
			<align>center</align>
			<aligny>center</aligny>
			<font>Light270</font>
			<textcolor>eewhite</textcolor>
			<label>RWx32</label>
			<visible>player.rewinding32x</visible>
		</control>

		<!--Cover -->
		<control type="image"><!--No Movie -->				
			<posx>290</posx>
			<posy>775</posy>
			<width>220</width>
			<height>220</height>
			<fadetime>200</fadetime>
			<texture background="true" fallback="cover_default.png" >$INFO[VideoPlayer.Cover]</texture>
			<aspectratio align="left" aligny="top">keep</aspectratio>				
			<visible>!VideoPlayer.Content(Movies)</visible>
		</control>
		<control type="image"><!--Movie -->			
			<posx>290</posx>
			<posy>775</posy>
			<width>155</width>
			<height>220</height>
			<fadetime>200</fadetime>			
			<texture background="true" fallback="poster_default.png" diffuse="poster_matte.png">$INFO[VideoPlayer.Cover]</texture>
			<aspectratio align="left" aligny="top">stretch</aspectratio>			
			<visible>VideoPlayer.Content(Movies)</visible>
		</control>	

		<!--Label Movie -->			
		<control type="label">
			<visible>VideoPlayer.Content(Movies)</visible>
			<posx>550</posx>
			<posy>770</posy>
			<width>900</width>
			<align>left</align>
			<font>Light45</font>
			<textcolor>midgrey</textcolor>
			<label>[B]$INFO[VideoPlayer.Title][/B]</label>
			<scroll>false</scroll>
		</control>			
		<control type="label">
			<visible>VideoPlayer.Content(Movies)</visible>
			<posx>550</posx>
			<posy>820</posy>
			<width>900</width>
			<align>left</align>
			<font>Light35</font>
			<textcolor>mainblue</textcolor>			
			<label>$INFO[VideoPlayer.Genre]</label>
			<scroll>false</scroll>
		</control>

		<!-- Label Episode -->			
		<control type="label">
			<visible>VideoPlayer.Content(Episodes)</visible>
			<posx>550</posx>
			<posy>770</posy>
			<width>900</width>
			<align>left</align>
			<font>Light45</font>
			<textcolor>midgrey</textcolor>				
			<label>[B]$INFO[VideoPlayer.Episode]. $INFO[VideoPlayer.Title][/B]</label>				
			<scroll>false</scroll>
		</control>			
		<control type="label">
			<visible>VideoPlayer.Content(Episodes)</visible>
			<posx>550</posx>
			<posy>820</posy>
			<width>900</width>
			<align>left</align>
			<font>Light35</font>
			<textcolor>mainblue</textcolor>
			<label>$INFO[VideoPlayer.TVShowTitle] • $LOCALIZE[20373] $INFO[VideoPlayer.Season]</label>
			<scroll>false</scroll>
		</control>

		<!--Label Ohter -->			
		<control type="label">
			<visible>!VideoPlayer.Content(Movies) + !VideoPlayer.Content(Episodes)</visible> 
			<posx>550</posx>
			<posy>770</posy>
			<width>900</width>
			<align>left</align>
			<font>Light45</font>
			<textcolor>midgrey</textcolor>
			<label>[B]$INFO[VideoPlayer.Title][/B]</label>
			<scroll>false</scroll>
		</control>			

		<!--Flags -->
		<control type="group"><!--Flags Video -->	
			<visible>!Window.IsActive(VideoOSD)</visible>
			<animation effect="fade" start="0" end="100" time="300" tween="sine" delay="300" easing="in">WindowOpen</animation>
			<animation effect="fade" start="0" end="100" time="300" tween="sine" delay="500" easing="in">Visible</animation>
			<animation effect="fade" start="100" end="0" time="300" tween="sine" delay="500" easing="out">Hidden</animation>
			<posx>550</posx>
			<posy>963</posy>			

			<control type="image">	<!--Video Resolution -->	
				<posx>0</posx>
				<posy>0</posy>
				<width>188</width><!--212 -->
				<height>40</height><!--45 -->		
				<colordiffuse>black</colordiffuse>
				<texture fallback="flags/resolution/default.png">$INFO[VideoPlayer.VideoResolution,flags/resolution/,.png]</texture>					
			</control>	
			<control type="image">	<!--VideoCode -->
				<posx>0</posx>
				<posy>0</posy>
				<width>188</width><!--212 -->
				<height>40</height><!--45 -->		
				<colordiffuse>black</colordiffuse>
				<texture fallback="flags/videocodec/default.png">$INFO[VideoPlayer.VideoCodec,flags/videocodec/,.png]</texture>				
			</control>				
			<control type="image">	<!--Aspectration -->
				<posx>0</posx>
				<posy>0</posy>
				<width>188</width><!--212 -->
				<height>40</height><!--45 -->	
				<colordiffuse>black</colordiffuse>
				<texture fallback="flags/aspectration/default.png">$INFO[VideoPlayer.VideoAspect,flags/aspectration/,.png]</texture>					
			</control>
		</control>	
		<control type="group"><!--Flags Audio -->
			<visible>!Window.IsActive(VideoOSD)</visible>
			<animation effect="fade" start="0" end="100" time="300" tween="sine" delay="300" easing="in">WindowOpen</animation>
			<animation effect="fade" start="0" end="100" time="300" tween="sine" delay="500" easing="in">Visible</animation>
			<animation effect="fade" start="100" end="0" time="300" tween="sine" delay="500" easing="out">Hidden</animation>
			<posx>780</posx><!-- +230 more -->
			<posy>963</posy>			

			<control type="image">	<!--Audio Codec -->	
				<posx>0</posx>
				<posy>0</posy>
				<width>110</width><!--124 -->
				<height>40</height><!--45 -->	
				<colordiffuse>black</colordiffuse>
				<texture fallback="flags/audiocodec/default.png">$INFO[VideoPlayer.AudioCodec,flags/audiocodec/,.png]</texture>					
			</control>	
			<control type="image">	<!--Audio Channels -->	
				<posx>0</posx>
				<posy>0</posy>
				<width>110</width><!--212 -->
				<height>40</height><!--45 -->		
				<colordiffuse>black</colordiffuse>
				<texture fallback="flags/audiochannels/default.png">$INFO[VideoPlayer.AudioChannels,flags/audiochannels/,.png]</texture>					
			</control>	
		</control>	

		<!--Time -->
		<control type="label"><!--Left Play Time -->
			<posx>550</posx>
			<posy>880</posy>
			<width>200</width>
			<align>left</align>
			<font>Light32</font>
			<textcolor>midgrey</textcolor>
			<label>$INFO[Player.Time]</label>
		</control>
		<control type="label"><!--Right Time Remaining -->
			<posx>1660</posx>
			<posy>880</posy>
			<width>200</width>
			<align>right</align>
			<font>Light32</font>
			<textcolor>midgrey</textcolor>
			<label>- $INFO[Player.TimeRemaining]</label>
		</control>
		<control type="label"><!--End Time DialogFullscreenInfo -->	
			<visible>Window.IsActive(DialogFullscreenInfo.xml) + !Window.IsActive(VideoOSD.xml)</visible>
			<animation effect="fade" start="0" end="100" time="300" tween="sine" delay="300" easing="in">WindowOpen</animation>
			<animation effect="fade" start="0" end="100" time="300" tween="sine" delay="500" easing="in">Visible</animation>
			<animation effect="fade" start="100" end="0" time="300" tween="sine" delay="500" easing="out">Hidden</animation>
			<animation effect="slide" start="0" end="160" time="0" condition="Window.IsActive(DialogSeekbar.xml)">Conditional</animation>
			<posx>1500</posx>
			<posy>955</posy>
			<width>300</width>
			<align>right</align>
			<font>Light32</font>
			<textcolor>darkgrey</textcolor>
			<label>$LOCALIZE[41155] $INFO[Player.FinishTime]</label>
		</control>		
		<control type="label"><!--End Time DialogSeekbar -->	
			<visible>Window.IsActive(DialogSeekbar.xml) + !Window.IsActive(VideoOSD.xml)</visible>
			<animation effect="fade" start="0" end="100" time="300" tween="sine" delay="300" easing="in">WindowOpen</animation>
			<animation effect="fade" start="0" end="100" time="300" tween="sine" delay="500" easing="in">Visible</animation>
			<animation effect="fade" start="100" end="0" time="300" tween="sine" delay="500" easing="out">Hidden</animation>			
			<posx>1660</posx>
			<posy>955</posy>
			<width>300</width>
			<align>right</align>
			<font>Light32</font>
			<textcolor>darkgrey</textcolor>
			<label>$LOCALIZE[41155] $INFO[Player.FinishTime]</label>
		</control>		

		<control type="grouplist"><!--Clock -->
			<posx>1400</posx>
			<posy>770</posy>
			<width>400</width>
			<height>100</height>
			<align>center</align>
			<itemgap>4</itemgap>
			<orientation>horizontal</orientation>
			<usecontrolcoords>true</usecontrolcoords>						
			<control type="label">				
				<width min="0" max="150">auto</width>
				<height>80</height>
				<info>System.Time(hh:mm)</info>
				<font>Light60</font>
				<aligny>center</aligny>
				<textcolor>mainblue</textcolor>
			</control>
			<control type="label">				
				<visible>substring(system.time,AM,right)</visible>
				<width min="0" max="150">auto</width>
				<height>80</height>
				<label>AM</label>
				<font>Light60</font>
				<aligny>center</aligny>
				<textcolor>mainblue</textcolor>
			</control>					
			<control type="label">				
				<visible>substring(system.time,PM,right)</visible>
				<width min="0" max="150">auto</width>
				<height>80</height>
				<label>PM</label>
				<font>Light60</font>
				<aligny>center</aligny>
				<textcolor>mainblue</textcolor>
			</control>
		</control>

		<!--Process/Seekbar -->
		<control type="progress" description="BufferBar">
			<description>Progress Bar</description>
			<posx>700</posx>
			<posy>905</posy>
			<width>800</width>
            <info>Player.ProgressCache</info> 
		</control>
		<control type="progress" id="23">
			<description>Progress Bar</description>
			<posx>700</posx>
			<posy>905</posy>
			<width>800</width>
			<info>Player.Progress</info>
			<visible>true</visible>
		</control>
		<control type="slider" id="401">
			<description>Seekbar</description>
			<posx>700</posx>
			<posy>905</posy>
			<width>800</width>				
			<visible>Player.Seeking</visible>
		</control>

	</include>
	<include name="OSDInfoPanel">	<!--OSD Info Panel -->

		<!--No Info -->
		<control type="group">
			<visible>IsEmpty(VideoPlayer.Plot)</visible>
			<control type="label">					
				<posx>550</posx>
				<posy>820</posy>
				<width>700</width>
				<font>Light32</font>
				<align>left</align>
				<label>No Info</label>
				<textcolor>red</textcolor>
				<scroll>false</scroll>
			</control>
		</control>

		<!--Info Stuff -->
		<control type="group">	
			<visible>!IsEmpty(VideoPlayer.Plot)</visible>	

			<!--Panel -->				
			<control type="image">				
				<posx>235</posx>
				<posy>90</posy>
				<width>1500</width>
				<height>650</height>			
				<texture border="39">dialogs/default/bg-black.png</texture>
			</control>

			<!--Info -->
			<control type="grouplist">
				<animation effect="fade" start="0" end="100" time="300" tween="sine" delay="300" easing="in">WindowOpen</animation>
				<animation effect="fade" start="0" end="100" time="300" tween="sine" delay="500" easing="in">Visible</animation>
				<animation effect="fade" start="100" end="0" time="300" tween="sine" delay="500" easing="out">Hidden</animation>					
				<posx>350</posx>
				<posy>170</posy>
				<width>1050</width>
				<height>700</height>
				<orientation>vertical</orientation>		
				<control type="group"><!--Year: Movies -->
					<width>700</width>
					<height>40</height>
					<visible>VideoPlayer.Content(Movies) + !IsEmpty(VideoPlayer.Year)</visible>						
					<control type="image">
						<posx>0</posx>
						<posy>5</posy>
						<width>49</width>
						<height>49</height>
						<texture>dialogs/videoinfo/premiered-icon.png</texture>						
					</control>
					<control type="label">
						<posx>65</posx>
						<posy>0</posy>
						<width>700</width>
						<font>Light32</font>
						<align>left</align>
						<label>$INFO[VideoPlayer.Year]</label>
						<textcolor>aawhite</textcolor>
						<scroll>false</scroll>
					</control>
				</control>
				<control type="group"><!--Premiered: TV-Shows, Episodes -->
					<width>700</width>
					<height>40</height>
					<visible>[VideoPlayer.Content(TVShows) | VideoPlayer.Content(episodes)] + !IsEmpty(VideoPlayer.Premiered)</visible>						
					<control type="image">
						<posx>0</posx>
						<posy>5</posy>
						<width>49</width>
						<height>49</height>
						<texture>dialogs/videoinfo/premiered-icon.png</texture>						
					</control>
					<control type="label">
						<posx>65</posx>
						<posy>0</posy>
						<width>700</width>
						<font>Light32</font>
						<align>left</align>
						<label>$INFO[VideoPlayer.Premiered]</label>
						<textcolor>aawhite</textcolor>
						<scroll>false</scroll>
					</control>
				</control>
				<control type="group"><!--Genre: Movies -->					
					<width>700</width>
					<height>40</height>
					<visible>VideoPlayer.Content(Movies) + !IsEmpty(VideoPlayer.Genre)</visible>
					<control type="image">
						<posx>0</posx>
						<posy>5</posy>
						<width>49</width>
						<height>49</height>
						<texture>dialogs/videoinfo/genre-icon.png</texture>						
					</control>
					<control type="label">
						<posx>65</posx>
						<posy>0</posy>
						<width>700</width>
						<font>Light32</font>
						<align>left</align>
						<label>$INFO[VideoPlayer.Genre]</label>
						<textcolor>aawhite</textcolor>
						<scroll>false</scroll>
					</control>
				</control>
				<control type="group"><!--Director: Movies, Episodes -->					
					<width>700</width>
					<height>40</height>
					<visible>[VideoPlayer.Content(Movies) | VideoPlayer.Content(episodes)] + !IsEmpty(VideoPlayer.Director)</visible>
					<control type="image">
						<posx>0</posx>
						<posy>5</posy>
						<width>49</width>
						<height>49</height>
						<texture>dialogs/videoinfo/director-icon.png</texture>						
					</control>
					<control type="label">
						<posx>65</posx>
						<posy>0</posy>
						<width>700</width>
						<font>Light32</font>
						<align>left</align>
						<label>$INFO[VideoPlayer.Director]</label>
						<textcolor>aawhite</textcolor>
						<scroll>false</scroll>
					</control>
				</control>
				<control type="group"><!--Writer: Movies, Episodes -->						
					<width>700</width>
					<height>40</height>
					<visible>[VideoPlayer.Content(Movies) | VideoPlayer.Content(episodes)] + !IsEmpty(VideoPlayer.Writer)</visible>
					<control type="image">
						<posx>0</posx>
						<posy>5</posy>
						<width>49</width>
						<height>49</height>
						<texture>dialogs/videoinfo/writer-icon.png</texture>						
					</control>
					<control type="label">
						<posx>65</posx>
						<posy>0</posy>
						<width>700</width>
						<font>Light32</font>i
						<align>left</align>
						<label>$INFO[VideoPlayer.Writer]</label>
						<textcolor>aawhite</textcolor>
						<scroll>false</scroll>
					</control>
				</control>			
				<control type="group"><!--Studio: TV-Shows -->
					<width>700</width>
					<height>40</height>
					<visible>VideoPlayer.Content(episodes) + !IsEmpty(VideoPlayer.Studio)</visible>
					<control type="image">
						<posx>0</posx>
						<posy>5</posy>
						<width>49</width>
						<height>49</height>
						<texture>dialogs/videoinfo/tvstudio-icon.png</texture>						
					</control>
					<control type="label">
						<posx>65</posx>
						<posy>0</posy>
						<width>700</width>
						<font>Light32</font>
						<align>left</align>
						<label>$INFO[VideoPlayer.Studio,$LOCALIZE[572]: ,]</label>
						<textcolor>aawhite</textcolor>
						<scroll>false</scroll>
					</control>
				</control>				
			</control>             

			<!--Rating -->
			<control type="group">	
				<animation effect="fade" start="0" end="100" time="300" tween="sine" delay="300" easing="in">WindowOpen</animation>
				<animation effect="fade" start="0" end="100" time="300" tween="sine" delay="500" easing="in">Visible</animation>
				<animation effect="fade" start="100" end="0" time="300" tween="sine" delay="500" easing="out">Hidden</animation>
				<posx>1590</posx>	
				<posy>305</posy>					
				<control type="image">	<!--10Star Rating -->							
					<posx>-310</posx>
					<posy>15</posy>
					<width>280</width><!--315 -->
					<height>24</height><!--27 -->
					<colordiffuse>aaFFFFFF</colordiffuse>
					<texture fallback="rating/10stars/NA.png">$INFO[VideoPlayer.Rating,rating/10stars_blue/,.png]</texture>													
				</control>				    
				<control type="label">	<!--Rating Label -->   														
					<posx>0</posx>
					<posy>0</posy>
					<width>250</width>
					<label>$INFO[VideoPlayer.Rating]</label>
					<font>Reg45</font>
					<textcolor>mainblue</textcolor>					
					<scroll>false</scroll>
				</control>
			</control>

			<!-- Plot -->
			<control type="group">					
				<animation effect="fade" start="0" end="100" time="300" tween="sine" delay="300" easing="in">WindowOpen</animation>
				<animation effect="fade" start="0" end="100" time="300" tween="sine" delay="500" easing="in">Visible</animation>
				<animation effect="fade" start="100" end="0" time="300" tween="sine" delay="500" easing="out">Hidden</animation>
				<posx>350</posx>
				<posy>390</posy>
				<width>1200</width>
				<height>60</height>
				<control type="textbox">						
					<posx>0</posx>
					<posy>0</posy>
					<width>1300</width>
					<height>270</height>
					<label>$INFO[VideoPlayer.Plot]</label>
					<textcolor>bbwhite</textcolor>
					<align>justify</align>
					<font>Light32</font>				
				</control>	
			</control>		
		</control>

	</include>

	<!--Background -->	
	<include name="VideoBackground">
		<control type="image">
			<include>DimensionsFullscreen</include>
			<fadetime>800</fadetime>
			<texture background="true">$VAR[value_video_background]</texture>
			<colordiffuse>95FFFFFF</colordiffuse>				
		</control>
		<control type="multiimage">				
			<include>DimensionsFullscreen</include>				
			<imagepath background="true">overlays/fanart/fanart_overlay.png</imagepath>					
			<timeperimage>6000</timeperimage>
			<randomize>false</randomize>
			<fadetime>800</fadetime>
		</control>			
	</include>
	<include name="MusicBackground">
		<control type="image">
			<include>DimensionsFullscreen</include>
			<fadetime>800</fadetime>
			<texture background="true">$VAR[value_music_background]</texture>
			<colordiffuse>FFFFFFFF</colordiffuse>				
		</control>				
	</include>
	<include name="GlobalBackground">
		<control type="multiimage">				
			<include>DimensionsFullscreen</include>				
			<imagepath background="true">$VAR[value_global_background]</imagepath>					
			<timeperimage>6000</timeperimage>
			<randomize>false</randomize>
			<fadetime>800</fadetime>
			<visible>System.HasAddon(script.common.plugin.cache)</visible>
		</control>	
		<control type="multiimage">				
			<include>DimensionsFullscreen</include>				
			<imagepath background="true">home/globalsettingsfirst.png</imagepath>					
			<timeperimage>6000</timeperimage>
			<randomize>false</randomize>
			<fadetime>800</fadetime>
			<visible>!System.HasAddon(script.common.plugin.cache)</visible>
		</control>
		<control type="multiimage">				
			<include>DimensionsFullscreen</include>				
			<imagepath background="true">overlays/fanart/fanart_overlay.png</imagepath>					
			<timeperimage>6000</timeperimage>
			<randomize>false</randomize>
			<fadetime>800</fadetime>
		</control>
		<control type="label">				
			<include>DimensionsFullscreen</include>				
			<font>Bold200</font>
			<label>$LOCALIZE[20186]...</label>
			<align>center</align>
			<aligny>center</aligny>
			<visible>!System.HasAddon(script.common.plugin.cache)</visible>
		</control>
	</include>

	<include name="DialogsButton">
			<description>Default Button</description>
			<height>47</height>
			<font>FontSize_20</font>
			<textcolor>77white</textcolor>
			<focusedcolor>white</focusedcolor>
		  <disabledcolor>33white</disabledcolor>
			<shadowcolor>99000000</shadowcolor>
			<texturefocus>common/button-fo.png</texturefocus>
			<texturenofocus>-</texturenofocus>
			<align>left</align>
			<aligny>center</aligny>
			<textoffsetx>10</textoffsetx>
			<textoffsety>10</textoffsety>
			<pulseonselect>false</pulseonselect>
	</include>
	<include name="DialogsSaveButton">
			<width>170</width>
			<height>40</height>
			<aligny>top</aligny>
			<font>FontSize_20</font>
			<textwidth>120</textwidth>
			<textoffsetx>40</textoffsetx>
			<textoffsety>6</textoffsety>
			<textcolor>white</textcolor>
			<focusedcolor>FF00B7FF</focusedcolor>
			<shadowcolor>99000000</shadowcolor>
	</include>
	
	<include name="DialogsCancelButton">
			<width>170</width>
			<height>40</height>
			<aligny>top</aligny>
			<font>FontSize_20</font>
			<textwidth>120</textwidth>
			<textoffsetx>40</textoffsetx>
			<textoffsety>6</textoffsety>
			<textcolor>white</textcolor>
			<focusedcolor>red</focusedcolor>
			<shadowcolor>99000000</shadowcolor>
	</include>
	
	<include name="TopButton">
			<font>-</font>
			<texturefocus>-</texturefocus>
			<texturenofocus>-</texturenofocus>
			<textureradioonfocus>-</textureradioonfocus>
			<textureradioonnofocus>-</textureradioonnofocus>
			<textureradioofffocus>-</textureradioofffocus>
			<textureradiooffnofocus>-</textureradiooffnofocus>
			<textureup>-</textureup>
			<texturedown>-</texturedown>
			<textureupfocus>-</textureupfocus>
			<texturedownfocus>-</texturedownfocus>
	</include>
	<include name="FullscreenDimensions">
			<left>0</left>
			<top>0</top>
			<width>1920</width>
			<height>1080</height>
			<aspectratio>stretch</aspectratio>
	</include>	
	<include name="FistUseBackground">
		<control type="image">				
			<include>DimensionsFullscreen</include>				
			<texture background="true">common/global.png</texture>					
		</control>	
	</include>
    <include name="DialogButtonDimensions">
        <textcolor>ddwhite</textcolor>
        <focusedcolor>ddwhite</focusedcolor>
        <disabledcolor>99FFFFFF</disabledcolor>
        <align>left</align>
        <textoffsetx>85</textoffsetx>
        <width>350</width>
        <height>100</height>
    </include>
    
    <include name="DialogButtonDimensionsRightAlign">
        <textcolor>ddwhite</textcolor>
        <focusedcolor>ddwhite</focusedcolor>
        <disabledcolor>99FFFFFF</disabledcolor>
        <align>right</align>
        <textoffsetx>85</textoffsetx>
        <textwidth>300</textwidth>
        <width>350</width>
        <height>100</height>
    </include>	
	<include name="visiblehidefadeinfo">
		<animation type="Visible" reversible="false">
			<effect type="fade" start="0" end="100" time="300" tween="sine" easing="inout" />
		</animation>
		<animation type="Hidden" reversible="false">
			<effect type="fade" start="100" end="0" time="300" tween="sine" easing="inout" />
		</animation>
	</include>	
	<include name="XBMCSubtitlesShowHide">
		<animation type="Visible" reversible="false">
			<effect type="fade" start="0" end="100" time="250" tween="sine" easing="out" />
			<effect type="slide" start="20" end="0" time="250" tween="sine" easing="inout" />
		</animation>
		<animation type="Hidden" reversible="false">
			<effect type="fade" start="100" end="0" time="250" tween="sine" easing="out" />
			<effect type="slide" start="0" end="20" time="250" tween="sine" easing="inout" />
		</animation>
	</include>	
</includes>
