<!--XunityChronos -->
<window>
	<defaultcontrol always="true">5</defaultcontrol>
	<allowoverlay>no</allowoverlay>
	<controls>

		<!--Dialog Overlay -->	
		<include>DialogOverlay</include>

		<!--Lock Settings -->
		<control type="group">			
			<include>animation_dialog</include>
			<visible>!Window.IsVisible(virtualkeyboard) + !Window.IsVisible(numericinput) + !Window.IsVisible(okdialog)</visible>

			<control type="label">
				<description>Heading</description>
				<posx>473</posx>
				<posy>190</posy>
				<width>974</width>				
				<label>$LOCALIZE[20043]</label>
				<include>DialogHeader</include>
				<align>center</align>
			</control>
			<control type="image">
				<posx>920</posx>
				<posy>239</posy>
				<width>80</width>
				<height>60</height>
				<texture>dialogs/default/arrow.png</texture>
			</control>
			<control type="image">
				<posx>604</posx>
				<posy>259</posy>
				<width>712</width>
				<height>562</height>
				<texture border="39">dialogs/default/bg.png</texture>
			</control>
			<control type="image">
				<posx>638</posx>
				<posy>293</posy>
				<width>644</width>
				<height>61</height>
				<texture border="5">dialogs/default/inner.png</texture>
			</control>
			<control type="image">
				<posx>638</posx>
				<posy>355</posy>
				<width>644</width>
				<height>421</height>
				<texture border="5">dialogs/default/inner.png</texture>
			</control>
			<control type="grouplist" id="5">
				<description>Control Area</description>
				<posx>638</posx>
				<posy>293</posy>
				<width>644</width>
				<height>494</height>
				<itemgap>0</itemgap>
				<onleft>9000</onleft>
				<onright>9000</onright>
				<onup>5</onup>
				<ondown>5</ondown>
			</control>
			<control type="button" id="7">
				<description>default</description>
				<height>60</height>				
				<textoffsetx>20</textoffsetx>
				<align>left</align>
				<include>DialogButton</include>
				<texturefocus border="2">dialogs/default/highlight.png</texturefocus>
				<texturenofocus>-</texturenofocus>
			</control>
			<control type="radiobutton" id="8">
				<description>radioButton</description>
				<height>60</height>
				<align>left</align>
				<textoffsetx>20</textoffsetx>
				<radioposx>538</radioposx>
				<include>DialogButton</include>
				<textureradioon>common/radio/radio-light-fo.png</textureradioon>
				<textureradiooff>common/radio/radio-light-nf.png</textureradiooff>
				<texturefocus border="2">dialogs/default/highlight.png</texturefocus>
				<texturenofocus>dialogs/default/separator-btn.png</texturenofocus>
				<visible>!Window.IsActive(contextmenu)</visible>
				<animation effect="fade" time="300" start="0" end="100" tween="sine" easing="out">Visible</animation>
				<animation effect="fade" time="300" start="100" end="0" tween="sine" easing="in">Hidden</animation>
			</control>
			<control type="spincontrolex" id="9">
				<description>Directory Content</description>
				<textureup>common/spinctrl/arrow-light-up-nf.png</textureup>
				<texturedown>common/spinctrl/arrow-light-down-nf.png</texturedown>
				<textureupfocus>common/spinctrl/arrow-light-up-fo.png</textureupfocus>
				<texturedownfocus>common/spinctrl/arrow-light-down-fo.png</texturedownfocus>
				<texturefocus border="2">dialogs/default/highlight.png</texturefocus>
				<texturenofocus>dialogs/default/separator-btn.png</texturenofocus>
				<include>DialogButton</include>
				<textoffsetx>20</textoffsetx>
				<spinposx>9</spinposx>
				<visible>!Window.IsActive(contextmenu)</visible>
				<animation effect="fade" time="300" start="0" end="100" tween="sine" easing="out">Visible</animation>
				<animation effect="fade" time="300" start="100" end="0" tween="sine" easing="in">Hidden</animation>
			</control>
			<control type="image" id="11">
				<description>separator image</description>
				<height>14</height>
				<texture>-</texture>
				<visible>!Window.IsActive(contextmenu)</visible>
				<animation effect="fade" time="300" start="0" end="100" tween="sine" easing="out">Visible</animation>
				<animation effect="fade" time="300" start="100" end="0" tween="sine" easing="in">Hidden</animation>
			</control>
			<control type="group" id="9000">
				<posx>626</posx>
				<posy>783</posy>
				<control type="button" id="28">
					<description>OK</description>
					<label>OK</label>
					<include>DialogButtonOKCancel</include>
					<texturefocus>common/select-fo.png</texturefocus>
					<texturenofocus>common/select-nf.png</texturenofocus>					
					<align>left</align>	
					<textoffsetx>100</textoffsetx> 					
					<pulseonselect>false</pulseonselect>
					<width>350</width>
					<height>100</height>
					<onleft>29</onleft>
					<onright>29</onright>
					<onup>5</onup>
					<ondown>5</ondown>
					<animation effect="fade" start="100" end="75" time="0" condition="!Control.IsEnabled(28)">Conditional</animation>
				</control>
				<control type="button" id="29">
					<description>Cancel</description>
					<posx>200</posx>
					<label>$LOCALIZE[222]</label>
					<include>DialogButtonOKCancel</include>
					<texturefocus>common/cancel-fo.png</texturefocus>
					<texturenofocus>common/cancel-nf.png</texturenofocus>					
					<align>left</align>	
					<textoffsetx>100</textoffsetx> 					
					<pulseonselect>false</pulseonselect>
					<width>350</width>
					<height>100</height>
					<onleft>28</onleft>
					<onright>28</onright>
					<onup>5</onup>
					<ondown>5</ondown>
					<animation effect="fade" start="100" end="75" time="0" condition="!Control.IsEnabled(29)">Conditional</animation>
				</control>
			</control>
		</control>

	</controls>
</window>