<!--XunityChronos -->
<window id="2006">
	<defaultcontrol always="true">-</defaultcontrol>
	<allowoverlay>no</allowoverlay>

	<controls>

		<!--Fanart -->
		<control type="image">				
			<include>animation_fade_open_close</include>		
			<include>DimensionsFullscreen</include>
			<fadetime>600</fadetime>
			<texture background="true" fallback="special://skin/backgrounds/music.png">$INFO[MusicPlayer.Property(Fanart_Image)]</texture>
			<aspectratio  align="center" aligny="center">stretch</aspectratio>						
		</control>		
		
		<!--Music Visualisation -->
		<control type="group">
		
			<include>animation_fade_visible_hidden</include>
			<include>animation_fade_open_close</include>	
			
			<!--Panel -->
			<control type="image">
				<posx>210</posx>
				<posy>700</posy>
				<width>1560</width>
				<height>376</height>			
				<texture>osd/osd_panel.png</texture>
			</control>			

			<!--Pause -->
			<control type="image">	
				<visible>player.paused</visible>
				<animation delay="300" time="600" effect="fade">Visible</animation> 
				<posx>760</posx>	<!--Center 960 -->
				<posy>340</posy>	<!--Center 540 -->
				<width>400</width>
				<height>400</height>
				<texture>osd/osd_pause.png</texture>			
			</control>			
			
			<!--FF/RW -->
			<control type="label">
				<posx>0</posx>
				<posy>0</posy>
				<height>1080</height>
				<width>1920</width>
				<align>center</align>
				<aligny>center</aligny>
				<font>Light270</font>
				<textcolor>eewhite</textcolor>
				<label>FFx2</label>				
				<visible>player.forwarding2x</visible>
			</control>	
			<control type="label">
				<posx>0</posx>
				<posy>0</posy>
				<height>1080</height>
				<width>1920</width>
				<align>center</align>
				<aligny>center</aligny>
				<font>Light270</font>
				<textcolor>eewhite</textcolor>
				<label>FFx4</label>
				<visible>player.forwarding4x</visible>
			</control>
			<control type="label">
				<posx>0</posx>
				<posy>0</posy>
				<height>1080</height>
				<width>1920</width>
				<align>center</align>
				<aligny>center</aligny>
				<font>Light270</font>
				<textcolor>eewhite</textcolor>
				<label>FFx8</label>
				<visible>player.forwarding8x</visible>
			</control>
			<control type="label">
				<posx>0</posx>
				<posy>0</posy>
				<height>1080</height>
				<width>1920</width>
				<align>center</align>
				<aligny>center</aligny>
				<font>Light270</font>
				<textcolor>eewhite</textcolor>
				<label>FFx16</label>
				<visible>player.forwarding16x</visible>
			</control>
			<control type="label">
				<posx>0</posx>
				<posy>0</posy>
				<height>1080</height>
				<width>1920</width>
				<align>center</align>
				<aligny>center</aligny>
				<font>Light270</font>
				<textcolor>eewhite</textcolor>
				<label>FFx32</label>
				<visible>player.forwarding32x</visible>
			</control>
			<control type="label">
				<posx>0</posx>
				<posy>0</posy>
				<height>1080</height>
				<width>1920</width>
				<align>center</align>
				<aligny>center</aligny>
				<font>Light270</font>
				<textcolor>eewhite</textcolor>
				<label>RWx2</label>
				<visible>player.rewinding2x</visible>
			</control>
			<control type="label">
				<posx>0</posx>
				<posy>0</posy>
				<height>1080</height>
				<width>1920</width>
				<align>center</align>
				<aligny>center</aligny>
				<font>Light270</font>
				<textcolor>eewhite</textcolor>
				<label>RWx4</label>
				<visible>player.rewinding4x</visible>
			</control>
			<control type="label">
				<posx>0</posx>
				<posy>0</posy>
				<height>1080</height>
				<width>1920</width>
				<align>center</align>
				<aligny>center</aligny>
				<font>Light270</font>
				<textcolor>eewhite</textcolor>
				<label>RWx8</label>
				<visible>player.rewinding8x</visible>
			</control>
			<control type="label">
				<posx>0</posx>
				<posy>0</posy>
				<height>1080</height>
				<width>1920</width>
				<align>center</align>
				<aligny>center</aligny>
				<font>Light270</font>
				<textcolor>eewhite</textcolor>
				<label>RWx16</label>
				<visible>player.rewinding16x</visible>
			</control>
			<control type="label">
				<posx>0</posx>
				<posy>0</posy>
				<height>1080</height>
				<width>1920</width>
				<align>center</align>
				<aligny>center</aligny>
				<font>Light270</font>
				<textcolor>eewhite</textcolor>
				<label>RWx32</label>
				<visible>player.rewinding32x</visible>
			</control>
	
			<!--Cover -->
			<control type="image"><!--No Movie -->				
				<posx>290</posx>
				<posy>775</posy>
				<width>220</width>
				<height>220</height>
				<fadetime>200</fadetime>
				<texture background="true" fallback="cover_default.png" diffuse="cover_matte.png">$INFO[MusicPlayer.Cover]</texture>
				<aspectratio align="left" aligny="top">keep</aspectratio>			
			</control>
			
	
			<!--Label -->			
			<control type="label">				
				<posx>550</posx>
				<posy>770</posy>
				<width>900</width>
				<align>left</align>
				<font>Light45</font>
				<textcolor>midgrey</textcolor>
				<label>[B]$INFO[MusicPlayer.Album]$INFO[MusicPlayer.Artist, - ][/B]</label>
				<scroll>false</scroll>
			</control>			
			<control type="label">
				
				<posx>550</posx>
				<posy>820</posy>
				<width>900</width>
				<align>left</align>
				<font>Light35</font>
				<textcolor>mainblue</textcolor>
				<label>$INFO[MusicPlayer.Title]</label>
				<scroll>false</scroll>
			</control>
	
			
			<!--Time -->
			<control type="label"><!--Left Play Time -->
				<posx>550</posx>
				<posy>880</posy>
				<width>200</width>
				<align>left</align>
				<font>Light32</font>
				<textcolor>midgrey</textcolor>
				<label>$INFO[Player.Time]</label>
			</control>
			<control type="label"><!--Right Time Remaining -->
				<posx>1660</posx>
				<posy>880</posy>
				<width>200</width>
				<align>right</align>
				<font>Light32</font>
				<textcolor>midgrey</textcolor>
				<label>- $INFO[Player.TimeRemaining]</label>
			</control>
			<control type="label"><!--End Time -->
				<posx>550</posx>
				<posy>952</posy>
				<width>300</width>
				<align>left</align>
				<font>Light32</font>
				<textcolor>darkgrey</textcolor>
				<label>$LOCALIZE[31000] $INFO[Player.FinishTime]</label>
			</control>			
			
			<control type="grouplist"><!--Clock -->
				<posx>1400</posx>
				<posy>770</posy>
				<width>400</width>
				<height>100</height>
				<align>center</align>
				<itemgap>4</itemgap>
				<orientation>horizontal</orientation>
				<usecontrolcoords>true</usecontrolcoords>
				<include>animation_fade_visible_hidden</include>			
					<control type="label">				
						<width min="0" max="150">auto</width>
						<height>80</height>
						<info>System.Time(hh:mm)</info>
						<font>Light60</font>
						<aligny>center</aligny>
						<textcolor>mainblue</textcolor>
					</control>
					<control type="label">				
						<visible>substring(system.time,AM,right)</visible>
						<width min="0" max="150">auto</width>
						<height>80</height>
						<label>AM</label>
						<font>Light60</font>
						<aligny>center</aligny>
						<textcolor>mainblue</textcolor>
					</control>					
					<control type="label">				
						<visible>substring(system.time,PM,right)</visible>
						<width min="0" max="150">auto</width>
						<height>80</height>
						<label>PM</label>
						<font>Light60</font>
						<aligny>center</aligny>
						<textcolor>mainblue</textcolor>
					</control>
				</control>

			<!--Process/Seekbar -->
			<control type="progress" id="23">
				<description>Progress Bar</description>
				<posx>700</posx>
				<posy>905</posy>
				<width>800</width>
				<info>Player.Progress</info>
				<visible>true</visible>
			</control>
			<control type="slider" id="401">
				<description>Seekbar</description>
				<posx>700</posx>
				<posy>905</posy>
				<width>800</width>				
				<visible>Player.Seeking</visible>
			</control>

		</control>	
	</controls>
</window>