<!--XunityChronos -->
<window id="503">
	<defaultcontrol allways="true">50</defaultcontrol>
	<allowoverlay>yes</allowoverlay>
	<views>50</views>

	<controls>

		<!--Music Background -->	
		<include>MusicBackground</include>
		<!--Time & Weather -->
		<include>TimeWeather</include>
		<!--Header -->	
		<include>Header</include>	
		
		<!--Panel -->		
		<control type="image">
			<posx>0</posx>
			<posy>180</posy>
			<width>1903</width>
			<height>790</height>
			<colordiffuse>aaFFFFFF</colordiffuse>
			<texture>views/filemanager_panel.png</texture>			
			<include>animation_list</include>
		</control>		
		<control type="image">
			<posx>0</posx>
			<posy>250</posy>
			<width>1893</width>
			<height>646</height>
			<texture>views/filemanager_overlay.png</texture>			
			<include>animation_list</include>
		</control>

		<control type="group">	<!--Start Left Panel -->
			<description>Left panel</description>
			<posx>0</posx>
			<posy>300</posy>			
			<include>animation_list</include>

			<control type="label">			<!--Header -->				
				<posx>150</posx>
				<width>700</width>
				<align>left</align>
				<label>$LOCALIZE[1217]</label>
				<textcolor>midgrey</textcolor>					
				<font>Bold38</font>				
			</control>			
			<control type="list" id="50">	<!--List 50 -->				
				<posx>0</posx>
				<posy>100</posy>
				<width>950</width>
				<height>420</height>
				<onleft>-</onleft>
				<onright>100</onright>
				<onup>50</onup>
				<ondown>50</ondown>

				<itemlayout height="69" width="900">
					<control type="image">						
						<posx>130</posx>
						<posy>7</posy>
						<width>64</width>
						<height>53</height>
						<texture>common/folder.png</texture>
						<colordiffuse>FFffffff</colordiffuse>					
					</control>		
					<control type="label">
						<posx>210</posx>
						<width>480</width>
						<align>left</align>
						<font>Reg30</font>
						<info>ListItem.Label</info>
						<textcolor>midgrey</textcolor>						
					</control>
					<control type="label">
						<posx>890</posx>
						<width>200</width>
						<align>right</align>
						<font>Reg30</font>
						<info>ListItem.Label2</info>
						<textcolor>midgrey</textcolor>
					</control>
				</itemlayout>
				<focusedlayout height="69" width="900">						
					<control type="image">
						<visible>Control.HasFocus(50)</visible>
						<posx>100</posx>
						<posy>7</posy>
						<width>850</width>
						<height>50</height>
						<texture>common/slider.png</texture>
						<colordiffuse>DDffffff</colordiffuse>					
					</control>	
					<control type="image">						
						<posx>130</posx>
						<posy>7</posy>
						<width>64</width>
						<height>53</height>
						<texture>common/folder.png</texture>
						<colordiffuse>FFffffff</colordiffuse>					
					</control>						
					<control type="label">
						<posx>210</posx>
						<width>480</width>
						<align>left</align>
						<font>Reg30</font>
						<info>ListItem.Label</info>
						<scrollspeed>30</scrollspeed>
						<textcolor>mainblue</textcolor>
					</control>
					<control type="label">
						<posx>890</posx>
						<width>200</width>
						<align>right</align>
						<font>Reg30</font>
						<info>ListItem.Label2</info>
						<scrollspeed>30</scrollspeed>
						<textcolor>mainblue</textcolor>
					</control>
				</focusedlayout>
			</control>
			<control type="label">			<!--Object Info RSS -->
				<description>Header Label</description>
				<posx>150</posx>
				<posy>615</posy>
				<width>480</width>
				<align>left</align>
				<label>$INFO[Container(50).ListItem.Label]</label>
				<font>Bold30Big</font>
				<textcolor>black</textcolor>
			</control>
			<control type="label">			<!--Page Info RSS -->	
				<posx>870</posx>
				<posy>615</posy> 
				<width>250</width>
				<align>right</align>				
				<font>Bold30Big</font>
				<textcolor>black</textcolor>	
				<label>$INFO[Container(50).CurrentPage]/$INFO[Container(50).NumPages]</label>
			</control>		
			
		</control>
		<control type="group">	<!--Start Right Panel -->
			<description>Right panel</description>
			<posx>872</posx>
			<posy>300</posy>				
			<include>animation_list</include>
			
			<control type="label">			<!--Header -->				
				<posx>150</posx>
				<width>700</width>
				<align>left</align>
				<label>$LOCALIZE[525]</label>
				<textcolor>midgrey</textcolor>	
				<font>Bold38</font>				
			</control>
			<control type="list" id="100">	<!--List 100 -->					
				<posx>0</posx>
				<posy>100</posy>
				<width>950</width>
				<height>420</height>
				<onleft>50</onleft>
				<onright>-</onright>
				<onup>100</onup>
				<ondown>100</ondown>
				
				<itemlayout height="69" width="900">
					<control type="image">						
						<posx>130</posx>
						<posy>7</posy>
						<width>64</width>
						<height>53</height>
						<texture>common/folder.png</texture>
						<colordiffuse>FFffffff</colordiffuse>					
					</control>		
					<control type="label">
						<posx>210</posx>
						<width>480</width>
						<align>left</align>
						<font>Reg30</font>
						<info>ListItem.Label</info>
						<textcolor>midgrey</textcolor>						
					</control>
					<control type="label">
						<posx>890</posx>
						<width>200</width>
						<align>right</align>
						<font>Reg30</font>
						<info>ListItem.Label2</info>
						<textcolor>midgrey</textcolor>
					</control>
				</itemlayout>
				<focusedlayout height="69" width="900">						
					<control type="image">
						<visible>Control.HasFocus(100)</visible>
						<posx>100</posx>
						<posy>7</posy>
						<width>850</width>
						<height>50</height>
						<texture>common/slider.png</texture>
						<colordiffuse>DDffffff</colordiffuse>					
					</control>	
					<control type="image">						
						<posx>130</posx>
						<posy>7</posy>
						<width>64</width>
						<height>53</height>
						<texture>common/folder.png</texture>
						<colordiffuse>FFffffff</colordiffuse>					
					</control>						
					<control type="label">
						<posx>210</posx>
						<width>480</width>
						<align>left</align>
						<font>Reg30</font>
						<info>ListItem.Label</info>
						<scrollspeed>30</scrollspeed>
						<textcolor>mainblue</textcolor>
					</control>
					<control type="label">
						<posx>890</posx>
						<width>200</width>
						<align>right</align>
						<font>Reg30</font>
						<info>ListItem.Label2</info>
						<scrollspeed>30</scrollspeed>
						<textcolor>mainblue</textcolor>
					</control>
				</focusedlayout>
			</control>
			<control type="label">			<!--Object Info RSS -->
				<description>Header Label</description>
				<posx>150</posx>
				<posy>615</posy>
				<width>480</width>
				<align>left</align>
				<label>$INFO[Container(100).ListItem.Label]</label>			
				<font>Bold30Big</font>
				<textcolor>black</textcolor>
			</control>
			<control type="label">			<!--Page Info RSS -->	
				<posx>870</posx>
				<posy>615</posy> 
				<width>250</width>
				<align>right</align>				
				<font>Bold30Big</font>
				<textcolor>black</textcolor>	
				<label>$INFO[Container(100).CurrentPage]/$INFO[Container(100).NumPages]</label>
			</control>		

		</control>
		
	</controls>

</window>
