<!--XunityChronos -->
<window>
	<defaultcontrol>32</defaultcontrol>
	<allowoverlay>no</allowoverlay>
	<controls>

		<!--Global Background -->
		<include>GlobalBackground</include>
		<!--Time & Weather -->
		<include>TimeWeather</include>	
		<!--Header -->
		<include>Header</include>	

		<!--Hidden -->
		<control type="label" id="29">
			<description>Empty so we can pass the values up one level</description>
			<visible>False</visible>
		</control>
		<control type="label" id="30">
			<description>Empty so we can pass the values up one level</description>
			<visible>False</visible>
		</control>

		<!--PVR Views -->
		<control type="group" id="50">         
			<include>LiveTVChannelView</include>		<!--View ID=11 -->
			<include>EPGTimelineView</include>			<!--View ID=10 -->
			<include>LiveTVGuideNowNextView</include>	<!--View ID=16 -->		
			<include>LiveTVGuideChannelView</include>	<!--View ID=15 -->		
			<include>LiveRadioChannelView</include>		<!--View ID=12 -->	
			<include>LiveTVRecordingsView</include>		<!--View ID=13 -->			
			<include>LiveTVSearchView</include>			<!--View ID=17 -->
			<include>LiveTVTimersView</include>			<!--View ID=14 -->	
		</control>

		<!--Sub Menu Tab Left -->
		<include>SubMenuTabLeft</include>

		<!--Sub Menu -->
		<control type="group">
			<posx>15</posx>
			<posy>150</posy>

			<visible>!Window.IsActive(DialogKeyboard.xml)</visible>

			<include>animation_fade_visible_hidden</include>
			<include>animation_fade_open_close</include>
			<include>animation_sub_menu</include>				

			<!--Panel -->
			<control type="image">
				<posx>-19</posx>
				<posy>360</posy>
				<width>60</width>
				<height>80</height>
				<texture>dialogs/default/arrow-left-black.png</texture>
			</control>			
			<control type="image">				
				<width>500</width>
				<height>800</height>
				<texture border="39">dialogs/default/bg-black.png</texture>
				<aspectratio>stretch</aspectratio>
			</control>			

			<!--Gouplist 9000 -->
			<control type="grouplist" id="9000">		
				<posx>21</posx>
				<posy>70</posy>
				<width>458</width>
				<height>650</height>
				<itemgap>3</itemgap>
				<onleft>50</onleft>
				<onright>50</onright>
				<onup>9000</onup>
				<ondown>9000</ondown>
				<orientation>vertical</orientation>

				<!--Buttons -->
				<control type="label" id="200">	<!--Label Menu -->					
					<width>458</width>
					<align>left</align>
					<textoffsetx>50</textoffsetx>
					<font>Light40</font>
					<textcolor>mainblue</textcolor>
					<label>$LOCALIZE[41090]:</label>
				</control>
				<control type="image" id="201">	<!--Seperator -->				
					<width>458</width>
					<height>20</height>
					<align>left</align>
					<texture>common/menu-separator.png</texture>
				</control>
				<control type="button" id="32">	<!--Refresh -->						
					<description>Refresh</description>
					<label>19023</label>
					<include>SubMenuButton</include>
				</control>
				<control type="button" id="33">	<!--Settings -->					
					<description>Settings</description>
					<label>19024</label>
					<include>SubMenuButton</include>
				</control>
				<control type="button" id="31">	<!--TV Guide -->					
					<include>SubMenuButton</include>
					<label>$LOCALIZE[19222]: $LOCALIZE[19030]</label>
				</control>
				<control type="button" id="34">	<!--Recording -->					
					<include>SubMenuButton</include>
					<label>19163</label>
				</control>
				<control type="button" id="35">	<!--Timer -->
					<description>Timers</description>
					<include>SubMenuButton</include>
					<label>19040</label>
				</control>
				<control type="button" id="36">	<!--Search -->					
					<include>SubMenuButton</include>
					<label>137</label>
				</control>
			</control>
		</control>        
	</controls>
</window>