<!--XunityChronos -->
<window id="2600">
	<defaultcontrol always="true">50</defaultcontrol>
	<allowoverlay>yes</allowoverlay>

	<controls>	

		<!--Global Background -->
		<include>GlobalBackground</include>
		<!--Time & Weather -->
		<include>TimeWeather</include>	
		<!--Header -->
		<include>Header</include>			

		<!--Hidden Button -->
		<control type="radiobutton" id="50">
			<description>Filter (hidden)</description>
			<include>HiddenButton</include>
			<onleft>9000</onleft>
		</control>

		<!--Weather -->
		<control type="group">
			<posx>40</posx>		
			<posy>120</posy>		
			<include>animation_fade_visible_hidden</include>
			<include>animation_list</include>	

			<!--Fanart -->
			<control type="image">
				<posx>0</posx>
				<posy>100</posy>
				<width>1893</width>
				<height>716</height>
				<colordiffuse>95FFFFFF</colordiffuse>
				<texture diffuse="weather/weather_matte.png">special://skin/backgrounds/weather.png</texture>				
				<fadetime>1000</fadetime>			
				<aspectratio scalediffuse="false" align="left">scale</aspectratio>							
			</control>

			<!--Panel -->			
			<control type="image">
				<posx>0</posx>
				<posy>100</posy>
				<width>1893</width>
				<height>716</height>
				<texture>weather/weather_overlay.png</texture>						
			</control>

			<!--Weather Today -->
			<control type="image"><!--Icon -->
				<texture>$INFO[Window(Weather).Property(Day0.FanartCode),weather/icons/,.png]</texture>				
				<posx>890</posx>
				<posy>140</posy>
				<width>200</width>
				<height>200</height>				
			</control>				
			<control type="label"><!--Temp -->
				<posx>870</posx>
				<posy>365</posy>
				<width>250</width>
				<height>50</height>					
				<font>Light40</font>
				<textcolor>aawhite</textcolor>
				<align>center</align>
				<label>$INFO[Window(Weather).Property(Day0.HighTemp)] $INFO[System.TemperatureUnits][COLOR=mainblue] / $INFO[Window(Weather).Property(Day0.LowTemp)] $INFO[System.TemperatureUnits] [/COLOR]</label>
				<visible>Weather.IsFetched</visible>				
			</control>				
			<control type="group"><!--Info -->
				<posx>1220</posx>
				<posy>160</posy>				


				<!-- Current Temperatur -->
				<control type="label">
					<label>$LOCALIZE[401]</label>
					<posx>0</posx>
					<posy>0</posy>
					<width>400</width>
					<height>50</height>					
					<font>Light35</font>					
					<textcolor>mainblue</textcolor>
					<align>left</align>
				</control>							
				<control type="label">
					<posx>200</posx>
					<posy>0</posy>
					<width>400</width>
					<height>50</height>					
					<font>Light35</font>
					<textcolor>aawhite</textcolor>
					<align>left</align>
					<label>$INFO[Window(Weather).Property(Current.Temperature)] $INFO[System.TemperatureUnits]</label>
					<visible>Weather.IsFetched</visible>					
				</control>	
				<control type="label">
					<label>$LOCALIZE[402]:</label>
					<posx>0</posx>
					<posy>40</posy><!--60 -->
					<width>400</width>
					<height>50</height>
					<font>Light32</font>
					<textcolor>mainblue</textcolor>
					<align>left</align>					
				</control>
				<control type="label">
					<label>$INFO[Window.Property(Current.FeelsLike)]$INFO[System.TemperatureUnits]</label>
					<posx>200</posx>
					<posy>40</posy><!--60 -->
					<width>400</width>
					<height>50</height>
					<font>Light32</font>					
					<textcolor>aawhite</textcolor>					
					<align>left</align>					
				</control>
				<!-- Current Condition -->
				<control type="label">
					<label>$LOCALIZE[33020]</label>
					<posx>0</posx>
					<posy>90</posy>
					<width>400</width>
					<height>50</height>					
					<font>Light29</font>					
					<textcolor>mainblue</textcolor>
					<align>left</align>
				</control>				
				<control type="label">					
					<posx>200</posx>
					<posy>90</posy>
					<width>400</width>
					<height>50</height>					
					<font>Light29</font>					
					<textcolor>aawhite</textcolor>
					<align>left</align>
					<info>Window.Property(Current.Condition)</info>
					<visible>Weather.IsFetched</visible>
				</control>			
				<!-- Humidity -->
				<control type="label">
					<label>406</label>
					<posx>0</posx>
					<posy>120</posy>
					<width>400</width>
					<height>50</height>
					<font>Light29</font>
					<textcolor>mainblue</textcolor>
					<align>left</align>					
				</control>
				<control type="label">
					<label>$INFO[Window.Property(Current.Humidity)]</label>
					<posx>200</posx>
					<posy>120</posy>
					<width>400</width>
					<height>50</height>
					<font>Light29</font>
					<textcolor>aawhite</textcolor>
					<align>left</align>		
				</control>
				<!-- Uv Index -->
				<control type="label">
					<label>403</label>
					<posx>0</posx>
					<posy>150</posy>
					<width>400</width>
					<height>50</height>
					<font>Light29</font>
					<textcolor>mainblue</textcolor>
					<align>left</align>					
				</control>
				<control type="label">
					<label>$INFO[Window.Property(Current.UVIndex)]</label>
					<posx>200</posx>
					<posy>150</posy>
					<width>400</width>
					<height>50</height>
					<font>Light29</font>
					<textcolor>aawhite</textcolor>
					<align>left</align>		
				</control>
				<!-- Dew Point -->
				<control type="label">
					<label>405</label>
					<posx>0</posx>
					<posy>180</posy>
					<width>400</width>
					<height>50</height>
					<font>Light29</font>
					<textcolor>mainblue</textcolor>
					<align>left</align>					
				</control>
				<control type="label">
					<label>$INFO[Window.Property(Current.DewPoint)]</label>
					<posx>200</posx>
					<posy>180</posy>
					<width>400</width>
					<height>50</height>
					<font>Light29</font>
					<textcolor>aawhite</textcolor>
					<align>left</align>			
				</control>				
				<control type="label">
					<label>$LOCALIZE[383]:</label>
					<posx>0</posx>
					<posy>210</posy>
					<width>400</width>
					<height>50</height>
					<font>Light29</font>
					<textcolor>mainblue</textcolor>
					<align>left</align>					
				</control>				
				<control type="label">
					<label>$INFO[Window.Property(Current.Wind)]</label>
					<posx>200</posx>
					<posy>210</posy>
					<width>400</width>
					<height>50</height>
					<font>Light29</font>
					<textcolor>aawhite</textcolor>
					<align>left</align>			
				</control>
			</control>	

			<!--Weather Week -->	
			<control type="image"><!--Day 1 Icon -->
				<texture>$INFO[Window(Weather).Property(Day1.FanartCode),weather/icons/,.png]</texture>
				<posx>890</posx>
				<posy>540</posy>
				<width>120</width>
				<height>120</height>				
			</control>
			<control type="label"><!--Day 1 Title -->
				<posx>830</posx>
				<posy>480</posy>
				<width>250</width>
				<height>50</height>					
				<font>Light40</font>
				<textcolor>mainblue</textcolor>
				<align>center</align>
				<label>$INFO[Window(Weather).Property(Day1.Title)]</label>
				<visible>Weather.IsFetched</visible>				
			</control>
			<control type="label"><!--Day 1 Temp-High Low -->
				<posx>830</posx>
				<posy>660</posy>
				<width>250</width>
				<height>50</height>					
				<font>Light35</font>
				<textcolor>aawhite</textcolor>
				<align>center</align>
				<label>$INFO[Window(Weather).Property(Day1.HighTemp)] $INFO[System.TemperatureUnits][COLOR=mainblue] / $INFO[Window(Weather).Property(Day1.LowTemp)] $INFO[System.TemperatureUnits] [/COLOR]</label>
				<visible>Weather.IsFetched</visible>				
			</control>
			<control type="label"><!--Day 1 Outlook -->
				<posx>830</posx>
				<posy>735</posy>
				<width>250</width>
				<height>50</height>					
				<font>Light27</font>
				<textcolor>aawhite</textcolor>
				<align>center</align>
				<info>Window.Property(Day1.Outlook)</info>
				<visible>Weather.IsFetched</visible>				
			</control>	

			<control type="image"><!--Day 2 Icon -->
				<texture>$INFO[Window(Weather).Property(Day2.FanartCode),weather/icons/,.png]</texture>
				<posx>1150</posx>
				<posy>540</posy>
				<width>120</width>
				<height>120</height>				
			</control>
			<control type="label"><!--Day 2 Title -->
				<posx>1090</posx>
				<posy>480</posy>
				<width>250</width>
				<height>50</height>					
				<font>Light40</font>
				<textcolor>mainblue</textcolor>
				<align>center</align>
				<label>$INFO[Window(Weather).Property(Day2.Title)]</label>
				<visible>Weather.IsFetched</visible>				
			</control>				
			<control type="label"><!--Day 2 Temp-High Low -->
				<posx>1090</posx>
				<posy>660</posy>
				<width>250</width>
				<height>50</height>					
				<font>Light35</font>
				<textcolor>aawhite</textcolor>
				<align>center</align>
				<label>$INFO[Window(Weather).Property(Day2.HighTemp)] $INFO[System.TemperatureUnits][COLOR=mainblue] / $INFO[Window(Weather).Property(Day2.LowTemp)] $INFO[System.TemperatureUnits] [/COLOR]</label>
				<visible>Weather.IsFetched</visible>			
			</control>
			<control type="label"><!--Day 2 Outlook -->
				<posx>1090</posx>
				<posy>735</posy>
				<width>250</width>
				<height>50</height>					
				<font>Light27</font>
				<textcolor>aawhite</textcolor>
				<align>center</align>
				<info>Window.Property(Day2.Outlook)</info>
				<visible>Weather.IsFetched</visible>				
			</control>	

			<control type="image"><!--Day 3 Icon -->
				<texture>$INFO[Window(Weather).Property(Day3.FanartCode),weather/icons/,.png]</texture>
				<posx>1410</posx>
				<posy>540</posy>
				<width>120</width>
				<height>120</height>				
			</control>
			<control type="label"><!--Day 3 Title -->
				<posx>1345</posx>
				<posy>480</posy>
				<width>250</width>
				<height>50</height>					
				<font>Light40</font>
				<textcolor>mainblue</textcolor>
				<align>center</align>
				<label>$INFO[Window(Weather).Property(Day3.Title)]</label>
				<visible>Weather.IsFetched</visible>				
			</control>		
			<control type="label"><!--Day 3 Temp-High Low -->
				<posx>1345</posx>
				<posy>660</posy>
				<width>250</width>
				<height>50</height>					
				<font>Light35</font>
				<textcolor>aawhite</textcolor>
				<align>center</align>
				<label>$INFO[Window(Weather).Property(Day3.HighTemp)] $INFO[System.TemperatureUnits][COLOR=mainblue] / $INFO[Window(Weather).Property(Day3.LowTemp)] $INFO[System.TemperatureUnits] [/COLOR]</label>
				<visible>Weather.IsFetched</visible>				
			</control>
			<control type="label"><!--Day 3 Outlook -->
				<posx>1345</posx>
				<posy>735</posy>
				<width>250</width>
				<height>50</height>					
				<font>Light27</font>
				<textcolor>aawhite</textcolor>
				<align>center</align>
				<info>Window.Property(Day3.Outlook)</info>
				<visible>Weather.IsFetched</visible>				
			</control>	

			<control type="image"><!--Day 4 Icon -->
				<texture>$INFO[Window(Weather).Property(Day4.FanartCode),weather/icons/,.png]</texture>
				<posx>1670</posx>
				<posy>540</posy>
				<width>120</width>
				<height>120</height>				
			</control>
			<control type="label"><!--Day 4 Title -->
				<posx>1615</posx>
				<posy>480</posy>
				<width>250</width>
				<height>50</height>					
				<font>Light40</font>
				<textcolor>mainblue</textcolor>
				<align>center</align>
				<label>$INFO[Window(Weather).Property(Day4.Title)]</label>
				<visible>Weather.IsFetched</visible>				
			</control>	
			<control type="label"><!--Day 4 Temp-High Low -->
				<posx>1615</posx>
				<posy>660</posy>
				<width>250</width>
				<height>50</height>					
				<font>Light35</font>
				<textcolor>aawhite</textcolor>
				<align>center</align>
				<label>$INFO[Window(Weather).Property(Day4.HighTemp)] $INFO[System.TemperatureUnits][COLOR=mainblue] / $INFO[Window(Weather).Property(Day4.LowTemp)] $INFO[System.TemperatureUnits] [/COLOR]</label>
				<visible>Weather.IsFetched</visible>				
			</control>
			<control type="label"><!--Day 4 Outlook -->
				<posx>1615</posx>
				<posy>735</posy>
				<width>250</width>
				<height>50</height>					
				<font>Light27</font>
				<textcolor>aawhite</textcolor>
				<align>center</align>
				<info>Window.Property(Day4.Outlook)</info>
				<visible>Weather.IsFetched</visible>				
			</control>				

		</control>

		<!--RSS Background -->			
		<control type="image">	
			<include>animation_fade_visible_hidden</include>
			<include>animation_list</include>
			<posx>35</posx>
			<posy>960</posy>
			<width>1870</width>
			<height>84</height>
			<texture border="30">home/home_rss.png</texture>				
		</control>			

		<!--Location Label -->
		<control type="label">
			<include>animation_fade_visible_hidden</include>
			<include>animation_list</include>
			<posx>560</posx>
			<posy>990</posy> 		
			<width>800</width>
			<align>center</align>
			<font>Bold34Big</font>			
			<textcolor>black</textcolor>
			<label>$INFO[Control.GetLabel(3)]</label>					
			<visible>Weather.IsFetched</visible>				
		</control>

		<!--Sub Menu Tab Left -->
		<include>SubMenuTabLeft</include>

		<!--Sub Menu -->
		<control type="group"> 
			<posx>15</posx>
			<posy>150</posy>

			<visible>!Window.IsActive(DialogKeyboard.xml)</visible>

			<include>animation_fade_visible_hidden</include>
			<include>animation_fade_open_close</include>
			<include>animation_sub_menu</include>				

			<!--Panel -->
			<control type="image">
				<posx>-19</posx>
				<posy>360</posy>
				<width>60</width>
				<height>80</height>
				<texture>dialogs/default/arrow-left-black.png</texture>
			</control>			
			<control type="image">				
				<width>500</width>
				<height>800</height>
				<texture border="39">dialogs/default/bg-black.png</texture>
				<aspectratio>stretch</aspectratio>
			</control>	

			<!--Gouplist 9000 -->
			<control type="grouplist" id="9000">		
				<posx>21</posx>
				<posy>70</posy>
				<width>458</width>
				<height>565</height>
				<itemgap>3</itemgap>
				<onleft>50</onleft>
				<onright>50</onright>
				<onup>9000</onup>
				<ondown>9000</ondown>
				<orientation>vertical</orientation>

				<!--Buttons -->
				<control type="label" id="200">			<!--Label Menu -->					
					<width>458</width>
					<align>left</align>
					<textoffsetx>50</textoffsetx>
					<font>Light40</font>
					<textcolor>mainblue</textcolor>	
					<label>$LOCALIZE[41090]:</label>	
				</control>
				<control type="image" id="201">			<!--Seperator -->						
					<width>458</width>					
					<height>20</height>	
					<align>left</align>	
					<texture>common/menu-separator.png</texture>				
				</control>		
				<control type="button" id="2">			<!--Refresh -->			
					<description>Refresh</description>
					<label>184</label>
					<include>SubMenuButton</include>	
				</control>
				<control type="button" id="4">			<!--Settings -->		
					<description>Settings</description>
					<label>5</label>					
					<onclick>ActivateWindow(weathersettings)</onclick>
					<include>SubMenuButton</include>	
				</control>
				<control type="spincontrolex" id="3">	<!--Location Select -->	
					<description>Location Select</description>
					<font>-</font>
					<width>485</width>
					<align>left</align>
					<textcolor>-</textcolor>
					<focusedcolor>-</focusedcolor>
					<disabledcolor>-</disabledcolor>
					<pulseonselect>false</pulseonselect>
					<texturefocus>common/button-fo.png</texturefocus>		
					<texturenofocus>-</texturenofocus>				
				</control>
			</control>	
			<control type="label">		<!--Location Label UnFocus -->		
				<visible>!ControlGroup(9000).HasFocus(3)</visible>
				<description>Location Label</description>
				<posx>21</posx>
				<posy>285</posy>
				<width>458</width>
				<textcolor>midgrey</textcolor>
				<label>$INFO[Control.GetLabel(3)]</label>
				<textoffsetx>40</textoffsetx>
			</control>
			<control type="label">		<!--Location Label Focus -->		
				<visible>ControlGroup(9000).HasFocus(3)</visible>
				<description>Location Label</description>
				<posx>21</posx>
				<posy>285</posy>
				<width>458</width>
				<textcolor>white</textcolor>
				<label>$INFO[Control.GetLabel(3)]</label>
				<textoffsetx>40</textoffsetx>
			</control>
		</control>

	</controls>

</window>