<!--XunityChronos -->
<window>
    <defaultcontrol>5</defaultcontrol>
    <backgroundcolor>0</backgroundcolor>
    <controls>
	
        <!--Dialog Overlay -->	
		<include>DialogOverlay</include>
		
		<!--Dialog Profile Setting -->
        <control type="group">
			<include>animation_dialog</include>            
            <visible>!Window.IsVisible(filebrowser) + !Window.IsVisible(virtualkeyboard) + !Window.IsVisible(locksettings)</visible>  
        
			<!--Panel -->
            <control type="image">
                <posx>920</posx>
                <posy>306</posy>
                <width>80</width>
                <height>60</height>
                <texture>dialogs/default/arrow.png</texture>
            </control>
            <control type="image">
                <posx>544</posx>
                <posy>326</posy>
                <width>832</width>
                <height>428</height>
                <texture border="39">dialogs/default/bg.png</texture>
            </control>
            <control type="image">
            	<posx>578</posx>
            	<posy>360</posy>
            	<width>764</width>
            	<height>361</height>
            	<texture border="5">dialogs/default/inner.png</texture>
            </control>

            <control type="image" id="2">
                <description>profile image</description>
                <posx>920</posx>
                <posy>235</posy>
                <width>80</width>
                <height>80</height>
                <align>center</align>
                <aspectratio>scale</aspectratio>                
                <texture diffuse="common/profil/profile_mask.png" />
            </control>
            
            <control type="label">
                <posx>473</posx>
                <posy>260</posy>
                <width>974</width>
				<include>DialogHeader</include>               
                <align>center</align>
                <label>$INFO[Control.GetLabel(1000)]</label>
                <visible>IsEmpty(Control.GetLabel(2))</visible>
            </control>
            
            <control type="grouplist" id="5">
                <description>Control Area</description>
                <posx>578</posx>
                <posy>360</posy>
                <width>764</width>
                <height>360</height>
                <itemgap>0</itemgap>
                <orientation>vertical</orientation>
                <pagecontrol>60</pagecontrol>
                <onleft>1004</onleft>
                <onright>1004</onright>
                <onup>1004</onup>
                <ondown>1004</ondown>
                <scrolltime tween="cubic" easing="out">500</scrolltime>
            </control>
            
            <control type="label" id="1000">
                <description>profile name</description>
                <posx>1322</posx>
                <posy>360</posy>
                <width>352</width>
                <height>60</height>
                <align>right</align>
				<include>DialogLabel</include>     
                <visible>!ControlGroup(5).HasFocus() | !ControlGroup(5).HasFocus(30)</visible>
            </control>
            
            <control type="label">
                <description>profile name</description>
                <posx>1322</posx>
                <posy>360</posy>
                <width>352</width>
                <height>60</height>
                <align>right</align>
                <label>$INFO[Control.GetLabel(1000)]</label>               
				<include>DialogLabel</include>     
                <visible>ControlGroup(5).HasFocus() + ControlGroup(5).HasFocus(30)</visible>
            </control>
            
            <control type="image">
                <description>profile image</description>
                <posx>1282</posx>
                <posy>430</posy>
                <width>40</width>
                <height>40</height>
                <texture>$INFO[Control.GetLabel(2)]</texture>
            </control>
            
            <control type="label" id="1001">
                <description>profile location</description>
                <posx>1322</posx>
                <posy>480</posy>
                <width>352</width>
                <height>60</height>
                <align>right</align>
				<include>DialogLabel</include>     
                <visible>[!ControlGroup(5).HasFocus() | !ControlGroup(5).HasFocus(32)] + !IsEmpty(Control.GetLabel(33))</visible>
            </control>
            
            <control type="label">
                <description>profile location</description>
                <posx>1322</posx>
                <posy>480</posy>
                <width>352</width>
                <height>60</height>
                <align>right</align>
                <label>$INFO[Control.GetLabel(1001)]</label>
				<include>DialogLabel</include>     
                <visible>ControlGroup(5).HasFocus() + ControlGroup(5).HasFocus(32) + !IsEmpty(Control.GetLabel(33))</visible>
            </control>
            
            <control type="button" id="7">
                <description>-</description>
                <height>60</height>
                <align>left</align>              
                <textwidth>352</textwidth>
                <textoffsetx>20</textoffsetx>
				<include>DialogButton</include>     
                <texturefocus border="2">dialogs/default/highlight.png</texturefocus>
                <texturenofocus>dialogs/default/separator-btn.png</texturenofocus>
            </control>
            
            <control type="radiobutton" id="8">
                <description>-</description>
                <height>60</height>
                <align>left</align>               
                <textwidth>352</textwidth>
                <textoffsetx>20</textoffsetx>
                <radioposx>852</radioposx>
                <include>DialogButton</include>    
                <textureradioon>common/radio/radio-light-fo.png</textureradioon>
                <textureradiooff>common/radio/radio-light-nf.png</textureradiooff>
                <texturefocus border="2">dialogs/default/highlight.png</texturefocus>
                <texturenofocus>dialogs/default/separator-btn.png</texturenofocus>
            </control>
            
            <control type="spincontrolex" id="9">
                <description>-</description>
                <textureup>common/spinctrl/arrow-light-up-nf.png</textureup>
                <texturedown>common/spinctrl/arrow-light-down-nf.png</texturedown>
                <textureupfocus>common/spinctrl/arrow-light-up-fo.png</textureupfocus>
                <texturedownfocus>common/spinctrl/arrow-light-down-fo.png</texturedownfocus>
                <texturefocus border="2">dialogs/default/highlight.png</texturefocus>
                <texturenofocus>dialogs/default/separator-btn.png</texturenofocus>
                <include>DialogButton</include> 
				<align>left</align>
                <textwidth>352</textwidth>
                <textoffsetx>20</textoffsetx>
                <spinposx>5</spinposx>
            </control>
            
            <control type="sliderex" id="10">
                <description>Slider</description>             
				<include>DialogButton</include>    
                <textwidth>352</textwidth>
                <textoffsetx>20</textoffsetx>
                <sliderwidth>140</sliderwidth>
                <sliderheight>20</sliderheight>
				<align>left</align>
                <texturesliderbar>osd/slider_back.png</texturesliderbar>
                <textureslidernib>osd/orb_nofo.png</textureslidernib>
                <textureslidernibfocus>buttons/OSD/orb_fo.png</textureslidernibfocus>
            </control>
            
            <control type="group" id="1004">
                <posx>565</posx>
                <posy>716</posy>
                <control type="button" id="28">
                    <description>OK</description>                    
                    <label>OK</label>
					<include>DialogButtonOKCancel</include>
                    <texturefocus>common/select-fo.png</texturefocus>
                    <texturenofocus>common/select-nf.png</texturenofocus>
					<align>left</align>	
					<textoffsetx>100</textoffsetx> 					
					<width>350</width>
					<height>100</height>
                    <onleft>29</onleft>
                    <onright>29</onright>
                    <onup>5</onup>
                    <ondown>5</ondown>
                    <animation effect="fade" start="100" end="75" time="0" condition="!Control.IsEnabled(28)">Conditional</animation>
                </control>
                <control type="button" id="29">
                    <posx>200</posx>
                    <description>Cancel</description>                   
                    <label>$LOCALIZE[222]</label>
					<include>DialogButtonOKCancel</include>
                    <texturefocus>common/cancel-fo.png</texturefocus>
                    <texturenofocus>common/cancel-nf.png</texturenofocus>
					<align>left</align>	
					<textoffsetx>100</textoffsetx> 					
					<width>350</width>
					<height>100</height>
                    <onleft>28</onleft>
                    <onright>28</onright>
                    <onup>5</onup>
                    <ondown>5</ondown>
                    <animation effect="fade" start="100" end="75" time="0" condition="!Control.IsEnabled(29)">Conditional</animation>
                </control>
            </control>
        </control>
    </controls>
</window>