<window>
	<allowoverlay>no</allowoverlay>
	<zorder>1</zorder>
	<onunload>Skin.Reset(subtitle)</onunload>
	<onload>Skin.SetBool(subtitle)</onload>
	<controls>

		<control type="group" id="250">				

			<animation time="600" effect="fade">WindowOpen</animation> 
			<animation time="600" effect="fade">WindowClose</animation>	

			<!--Panel -->
			<control type="image">				
				<posx>235</posx>
				<posy>90</posy>
				<width>1500</width>
				<height>650</height>			
				<texture border="39">dialogs/default/bg.png</texture>
			</control>

			<!--Top Label -->
			<control type="group">			
				<control type="label">			<!--Header -->					
					<posx>315</posx>
					<posy>150</posy>
					<width>550</width>
					<height>50</height>
					<font>Reg40</font>
					<label>[B]XBMC SUBTITLES[/B]</label>
					<align>Left</align>					
					<textcolor>midgrey</textcolor>					
				</control>
				<control type="label" id="100">	<!--textarea -->					
					<posx>315</posx>
					<posy>200</posy>
					<width>780</width>
					<height>50</height>
					<font>Light32</font>
					<textcolor>midgrey</textcolor>
					<align>Left</align>					
					<wrapmultiline>false</wrapmultiline>
				</control>						
				<control type="image" id="110">	<!--Logo -->					
					<posx>10</posx>
					<posy>10</posy>
					<width>250</width>
					<height>40</height>
					<colordiffuse>00ffffff</colordiffuse>
					<aspectratio>keep</aspectratio>
				</control>
			</control>

			<!--Left Menu -->
			<control type="group">
				<control type="image">					<!--Inner -->
					<posx>265</posx>
					<posy>120</posy>
					<width>1065</width>
					<height>590</height>
					<texture border="5">dialogs/default/inner.png</texture>
				</control>
				<control type="list" id="120">			<!--List 120 -->
					<posx>265</posx>
					<posy>280</posy>
					<width>1300</width>
					<height>350</height>
					<!--onleft>121</onleft -->
					<onleft>-</onleft>
					<onright>150</onright>
					<onup>120</onup>
					<ondown>120</ondown>
					<viewtype label="535">list</viewtype>
					<pagecontrol>121</pagecontrol>
					<scrolltime>200</scrolltime>

					<itemlayout width="1300" height="50">	
						<control type="image"><!--Flag -->
							<posx>50</posx>
							<posy>5</posy>
							<width>62</width>
							<height>42</height>
							<texture>$INFO[ListItem.Thumb,dialogs/xbmcsubtitles/,/flag.png]</texture>
						</control>
						<control type="label"><!--Language -->
							<posx>150</posx>
							<posy>0</posy>
							<width>110</width>
							<height>50</height>
							<font>Light30</font>
							<aligny>center</aligny>
							<textcolor>midgrey</textcolor>
							<selectedcolor>midgrey</selectedcolor>
							<align>left</align>
							<info>ListItem.Label</info>
						</control>
						<!--control type="image">
							<posx>210</posx>
							<posy>0</posy>
							<width>80</width>
							<height>50</height>
							<texture>dialogs/xbmcsubtitles/icon_hi.png</texture>
							<visible>ListItem.property(hearing_imp)</visible>
						</control>
						<control type="image">
							<posx>210</posx>
							<posy>0</posy>
							<width>121</width>
							<height>50</height>
							<texture>dialogs/xbmcsubtitles/icon_sync.png</texture>
							<visible>ListItem.property(sync)</visible>                               
						</control -->
						<control type="label"><!--Label 2 -->
							<posx>300</posx>
							<posy>0</posy>
							<width>600</width>
							<height>50</height>
							<font>Light32</font>
							<aligny>center</aligny>
							<textcolor>midgrey</textcolor>
							<selectedcolor>midgrey</selectedcolor>
							<align>left</align>
							<info>ListItem.Label2</info>
						</control>	
						<control type="group"><!--Rating not visible -->
							<visible>!IntegerGreaterThan(ListItem.ActualIcon,9)</visible>
							<control type="image">
								<posx>930</posx>
								<posy>0</posy>
								<width>50</width>
								<height>50</height>
								<texture>dialogs/xbmcsubtitles/star_nofo.png</texture>
							</control>
							<control type="label">
								<posx>1025</posx>
								<posy>0</posy>
								<width>100</width>
								<height>50</height>
								<font>Light30</font>
								<textcolor>midgrey</textcolor>
								<selectedcolor>midgrey</selectedcolor>
								<label>$INFO[ListItem.ActualIcon,,.0]</label>
								<align>right</align>
								<aligny>center</aligny>
								<scroll>false</scroll>
							</control>
						</control>
						<control type="group"><!--Rating visible -->
							<visible>IntegerGreaterThan(ListItem.ActualIcon,9)</visible>
							<control type="image">
								<posx>930</posx>
								<posy>0</posy>
								<width>50</width>
								<height>50</height>
								<texture>dialogs/xbmcsubtitles/star_fo.png</texture>
							</control>
							<control type="label">
								<posx>1025</posx>
								<posy>0</posy>
								<width>100</width>
								<height>50</height>
								<font>Light30</font>
								<textcolor>midgrey</textcolor>
								<selectedcolor>midgrey</selectedcolor>
								<label>$INFO[ListItem.ActualIcon]</label>
								<align>right</align>
								<aligny>center</aligny>
								<scroll>false</scroll>
							</control>
						</control>
					</itemlayout>
					<focusedlayout width="1300" height="50">						
						<control type="image"><!--Slider -->
							<posx>0</posx>
							<posy>0</posy>
							<width>1065</width>
							<height>50</height>
							<texture>dialogs/default/highlight.png</texture>
							<visible>Control.HasFocus(120)</visible>
						</control>	
						<control type="image"><!--Flag -->
							<posx>50</posx>
							<posy>5</posy>
							<width>62</width>
							<height>42</height>
							<texture>$INFO[ListItem.Thumb,dialogs/xbmcsubtitles/,/flag.png]</texture>
						</control>
						<control type="label"><!--Language -->
							<posx>150</posx>
							<posy>0</posy>
							<width>110</width>
							<height>50</height>
							<font>Light30</font>
							<aligny>center</aligny>
							<textcolor>white</textcolor>
							<selectedcolor>white</selectedcolor>
							<align>left</align>
							<info>ListItem.Label</info>
						</control>			
						<!--control type="image">						
							<posx>210</posx>
							<posy>0</posy>
							<width>80</width>
							<height>50</height>
							<texture>dialogs/xbmcsubtitles/icon_hi.png</texture>
							<visible>ListItem.property(hearing_imp)</visible>
						</control>
						<control type="image">
							<posx>210</posx>
							<posy>0</posy>
							<width>121</width>
							<height>50</height>
							<texture>dialogs/xbmcsubtitles/icon_sync.png</texture>
							<visible>ListItem.property(sync)</visible>                               
						</control -->
						<control type="label"><!--Label 2 -->
							<posx>300</posx>
							<posy>0</posy>
							<width>600</width>
							<height>50</height>
							<font>Light32</font>
							<aligny>center</aligny>
							<textcolor>white</textcolor>
							<selectedcolor>white</selectedcolor>
							<align>left</align>
							<info>ListItem.Label2</info>
						</control>	
						<control type="group"><!--Rating not visible -->
							<visible>!IntegerGreaterThan(ListItem.ActualIcon,9)</visible>
							<control type="image">
								<posx>930</posx>
								<posy>0</posy>
								<width>50</width>
								<height>50</height>
								<texture>dialogs/xbmcsubtitles/star_nofo.png</texture>
							</control>
							<control type="label">
								<posx>1025</posx>
								<posy>0</posy>
								<width>100</width>
								<height>50</height>
								<font>Light30</font>
								<textcolor>white</textcolor>
								<selectedcolor>white</selectedcolor>								
								<label>$INFO[ListItem.ActualIcon,,.0]</label>
								<align>right</align>
								<aligny>center</aligny>
								<scroll>false</scroll>
							</control>
						</control>
						<control type="group"><!--Rating visible -->
							<visible>IntegerGreaterThan(ListItem.ActualIcon,9)</visible>
							<control type="image">
								<posx>930</posx>
								<posy>0</posy>
								<width>50</width>
								<height>50</height>
								<texture>dialogs/xbmcsubtitles/star_fo.png</texture>
							</control>
							<control type="label">
								<posx>1025</posx>
								<posy>0</posy>
								<width>100</width>
								<height>50</height>
								<font>Light30</font>
								<textcolor>white</textcolor>
								<selectedcolor>white</selectedcolor>
								<label>$INFO[ListItem.ActualIcon]</label>
								<align>right</align>
								<aligny>center</aligny>
								<scroll>false</scroll>
							</control>
						</control>
					</focusedlayout>
				</control>
				<control type="spincontrol" id="121"> 	<!--Next Page Button -->					
					<posx>1305</posx>
					<posy>650</posy>
					<width>50</width>
					<height>50</height>
					<font>Light28</font>
					<align>right</align>					
					<subtype>page</subtype>
					<textcolor>midgrey</textcolor>
					<onleft>120</onleft>
					<onright>120</onright>
					<ondown>120</ondown>
					<onup>120</onup>
					<textoffsetx>10</textoffsetx>
					<textureup></textureup>
					<texturedown></texturedown>
					<textureupfocus></textureupfocus>
					<texturedownfocus></texturedownfocus>
					<showonepage>false</showonepage>
					<visible>Control.IsVisible(120)</visible>
				</control>
				<control type="group" id="111">			<!--Local Subtitle -->
					<control type="grouplist">
						<posx>315</posx>
						<posy>650</posy>
						<width>400</width>
						<height>50</height>
						<align>Left</align>
						<orientation>horizontal</orientation>
						<itemgap>5</itemgap>						
						<control type="label">	<!--label -->						
							<width min="10" max="500">auto</width>
							<height>50</height>
							<font>Light28</font>
							<textcolor>midgrey</textcolor>
							<label>$LOCALIZE[SCRIPT655]</label>							
							<wrapmultiline>false</wrapmultiline>
						</control>
					</control>
				</control>				
			</control>

			<!--Right Menu -->	
			<control type="group">					
				<control type="image">			<!--Inner -->
					<posx>1350</posx>
					<posy>120</posy>
					<width>350</width>
					<height>590</height>
					<texture border="5">dialogs/default/inner.png</texture>
				</control>
				<control type="group">			<!--Button no Focus --> 
					<posy>120</posy>
					<control type="image"><!--Button 1 nofocus -->
						<posx>1350</posx>
						<posy>0</posy>
						<width>350</width>
						<height>60</height>
						<texture>dialogs/default/separator.png</texture>				
					</control>
					<control type="image"><!--Button 2 nofocus -->
						<posx>1350</posx>
						<posy>60</posy>
						<width>350</width>
						<height>60</height>
						<texture>dialogs/default/separator.png</texture>						
					</control>
					<control type="image"><!--Button 3 nofocus -->
						<posx>1350</posx>
						<posy>120</posy>
						<width>350</width>
						<height>60</height>
						<texture>dialogs/default/separator.png</texture>					
					</control>
				</control>
				<control type="list" id="150">	<!--List 150 -->
					<posx>1350</posx>
					<posy>120</posy>
					<width>350</width>
					<height>434</height>
					<onleft>120</onleft>
					<onright>120</onright>
					<onup>150</onup>
					<ondown>150</ondown>
					<viewtype label="535">list</viewtype>
					<scrolltime>200</scrolltime>
					<itemlayout width="350" height="60">							
						<control type="label">
							<posx>40</posx>
							<posy>0</posy>
							<width>300</width>
							<height>60</height>
							<font>Light32</font>
							<aligny>center</aligny>
							<textcolor>FF585858</textcolor>
							<selectedcolor>FF585858</selectedcolor>
							<align>left</align>
							<info>ListItem.Label</info>
							<visible>!ListItem.property(man)</visible>
						</control>
						<control type="label">
							<posx>40</posx>
							<posy>0</posy>
							<width>300</width>
							<height>60</height>
							<font>Light32</font>
							<aligny>center</aligny>
							<textcolor>FF585858</textcolor>
							<selectedcolor>FF585858</selectedcolor>
							<align>left</align>
							<info>ListItem.Label</info>
							<visible>ListItem.property(man)</visible>
						</control>
					</itemlayout>
					<focusedlayout width="350" height="60">						
						<control type="image"><!--Button -->
							<posx>0</posx>
							<posy>0</posy>
							<width>350</width>
							<height>60</height>
							<texture>dialogs/default/highlight-grey.png</texture>
							<visible>Control.HasFocus(150)</visible>
						</control>
						<control type="label">
							<visible>Control.HasFocus(150)</visible>
							<posx>40</posx>
							<posy>0</posy>
							<width>300</width>
							<height>60</height>
							<font>Light32</font>
							<aligny>center</aligny>
							<textcolor>eewhite</textcolor>							
							<align>left</align>
							<info>ListItem.Label</info>
							<visible>!ListItem.property(man)</visible>
						</control>
						<control type="label">
							<visible>Control.HasFocus(150)</visible>
							<posx>40</posx>
							<posy>0</posy>
							<width>300</width>
							<height>60</height>
							<font>Light32</font>
							<aligny>center</aligny>
							<textcolor>eewhite</textcolor>							
							<align>left</align>
							<info>ListItem.Label</info>
							<visible>ListItem.property(man)</visible>
						</control>
						<control type="label">
							<visible>!Control.HasFocus(150)</visible>
							<posx>40</posx>
							<posy>0</posy>
							<width>300</width>
							<height>60</height>
							<font>Light32</font>
							<aligny>center</aligny>
							<textcolor>FF585858</textcolor>							
							<align>left</align>
							<info>ListItem.Label</info>
							<visible>!ListItem.property(man)</visible>
						</control>
						<control type="label">
							<visible>!Control.HasFocus(150)</visible>
							<posx>40</posx>
							<posy>0</posy>
							<width>300</width>
							<height>60</height>
							<font>Light32</font>
							<aligny>center</aligny>
							<textcolor>FF585858</textcolor>							
							<align>left</align>
							<info>ListItem.Label</info>
							<visible>ListItem.property(man)</visible>
						</control>
					</focusedlayout>
				</control>
			</control>
		</control>

	</controls>
</window>
