<!--XunityChronos -->
<window>
    <defaultcontrol always="true">2</defaultcontrol>
    <allowoverlay>no</allowoverlay> 
    <controls>
       
		<!--Global Background -->
		<include>GlobalBackground</include>	
      
        <!--Settings Profile -->
        <control type="group">           
            <visible>!Window.IsActive(favourites)</visible>
			
            <!-- Panel -->
            <control type="image">
                <posx>353</posx>
                <posy>187</posy>
                <height>704</height>
                <width>1214</width>
                <texture border="4">common/profil/panel.png</texture>
            </control>
            <control type="image">
                <description>Shadow</description>
                <posx>255</posx>
                <posy>883</posy>
                <width>1410</width>
                <height>150</height>
                <texture>common/profil/item-shadow.png</texture>
            </control>            
            <control type="image">
                <description>List separator</description>
                <posx>355</posx>
                <posy>191</posy>
                <width>1210</width>
                <height>77</height>
                <texture border="90,3,90,3">common/profil/separator.png</texture>
            </control>
            
            <!-- SpinCtrl Focus -->
            <control type="image">
                <posx>357</posx>
                <posy>191</posy>
                <width>1210</width>
                <height>77</height>
                <texture>common/button-fo.png</texture>               
                <visible>Control.HasFocus(4)</visible>
            </control>
            
            <control type="label">
                <description>Category</description>
                <posx>391</posx>
                <posy>191</posy>
                <height>76</height>
                <width>400</width>
                <align>left</align>
                <font>Light32</font>
                <label>$LOCALIZE[20096]</label>
                <textcolor>white</textcolor>
                <animation effect="fade" start="100" end="60" tween="sine" easing="inout" time="200" condition="!Control.HasFocus(4)">Conditional</animation>
            </control>
    
            <control type="radiobutton" id="4">
                <posx>356</posx>
                <posy>191</posy>
                <height>76</height>
                <width>1210</width>
                <label>-</label>
                <align>left</align>
                <aligny>top</aligny>
                <textcolor>96FFFFFF</textcolor>
                <focusedcolor>white</focusedcolor>
                <disabledcolor>-</disabledcolor>
                <texturefocus>-</texturefocus>
                <texturenofocus>-</texturenofocus>
                <radioposx>1087</radioposx>
                <font>Light32</font>
                <onup>2</onup>
                <ondown>2</ondown>
                <textoffsetx>35</textoffsetx>
                <textoffsety>4</textoffsety>
            </control>
            
            <control type="list" id="2">
                <description>Control Area</description>
                <posx>356</posx>
                <posy>267</posy>
                <width>1210</width>
                <height>609</height>
                <onleft>noop</onleft>
                <onright>40</onright>
                <onup>4</onup>
                <ondown>4</ondown>
                <pagecontrol>-</pagecontrol>
                <orientation>vertical</orientation>
                <itemlayout height="76">
                    <control type="image">
                        <description>List separator</description>
                        <posx>0</posx>
                        <posy>0</posy>
                        <width>1210</width>
                        <height>77</height>
                        <texture border="90,3,90,3">common/profil/separator.png</texture>
                    </control>
                    <control type="image">
                        <posx>35</posx>
                        <posy>10</posy>
                        <width>56</width>
                        <height>56</height>
                        <texture background="true" fallback="common/profil/avatar.png">$INFO[ListItem.Icon]</texture>
                        <visible>!IsEmpty(ListItem.Icon)</visible>
                    </control>
                    <control type="label">
                        <posx>35</posx>
                        <posy>0</posy>
                        <width>700</width>
                        <height>74</height>
                        <align>left</align>
                        <aligny>center</aligny>
                        <info>ListItem.Label</info>
                        <textcolor>96FFFFFF</textcolor>
                        <font>Light32</font>
                        <animation effect="slide" start="0" end="80" time="0" condition="!IsEmpty(ListItem.Icon)">Conditional</animation>
                    </control>
                    <control type="label">
                        <posx>1175</posx>
                        <posy>0</posy>
                        <width>300</width>
                        <height>74</height>
                        <align>right</align>
                        <aligny>center</aligny>
                        <info>ListItem.Label2</info>
                        <textcolor>96FFFFFF</textcolor>
                        <font>Light32</font>
                    </control>
                </itemlayout>
                <focusedlayout height="76">
                    <control type="group">
                        <visible>Control.HasFocus(2)</visible>
                        <control type="image">
                            <height>77</height>
                            <width>1210</width>
                            <texture>common/button-fo.png</texture>
                        </control>
                        <control type="image">
                            <posx>35</posx>
                            <posy>10</posy>
                            <width>56</width>
                            <height>56</height>
                            <texture background="true" fallback="DefaultProfile.png">$INFO[ListItem.Icon]</texture>
                            <visible>!IsEmpty(ListItem.Icon)</visible>
                        </control>
                        <control type="label">
                            <posx>35</posx>
                            <posy>0</posy>
                            <width>700</width>
                            <height>74</height>
                            <align>left</align>
                            <aligny>center</aligny>
                            <info>ListItem.Label</info>
                            <textcolor>white</textcolor>
                            <font>Light32</font>
                            <animation effect="slide" start="0" end="80" time="0" condition="!IsEmpty(ListItem.Icon)">Conditional</animation>
                        </control>
                        <control type="label">
                            <posx>1175</posx>
                            <posy>0</posy>
                            <width>300</width>
                            <height>74</height>
                            <align>right</align>
                            <aligny>center</aligny>
                            <info>ListItem.Label2</info>
                            <textcolor>white</textcolor>
                            <font>Light32</font>
                        </control>
                    </control>
                    <control type="group">
                        <visible>!Control.HasFocus(2)</visible>
                        <control type="image">
                            <description>List separator</description>
                            <posx>0</posx>
                            <posy>0</posy>
                            <width>1210</width>
                            <height>77</height>
                            <texture border="90,3,90,3">common/profil/separator.png</texture>
                        </control>
                        <control type="image">
                            <posx>35</posx>
                            <posy>10</posy>
                            <width>56</width>
                            <height>56</height>
                            <texture background="true" fallback="common/profil/avatar.png">$INFO[ListItem.Icon]</texture>
                            <visible>!IsEmpty(ListItem.Icon)</visible>
                        </control>
                        <control type="label">
                            <posx>35</posx>
                            <posy>0</posy>
                            <width>700</width>
                            <height>74</height>
                            <align>left</align>
                            <aligny>center</aligny>
                            <info>ListItem.Label</info>
                            <textcolor>96FFFFFF</textcolor>
                            <font>Light32</font>
                            <animation effect="slide" start="0" end="80" time="0" condition="!IsEmpty(ListItem.Icon)">Conditional</animation>
                        </control>
                        <control type="label">
                            <posx>1175</posx>
                            <posy>0</posy>
                            <width>300</width>
                            <height>74</height>
                            <align>right</align>
                            <aligny>center</aligny>
                            <info>ListItem.Label2</info>
                            <textcolor>96FFFFFF</textcolor>
                            <font>Light32</font>
                        </control>
                    </control>
                </focusedlayout>
            </control>
        </control>
       
    </controls>
</window>