<!-- XunityChronos -->
<window>
	<defaultcontrol always="true">100</defaultcontrol>
	<allowoverlay>yes</allowoverlay>

	<controls>

		<!-- Global Background -->
		<include>GlobalBackground</include>	
		<!-- Time & Weather -->
		<include>TimeWeather</include>	
		<!-- Header -->
		<include>Header</include>		
		<!-- XunityChronos Version -->
		<include>XunityChronosVersion</include>	


		<!-- Panel -->
		<control type="image">			
			<posx>0</posx>
			<posy>100</posy>
			<width>1913</width>
			<height>940</height>
			<texture>views/settings_panel.png</texture>
			<include>animation_fade_visible_hidden</include>
			<include>animation_list</include>
		</control>		

		<!-- List 100 Left Area -->
		<control type="list" id="100">
			<description>List</description>
			<posx>90</posx>
			<posy>220</posy>
			<width>450</width>
			<height>720</height>
			<onup>100</onup>
			<ondown>100</ondown>
			<onleft>-</onleft>
			<onright>1000</onright>
			<scrolltime>0</scrolltime>
			<orientation>vertical</orientation>
			<pagecontrol>-</pagecontrol>
			<include>animation_fade_visible_hidden</include>
			<include>animation_list</include>

			<itemlayout height="50" width="450">
				<control type="image">
					<width>450</width>
					<height>50</height>
					<texture>common/button-nf.png</texture>
				</control>
				<control type="label">
					<posx>50</posx>
					<width>390</width>
					<height>50</height>
					<font>Reg32</font>
					<textcolor>midgrey</textcolor>
					<label>$INFO[ListItem.Label]</label>
				</control>
			</itemlayout>
			<focusedlayout height="50" width="450">
				<control type="image">
					<width>450</width>
					<height>50</height>
					<texture>common/button-fo.png</texture>
					<animation effect="fade" start="100" end="50" condition="!Control.HasFocus(100)">Conditional</animation>
				</control>
				<control type="label">
					<posx>50</posx>
					<width>390</width>
					<height>50</height>
					<font>Reg32</font>
					<textcolor>black</textcolor>		
					<label>$INFO[ListItem.Label]</label>
				</control>
			</focusedlayout>

			<content>	
				<item id="8"><!-- Disable Home-Menu Button ID=8000 -->					
					<label>$LOCALIZE[24022] $LOCALIZE[10000] $LOCALIZE[536]</label>
					<onclick>-</onclick>
				</item>
				<item id="5">
					<description>Custom Home Icons</description>
					<label>$LOCALIZE[20190] $LOCALIZE[10000] $LOCALIZE[536]</label>
					<onclick>-</onclick>
				</item>		
				<item id="6">
					<description>Weather</description>
					<label>$LOCALIZE[10000] $LOCALIZE[8]</label>
					<onclick>-</onclick>
				</item>		
				<item id="9"><!-- Skin Background ID=9000 -->					
					<label>33070</label>
					<onclick>-</onclick>
				</item>	
				<item id="3">
					<description>Debug</description>
					<label>14092</label>
					<onclick>-</onclick>
				</item>		
				<item id="4"><!-- Lyrics/Subtitles ID=4000 -->					
					<label>$LOCALIZE[24013] / $LOCALIZE[24012]</label>
					<onclick>-</onclick>
				</item>
			</content>			
		</control>

		<!-- Group 1000 Right Area -->
		<control type="group" id="1000"> 
			<posx>605</posx>
			<posy>220</posy>			
			<include>animation_fade_visible_hidden</include>
			<include>animation_list</include>			

			<control type="grouplist" id="4000"><!-- Lyrics + Subtitle left -->
				<description>Control Area</description>
				<width>1230</width>
				<height>720</height>
				<itemgap>3</itemgap>
				<onup>200</onup>
				<ondown>200</ondown>
				<onleft>100</onleft>
				<onright>-</onright>
				<orientation>vertical</orientation>
				<visible>Container(100).Hasfocus(4)</visible>

				<control type="button" id="4002">					
					<width>1230</width>					
					<align>left</align>
					<label>$LOCALIZE[24013] $LOCALIZE[24009]</label>
					<height>50</height>
					<focusedcolor>black</focusedcolor>
					<font>Reg32</font>					
					<onclick>Skin.SetAddon(LyricPath,xbmc.python.lyrics)</onclick>
				</control>
				<control type="button" id="4003">				
					<width>1230</width>					
					<align>left</align>
					<label>$LOCALIZE[24012] $LOCALIZE[24009]</label>
					<height>50</height>
					<focusedcolor>black</focusedcolor>
					<font>Reg32</font>					
					<onclick>Skin.SetAddon(SubtitlePath,xbmc.python.subtitles)</onclick>
				</control>

			</control>
			<control type="grouplist" id="4100"><!-- Lyrics + Subtitle right -->	
				<description>Control Area</description>
				<width>1230</width>
				<height>720</height>
				<itemgap>3</itemgap>
				<onup>200</onup>
				<ondown>200</ondown>
				<onleft>100</onleft>
				<onright>-</onright>
				<orientation>vertical</orientation>
				<visible>Container(100).Hasfocus(4)</visible>

				<!-- Lyrics -->
				<control type="label">					
					<visible>!Control.HasFocus(4002)</visible>
					<width>1230</width>					
					<font>Reg32</font>
					<align>right</align>
					<textoffsetx>30</textoffsetx>
					<textcolor>midgrey</textcolor>
					<font>Reg32</font>					
					<label>$INFO[Skin.String(LyricPath)]</label>
					<visible>!IsEmpty(Skin.String(LyricPath))</visible>
				</control>
				<control type="label">					
					<visible>!Control.HasFocus(4002)</visible>
					<width>1230</width>					
					<font>Reg32</font>
					<height>50</height>
					<align>right</align>
					<textoffsetx>30</textoffsetx>
					<label>50114</label>
					<textcolor>midgrey</textcolor>
					<font>Reg32</font>					
					<visible>IsEmpty(Skin.String(LyricPath))</visible>
				</control>
				<control type="label">
					<visible>Control.HasFocus(4002)</visible>
					<width>1230</width>					
					<font>Reg32</font>
					<align>right</align>
					<textoffsetx>30</textoffsetx>
					<textcolor>black</textcolor>
					<font>Reg32</font>					
					<label>$INFO[Skin.String(LyricPath)]</label>
					<visible>!IsEmpty(Skin.String(LyricPath))</visible>
				</control>
				<control type="label">
					<visible>Control.HasFocus(4002)</visible>
					<width>1230</width>					
					<font>Reg32</font>
					<height>50</height>
					<align>right</align>
					<textoffsetx>30</textoffsetx>
					<label>50114</label>
					<textcolor>black</textcolor>
					<font>Reg32</font>					
					<visible>IsEmpty(Skin.String(LyricPath))</visible>
				</control>

				<!-- Subtitle -->
				<control type="label">
					<visible>!Control.HasFocus(4003)</visible>
					<width>1230</width>					
					<font>Reg32</font>
					<height>50</height>
					<align>right</align>
					<textoffsetx>30</textoffsetx>
					<textcolor>midgrey</textcolor>
					<font>Reg32</font>					
					<label>$INFO[Skin.String(SubtitlesPath)]</label>
					<visible>!IsEmpty(Skin.String(SubtitlesPath))</visible>
				</control>
				<control type="label">
					<visible>!Control.HasFocus(4003)</visible>
					<width>1230</width>
					<height>50</height>		
					<align>right</align>
					<textoffsetx>30</textoffsetx>
					<label>50115</label>
					<textcolor>midgrey</textcolor>
					<font>Reg32</font>							
					<visible>IsEmpty(Skin.String(SubtitlesPath))</visible>
				</control>
				
				<control type="label">
					<visible>Control.HasFocus(4003)</visible>
					<width>1230</width>					
					<font>Reg32</font>
					<height>50</height>
					<align>right</align>
					<textoffsetx>30</textoffsetx>
					<textcolor>black</textcolor>
					<font>Reg32</font>					
					<label>$INFO[Skin.String(SubtitlesPath)]</label>
					<visible>!IsEmpty(Skin.String(SubtitlesPath))</visible>
				</control>
				<control type="label">
					<visible>Control.HasFocus(4003)</visible>
					<width>1230</width>
					<height>50</height>		
					<align>right</align>
					<textoffsetx>30</textoffsetx>
					<label>50115</label>
					<textcolor>black</textcolor>
					<font>Reg32</font>					
					<visible>IsEmpty(Skin.String(SubtitlesPath))</visible>
				</control>
			</control>
			
			<control type="grouplist" id="500">	<!-- Debug Grid + Info -->		
				<description>Control Area</description>
				<width>1230</width>
				<height>720</height>
				<itemgap>3</itemgap>
				<onup>500</onup>
				<ondown>500</ondown>
				<onleft>100</onleft>
				<onright>-</onright>
				<orientation>vertical</orientation>
				<visible>Container(100).Hasfocus(3)</visible>

				<control type="radiobutton" id="501">
					<description>Enable Debug Grid</description>
					<width>1230</width>
					<align>left</align>
					<label>31034</label>
					<height>50</height>
					<focusedcolor>black</focusedcolor>
					<font>Reg32</font>		
					<onclick>Skin.ToggleSetting(DebugGrid)</onclick>
					<selected>Skin.HasSetting(DebugGrid)</selected>
				</control>
				<control type="radiobutton" id="502">
					<description>Enable Debug Info</description>
					<width>1230</width>
					<align>left</align>
					<label>Enable Debug Info</label>
					<height>50</height>
					<focusedcolor>black</focusedcolor>
					<font>Reg32</font>		
					<onclick>Skin.ToggleSetting(DebugInfo)</onclick>
					<selected>Skin.HasSetting(DebugInfo)</selected>
				</control>
			</control>
			<control type="grouplist" id="501">	<!-- Debug Grid + Info -->		
				<description>Control Area</description>
				<width>1230</width>
				<height>720</height>
				<itemgap>3</itemgap>
				<onup>500</onup>
				<ondown>500</ondown>
				<onleft>100</onleft>
				<onright>-</onright>
				<orientation>vertical</orientation>
				<visible>Container(100).Hasfocus(6)</visible>

				<control type="radiobutton" id="502">
					<description>Enable Home Weather Icons</description>
					<width>1230</width>
					<align>left</align>
					<label>$LOCALIZE[24022] $LOCALIZE[10000] $LOCALIZE[12600] $LOCALIZE[536]</label>
					<height>50</height>
					<focusedcolor>black</focusedcolor>
					<font>Reg32</font>		
					<onclick>Skin.ToggleSetting(HomeWeather)</onclick>
					<selected>Skin.HasSetting(HomeWeather)</selected>
				</control>
			</control>

			<control type="grouplist" id="8000"><!-- Skin Setting: Home-Menu Button -->		
				<description>Control Area</description>
				<width>1230</width>
				<height>720</height>
				<itemgap>3</itemgap>
				<onup>500</onup>
				<ondown>500</ondown>
				<onleft>100</onleft>
				<onright>-</onright>
				<orientation>vertical</orientation>
				<visible>Container(100).Hasfocus(8)</visible>
				<control type="radiobutton" id="8001">	<!-- iStream -->
					<description>iStream</description>
					<width>1230</width>
					<align>left</align>
					<label>[COLOR blue]i[/COLOR]Stream</label>
					<height>50</height>
					<focusedcolor>black</focusedcolor>
					<font>Reg32</font>	
					<onclick>Skin.ToggleSetting(HomeMenuNoistream)</onclick>
					<selected>!Skin.HasSetting(HomeMenuNoistream)</selected>
				</control>
				<control type="radiobutton" id="8002">	<!-- iStream Movies -->
					<description>iStream Movies</description>
					<width>1230</width>
					<align>left</align>
					<label>[COLOR blue]i[/COLOR]Stream $LOCALIZE[342]</label>
					<height>50</height>
					<focusedcolor>black</focusedcolor>
					<font>Reg32</font>	
					<onclick>Skin.ToggleSetting(HomeMenuNoimovie)</onclick>
					<selected>!Skin.HasSetting(HomeMenuNoimovie)</selected>
				</control>
				<control type="radiobutton" id="8003">	<!-- iStream Tv Shows -->
					<description>iStream Tv Shows</description>
					<width>1230</width>
					<align>left</align>
					<label>[COLOR blue]i[/COLOR]Stream $LOCALIZE[20364]</label>
					<height>50</height>
					<focusedcolor>black</focusedcolor>
					<font>Reg32</font>	
					<onclick>Skin.ToggleSetting(HomeMenuNoitvshow)</onclick>
					<selected>!Skin.HasSetting(HomeMenuNoitvshow)</selected>
				</control>
				<!-- <control type="radiobutton" id="8004">
					<description>Xunity Help</description>
					<width>1230</width>
					<align>left</align>
					<label>[COLOR blue]X[/COLOR]unity $LOCALIZE[10043]</label>
					<height>50</height>
					<focusedcolor>black</focusedcolor>
					<font>Reg32</font>	
					<onclick>Skin.ToggleSetting(HomeMenuNohelp)</onclick>
					<selected>!Skin.HasSetting(HomeMenuNohelp)</selected>
				</control> -->
				<control type="radiobutton" id="8019">
					<description>Android</description>
					<width>1230</width>
					<align>left</align>
					<label>Android</label>
					<height>50</height>
					<focusedcolor>black</focusedcolor>
					<font>Reg32</font>	
					<onclick>Skin.ToggleSetting(HomeMenuNoAndroidButton)</onclick>
					<selected>!Skin.HasSetting(HomeMenuNoAndroidButton)</selected>
					<visible>System.Platform.Android</visible>
				</control>
					<!-- <control type="radiobutton" id="8005">Xunity Config
					<description>Xunity Config</description>
					<width>1230</width>
					<align>left</align>
					<label>Xun[COLOR blue]i[/COLOR]ty $LOCALIZE[21417]</label>
					<height>50</height>
					<focusedcolor>black</focusedcolor>
					<font>Reg32</font>	
					<onclick>Skin.ToggleSetting(HomeMenuNoWifiButton)</onclick>
					<selected>!Skin.HasSetting(HomeMenuNoWifiButton)</selected>
				</control>
				<control type="radiobutton" id="8020">
					<description>Content Installer</description>
					<width>1230</width>
					<align>left</align>
					<label>50113</label>
					<height>50</height>
					<focusedcolor>black</focusedcolor>
					<font>Reg32</font>	
					<onclick>Skin.ToggleSetting(HomeMenuNoinstaller)</onclick>
					<selected>!Skin.HasSetting(HomeMenuNoinstaller)</selected>
				</control> -->
				<control type="radiobutton" id="8011">	<!-- Video-Addons -->
					<description>Video-Addons</description>
					<width>1230</width>
					<align>left</align>
					<label>1037</label>
					<height>50</height>
					<focusedcolor>black</focusedcolor>
					<font>Reg32</font>	
					<onclick>Skin.ToggleSetting(HomeMenuNoVideoAddonsButton)</onclick>
					<selected>!Skin.HasSetting(HomeMenuNoVideoAddonsButton)</selected>
				</control>	
				<control type="radiobutton" id="8006">	<!-- Music -->
					<description>Music</description>
					<width>1230</width>
					<align>left</align>
					<label>1038</label>
					<height>50</height>
					<focusedcolor>black</focusedcolor>
					<font>Reg32</font>	
					<onclick>Skin.ToggleSetting(HomeMenuNoMusicButton)</onclick>
					<selected>!Skin.HasSetting(HomeMenuNoMusicButton)</selected>
				</control>
				<control type="radiobutton" id="8012">	<!-- Pictures -->
					<description>Pictures</description>
					<width>1230</width>
					<align>left</align>
					<label>1039</label>
					<height>50</height>
					<focusedcolor>black</focusedcolor>
					<font>Reg32</font>	
					<onclick>Skin.ToggleSetting(HomeMenuNoPicturesButton)</onclick>
					<selected>Skin.HasSetting(HomeMenuNoPicturesButton)</selected>
				</control>
				<control type="radiobutton" id="8016">	<!-- Programs -->
					<description>Programs</description>
					<width>1230</width>
					<align>left</align>
					<label>1043</label>
					<height>50</height>
					<focusedcolor>black</focusedcolor>
					<font>Reg32</font>	
					<onclick>Skin.ToggleSetting(HomeMenuNoProgramsButton)</onclick>
					<selected>!Skin.HasSetting(HomeMenuNoProgramsButton)</selected>
				</control>
				<control type="radiobutton" id="8015">	<!-- Addons Browser -->
					<description>Addons</description>
					<width>1230</width>
					<align>left</align>
					<label>10040</label>
					<height>50</height>					
					<focusedcolor>black</focusedcolor>
					<font>Reg32</font>	
					<onclick>Skin.ToggleSetting(HomeMenuNoAddonsButton)</onclick>
					<selected>!Skin.HasSetting(HomeMenuNoAddonsButton)</selected>
				</control>	
				<control type="radiobutton" id="8007">	<!-- Video -->
					<description>Video</description>
					<width>1230</width>
					<align>left</align>
					<label>3</label>
					<height>50</height>					
					<focusedcolor>black</focusedcolor>
					<font>Reg32</font>	
					<onclick>Skin.ToggleSetting(HomeMenuNoVideosButton)</onclick>
					<selected>Skin.HasSetting(HomeMenuNoVideosButton)</selected>
				</control>
				<control type="radiobutton" id="8008">	<!-- Movies -->
					<description>Movies</description>
					<width>1230</width>
					<align>left</align>
					<label>342</label>
					<height>50</height>
					<focusedcolor>black</focusedcolor>
					<font>Reg32</font>	
					<onclick>Skin.ToggleSetting(HomeMenuNoMoviesButton)</onclick>
					<selected>Skin.HasSetting(HomeMenuNoMoviesButton)</selected>
				</control>
				<control type="radiobutton" id="8009">	<!-- TV-Shows -->
					<description>TV-Shows</description>
					<width>1230</width>
					<align>left</align>
					<label>20343</label>
					<height>50</height>
					<focusedcolor>black</focusedcolor>
					<font>Reg32</font>					
					<onclick>Skin.ToggleSetting(HomeMenuNoTVShowsButton)</onclick>
					<selected>Skin.HasSetting(HomeMenuNoTVShowsButton)</selected>
				</control>
				<control type="radiobutton" id="8010">	<!-- Live-TV -->					
					<description>Live TV</description>
					<width>1230</width>
					<align>left</align>
					<label>19012</label>
					<height>50</height>
					<focusedcolor>black</focusedcolor>
					<font>Reg32</font>
					<onclick>Skin.ToggleSetting(HomeMenuNoPVRButton)</onclick>
					<selected>Skin.HasSetting(HomeMenuNoPVRButton)</selected>
				</control>
				<control type="radiobutton" id="8013">	<!-- Weather -->
					<description>Weather</description>
					<width>1230</width>
					<align>left</align>
					<label>24027</label>
					<height>50</height>
					<focusedcolor>black</focusedcolor>
					<font>Reg32</font>	
					<onclick>Skin.ToggleSetting(HomeMenuNoWeatherButton)</onclick>
					<selected>Skin.HasSetting(HomeMenuNoWeatherButton)</selected>
				</control>
				<control type="radiobutton" id="8014"> <!-- Favorites -->
					<description>Favourites</description>
					<width>1230</width>
					<align>left</align>
					<label>1036</label>
					<height>50</height>
					<focusedcolor>black</focusedcolor>
					<font>Reg32</font>	
					<onclick>Skin.ToggleSetting(HomeMenuNoFavouritesButton)</onclick>
					<selected>Skin.HasSetting(HomeMenuNoFavouritesButton)</selected>
				</control>
				<control type="radiobutton" id="8017">	<!-- Filemanger -->
					<description>Filemanager</description>
					<width>1230</width>
					<align>left</align>
					<label>10003</label>
					<height>50</height>
					<focusedcolor>black</focusedcolor>
					<font>Reg32</font>	
					<onclick>Skin.ToggleSetting(HomeMenuNoFilemanagerButton)</onclick>
					<selected>!Skin.HasSetting(HomeMenuNoFilemanagerButton)</selected>
				</control>
				<!-- <control type="radiobutton" id="8018">
					<description>Shutdown</description>
					<width>1230</width>
					<align>left</align>
					<label>41007</label>
					<height>50</height>
					<focusedcolor>black</focusedcolor>
					<font>Reg32</font>	
					<onclick>Skin.ToggleSetting(HomeMenuNoShutdownButton)</onclick>
					<selected>!Skin.HasSetting(HomeMenuNoShutdownButton)</selected>
				</control>	Shutdown -->
			</control>
			
			<control type="grouplist" id="9011"><!-- Skin Setting: Custom Home-Menu Button -->		
				<description>Control Area</description>
				<width>1230</width>
				<height>720</height>
				<itemgap>3</itemgap>
				<onup>500</onup>
				<ondown>500</ondown>
				<onleft>100</onleft>
				<onright>-</onright>
				<orientation>vertical</orientation>
				<visible>Container(100).Hasfocus(5)</visible>
				<control type="textbox" id="801">	
					<description>Video-Addons</description>
					<width>1230</width>
					<align>left</align>
					<label>$LOCALIZE[10000] $LOCALIZE[536]</label>
					<height>50</height>
					<font>Reg32</font>	
				</control>
				<control type="button" id="802">
					<description>Video 1</description>
					<width>1230</width>
					<align>left</align>
					<font>Reg32</font>	
					<label>$LOCALIZE[24000] [B]1[/B]</label>
					<label2>[COLOR=selected]$INFO[system.addontitle(Skin.String(HomeVideosButton1))][/COLOR]</label2>
					<focusedcolor>black</focusedcolor>
					<onclick>Skin.SetAddon(HomeVideosButton1,xbmc.addon.video,xbmc.addon.executable,xbmc.addon.audio)</onclick>
				</control>
				<control type="button" id="803">
					<description>Video 2</description>
					<width>1230</width>
					<align>left</align>
					<font>Reg32</font>	
					<label>$LOCALIZE[24000] [B]2[/B]</label>
					<label2>[COLOR=selected]$INFO[system.addontitle(Skin.String(HomeVideosButton2))][/COLOR]</label2>
					<focusedcolor>black</focusedcolor>
					<onclick>Skin.SetAddon(HomeVideosButton2,xbmc.addon.video,xbmc.addon.executable,xbmc.addon.audio)</onclick>
				</control>
				<control type="button" id="804">
					<description>Video 3</description>
					<width>1230</width>
					<align>left</align>
					<font>Reg32</font>	
					<label>$LOCALIZE[24000] [B]3[/B]</label>
					<label2>[COLOR=selected]$INFO[system.addontitle(Skin.String(HomeVideosButton3))][/COLOR]</label2>
					<focusedcolor>black</focusedcolor>
					<onclick>Skin.SetAddon(HomeVideosButton3,xbmc.addon.video,xbmc.addon.executable,xbmc.addon.audio)</onclick>
				</control>
				<control type="button" id="805">
					<description>Video 4</description>
					<width>1230</width>
					<align>left</align>
					<font>Reg32</font>	
					<label>$LOCALIZE[24000] [B]4[/B]</label>
					<label2>[COLOR=selected]$INFO[system.addontitle(Skin.String(HomeVideosButton4))][/COLOR]</label2>
					<focusedcolor>black</focusedcolor>
					<onclick>Skin.SetAddon(HomeVideosButton4,xbmc.addon.video,xbmc.addon.executable,xbmc.addon.audio)</onclick>
				</control>
				<control type="button" id="806">
					<description>Video 5</description>
					<width>1230</width>
					<align>left</align>
					<font>Reg32</font>	
					<label>$LOCALIZE[24000] [B]5[/B]</label>
					<label2>[COLOR=selected]$INFO[system.addontitle(Skin.String(HomeVideosButton5))][/COLOR]</label2>
					<focusedcolor>black</focusedcolor>
					<onclick>Skin.SetAddon(HomeVideosButton5,xbmc.addon.video,xbmc.addon.executable,xbmc.addon.audio)</onclick>
				</control>
				<control type="button" id="806">
					<description>Video 6</description>
					<width>1230</width>
					<align>left</align>
					<font>Reg32</font>	
					<label>$LOCALIZE[24000] [B]6[/B]</label>
					<label2>[COLOR=selected]$INFO[system.addontitle(Skin.String(HomeVideosButton6))][/COLOR]</label2>
					<focusedcolor>black</focusedcolor>
					<onclick>Skin.SetAddon(HomeVideosButton6,xbmc.addon.video,xbmc.addon.executable,xbmc.addon.audio)</onclick>
				</control>
				<control type="button" id="806">
					<description>Video 7</description>
					<width>1230</width>
					<align>left</align>
					<font>Reg32</font>	
					<label>$LOCALIZE[24000] [B]7[/B]</label>
					<label2>[COLOR=selected]$INFO[system.addontitle(Skin.String(HomeVideosButton7))][/COLOR]</label2>
					<focusedcolor>black</focusedcolor>
					<onclick>Skin.SetAddon(HomeVideosButton7,xbmc.addon.video,xbmc.addon.executable,xbmc.addon.audio)</onclick>
				</control>
				<control type="button" id="806">
					<description>Video 8</description>
					<width>1230</width>
					<align>left</align>
					<font>Reg32</font>	
					<label>$LOCALIZE[24000] [B]8[/B]</label>
					<label2>[COLOR=selected]$INFO[system.addontitle(Skin.String(HomeVideosButton8))][/COLOR]</label2>
					<focusedcolor>black</focusedcolor>
					<onclick>Skin.SetAddon(HomeVideosButton8,xbmc.addon.video,xbmc.addon.executable,xbmc.addon.audio)</onclick>
				</control>
				<control type="button" id="806">
					<description>Video 9</description>
					<width>1230</width>
					<align>left</align>
					<font>Reg32</font>	
					<label>$LOCALIZE[24000] [B]9[/B]</label>
					<label2>[COLOR=selected]$INFO[system.addontitle(Skin.String(HomeVideosButton9))][/COLOR]</label2>
					<focusedcolor>black</focusedcolor>
					<onclick>Skin.SetAddon(HomeVideosButton9,xbmc.addon.video,xbmc.addon.executable,xbmc.addon.audio)</onclick>
				</control>
			</control>
			
			
			<control type="group" id="9000">	<!-- Skin Setting: Background -->
				<posx>0</posx>
				<posy>0</posy>
				<visible>Container(100).Hasfocus(9)</visible>

				<control type="button" id="9005">	<!-- empty Button Down -->	
					<description>Menu Item Next Button</description>						
					<texturenofocus></texturenofocus>
					<texturefocus></texturefocus>
					<onclick>Control.Move(9004,1)</onclick>
					<onleft>100</onleft>
					<onright>9006</onright>
					<onup>9001</onup>
					<ondown>9001</ondown>
				</control>
				<control type="button" id="9006">	<!-- empty Button Up -->		
					<description>Menu Item Prev Button</description>						
					<texturenofocus></texturenofocus>
					<texturefocus></texturefocus>
					<onclick>Control.Move(9004,-1)</onclick>
					<onleft>9005</onleft>
					<onright>100</onright>
					<onup>9001</onup>
					<ondown>9001</ondown>
				</control>	
				<control type="wraplist" id="9004">	<!-- Hidden List 9004 + Show Image -->					
					<width>1230</width>
					<height>720</height>
					<onleft></onleft>
					<onright></onright>
					<onup></onup>
					<ondown></ondown>
					<pagecontrol>-</pagecontrol>
					<scrolltime>0</scrolltime>
					<itemlayout height="1" width="860">
					</itemlayout>
					<focusedlayout height="40" width="860">
						<control type="image">	<!-- Button NF -->
							<posx>0</posx>
							<posy>0</posy>
							<width>1230</width>
							<height>50</height>
							<texture>common/button-nf.png</texture>
							<visible>![Control.HasFocus(9005) | Control.HasFocus(9006)]</visible>
						</control>
						<control type="image">	<!-- Button FO -->	
							<posx>0</posx>
							<posy>0</posy>
							<width>1230</width>
							<height>50</height>
							<texture>common/button-fo.png</texture>
							<visible>[Control.HasFocus(9005) | Control.HasFocus(9006)]</visible>
						</control>
						<control type="label">	<!-- Label Change Background NF -->	
							<posx>30</posx>
							<posy>0</posy>
							<width>600</width>
							<height>50</height>
							<font>Reg30</font>
							<textcolor>midgrey</textcolor>
							<align>left</align>
							<aligny>center</aligny>
							<label>41080</label>
							<visible>![Control.HasFocus(9005) | Control.HasFocus(9006)]</visible>
						</control>
						<control type="label">	<!-- Label Change Background FO -->		
							<posx>30</posx>
							<posy>0</posy>
							<width>600</width>
							<height>50</height>
							<font>Reg30</font>
							<textcolor>black</textcolor>
							<align>left</align>
							<aligny>center</aligny>
							<label>41080</label>
							<visible>[Control.HasFocus(9005) | Control.HasFocus(9006)]</visible>
						</control>
						<control type="label">	<!-- Label Video,... NF -->	
							<posx>1050</posx>
							<posy>0</posy>
							<width>640</width>
							<height>50</height>
							<font>Reg30</font>
							<textcolor>midgrey</textcolor>
							<align>right</align>
							<aligny>center</aligny>
							<label>$INFO[ListItem.Label]</label>
							<visible>![Control.HasFocus(9005) | Control.HasFocus(9006)]</visible>
						</control>
						<control type="label">	<!-- Label Video,... FO -->		
							<posx>1050</posx>
							<posy>0</posy>
							<width>640</width>
							<height>50</height>
							<font>Reg30</font>
							<textcolor>black</textcolor>
							<align>right</align>
							<aligny>center</aligny>
							<label>$INFO[ListItem.Label]</label>
							<visible>[Control.HasFocus(9005) | Control.HasFocus(9006)]</visible>
						</control>							
					</focusedlayout>
					<content>							
						<item id="1">	<!-- Videos -->
							<label>31003</label>
							<onclick>-</onclick>								
							<icon>home/home_videos.png</icon>
							<thumb>$INFO[Skin.String(CustomVideosFolder)]</thumb>
						</item>
						<item id="10">	<!-- Movies -->
							<label>41002</label>
							<onclick>-</onclick>							
							<icon>home/home_movies.png</icon>
							<thumb>$INFO[Skin.String(CustomMoviesFolder)]</thumb>
							<visible>Library.HasContent(Movies)</visible>
						</item>
						<item id="4">	<!-- Video-Addons -->
							<label>41004</label>
							<onclick>-</onclick>								
							<icon>home/home_videoaddons.png</icon>
							<thumb>$INFO[Skin.String(CustomVideoAddonsFolder)]</thumb>
						</item>
						<item id="11">	<!-- TV-Shows -->
							<label>41003</label>
							<onclick>-</onclick>								
							<icon>home/home_tvshows.png</icon>
							<thumb>$INFO[Skin.String(CustomTVShowsFolder)]</thumb>
							<visible>Library.HasContent(TVShows)</visible>
						</item>
						<item id="9">	<!-- Live TV -->							
							<label>41024</label>
							<onclick>-</onclick>
							<icon>home/home_pvr.png</icon>
							<thumb>$INFO[Skin.String(CustomPVRFolder)]</thumb>
						</item>
						<item id="2">	<!-- Music -->
							<label>41001</label>
							<onclick>-</onclick>								
							<icon>home/home_music.png</icon>
							<thumb>$INFO[Skin.String(CustomMusicFolder)]</thumb>
						</item>
						<item id="3">	<!-- Pictures -->
							<label>41000</label>
							<onclick>-</onclick>								
							<icon>home/home_pictures.png</icon>
							<thumb>$INFO[Skin.String(CustomPicturesFolder)]</thumb>
						</item>
						<item id="5">	<!-- Weather -->
							<label>41005</label>
							<onclick>-</onclick>							
							<icon>home/home_weather.png</icon>
							<thumb>$INFO[Skin.String(CustomWeatherFolder)]</thumb>
						</item>							
						<!-- item id="18">	
							<description>Favourites</description>
							<label>41028</label>
							<onclick>-</onclick>								
							<icon>home/home_favourites.png</icon>
							<thumb>$INFO[Skin.String(CustomFavouritesFolder)]</thumb>
						</item -->
						<item id="12">	<!-- Addons -->							
							<label>24001</label>
							<onclick>-</onclick>								
							<icon>home/home_addons.png</icon>
							<thumb>$INFO[Skin.String(CustomAddonsFolder)]</thumb>
						</item>	
						<item id="15">	<!-- Programs -->								
							<label>41027</label>
							<onclick>-</onclick>								
							<icon>home/home_programs.png</icon>
							<thumb>$INFO[Skin.String(CustomProgramsFolder)]</thumb>
						</item>	
						<item id="16">	<!-- FileManager -->								
							<label>41025</label>
							<onclick>-</onclick>								
							<icon>home/home_filemanager.png</icon>
							<thumb>$INFO[Skin.String(CustomFilemanagerFolder)]</thumb>
						</item>	
						<item id="7">	<!-- Settings -->
							<label>41006</label>
							<onclick>-</onclick>								
							<icon>home/home_settings.png</icon>
							<thumb>$INFO[Skin.String(CustomSettingsFolder)]</thumb>
						</item>
						<item id="8">	<!-- Shutdown -->
							<label>41007</label>
							<onclick>-</onclick>								
							<icon>home/home_shutdown.png</icon>
							<thumb>$INFO[Skin.String(CustomShutdownFolder)]</thumb>
						</item>
					</content>
				</control>

				<!-- Show Button 9005 + 9006 -->
				<control type="image"><!-- Button NF down 9005 -->
					<posx>1120</posx>
					<posy>-10</posy>
					<width>50</width>
					<height>70</height>
					<texture>common/spinctrl/arrow-down-nf.png</texture>
					<visible>!Control.HasFocus(9005)</visible>
				</control>
				<control type="image"><!-- Button FO down 9005 -->	
					<posx>1120</posx>
					<posy>-10</posy>
					<width>50</width>
					<height>70</height>
					<texture>common/spinctrl/arrow-down-fo.png</texture>
					<visible>Control.HasFocus(9005)</visible>
				</control>
				<control type="image"><!-- Button NF up 9006 -->
					<posx>1170</posx>
					<posy>-10</posy>
					<width>50</width>
					<height>70</height>
					<texture>common/spinctrl/arrow-up-nf.png</texture>
					<visible>!Control.HasFocus(9006)</visible>
				</control>
				<control type="image"><!-- Button FO up 9006 -->	
					<posx>1170</posx>
					<posy>-10</posy>
					<width>50</width>
					<height>70</height>
					<texture>common/spinctrl/arrow-up-fo.png</texture>
					<visible>Control.HasFocus(9006)</visible>
				</control>

				<!-- Button Singelimage, Multiimager and Standard -->
				<control type="group">
					<posx>150</posx>
					<posy>100</posy>	

					<control type="group">	<!-- Video -->					
						<visible>Container(9004).HasFocus(1)</visible>						
						<control type="button" id="9001">								
							<include>Button9001</include>								
							<onclick>Skin.SetImage(CustomVideosFolder)</onclick>									
						</control>							
						<control type="button" id="9002">								
							<include>Button9002</include>								
							<onclick>Skin.SetPath(CustomVideosFolder)</onclick>										
						</control>							
						<control type="button" id="9003">
							<include>Button9003</include>													
							<onclick>Skin.Reset(CustomVideosFolder)</onclick>								
						</control>
					</control>
					<control type="group"> 	<!-- Music -->				
						<visible>Container(9004).HasFocus(2)</visible>
						<control type="button" id="9001">												
							<include>Button9001</include>									
							<onclick>Skin.SetImage(CustomMusicFolder)</onclick>							
						</control>
						<control type="button" id="9002">							
							<include>Button9002</include>						
							<onclick>Skin.SetPath(CustomMusicFolder)</onclick>								
						</control>
						<control type="button" id="9003">								
							<include>Button9003</include>							
							<onclick>Skin.Reset(CustomMusicFolder)</onclick>								
						</control>
					</control>
					<control type="group">	<!-- Pictures -->			
						<visible>Container(9004).HasFocus(3)</visible>
						<control type="button" id="9001">											
							<include>Button9001</include>									
							<onclick>Skin.SetImage(CustomPicturesFolder)</onclick>							
						</control>
						<control type="button" id="9002">
							<include>Button9002</include>														
							<onclick>Skin.SetPath(CustomPicturesFolder)</onclick>								
						</control>
						<control type="button" id="9003">
							<include>Button9003</include>													
							<onclick>Skin.Reset(CustomPicturesFolder)</onclick>							
						</control>
					</control>
					<control type="group">	<!-- Video-Addons -->		
						<visible>Container(9004).HasFocus(4)</visible>
						<control type="button" id="9001">								
							<include>Button9001</include>													
							<onclick>Skin.SetImage(CustomVideoAddonsFolder)</onclick>								
						</control>
						<control type="button" id="9002">
							<include>Button9002</include>													
							<onclick>Skin.SetPath(CustomVideoAddonsFolder)</onclick>								
						</control>
						<control type="button" id="9003">								
							<include>Button9003</include>														
							<onclick>Skin.Reset(CustomVideoAddonsFolder)</onclick>								
						</control>
					</control>
					<control type="group">	<!-- Weather -->				
						<visible>Container(9004).HasFocus(5)</visible>
						<control type="button" id="9001">								
							<include>Button9001</include>													
							<onclick>Skin.SetImage(CustomWeatherFolder)</onclick>								
						</control>
						<control type="button" id="9002">
							<include>Button9002</include>												
							<onclick>Skin.SetPath(CustomWeatherFolder)</onclick>								
						</control>
						<control type="button" id="9003">
							<include>Button9003</include>												
							<onclick>Skin.Reset(CustomWeatherFolder)</onclick>								
						</control>
					</control>
					<control type="group">	<!-- Addons -->			
						<visible>Container(9004).HasFocus(12)</visible>
						<control type="button" id="9001">								
							<include>Button9001</include>											
							<onclick>Skin.SetImage(CustomAddonsFolder)</onclick>								
						</control>
						<control type="button" id="9002">
							<include>Button9002</include>															
							<onclick>Skin.SetPath(CustomAddonsFolder)</onclick>								
						</control>
						<control type="button" id="9003">								
							<include>Button9003</include>	
							<onclick>Skin.Reset(CustomAddonsFolder)</onclick>							
						</control>
					</control>
					<control type="group">	<!-- Programs -->			
						<visible>Container(9004).HasFocus(15)</visible>
						<control type="button" id="9001">								
							<include>Button9001</include>											
							<onclick>Skin.SetImage(CustomProgramsFolder)</onclick>								
						</control>
						<control type="button" id="9002">
							<include>Button9002</include>															
							<onclick>Skin.SetPath(CustomProgramsFolder)</onclick>								
						</control>
						<control type="button" id="9003">								
							<include>Button9003</include>	
							<onclick>Skin.Reset(CustomProgramsFolder)</onclick>							
						</control>
					</control>
					<control type="group">	<!-- Favourites -->			
						<visible>Container(9004).HasFocus(18)</visible>
						<control type="button" id="9001">							
							<include>Button9001</include>							
							<onclick>Skin.SetImage(CustomfavouritesFolder)</onclick>

						</control>
						<control type="button" id="9002">
							<include>Button9002</include>	
							<onclick>Skin.SetPath(CustomfavouritesFolder)</onclick>								
						</control>
						<control type="button" id="9003">
							<include>Button9003</include>	
							<onclick>Skin.Reset(CustomfavouritesFolder)</onclick>								
						</control>
					</control>
					<control type="group">	<!-- Settings -->			
						<visible>Container(9004).HasFocus(7)</visible>
						<control type="button" id="9001">						
							<include>Button9001</include>								
							<onclick>Skin.SetImage(CustomSettingsFolder)</onclick>							
						</control>
						<control type="button" id="9002">
							<include>Button9002</include>	
							<onclick>Skin.SetPath(CustomSettingsFolder)</onclick>								
						</control>
						<control type="button" id="9003">
							<include>Button9003</include>	
							<onclick>Skin.Reset(CustomSettingsFolder)</onclick>							
						</control>
					</control>
					<control type="group">	<!-- Shutdown -->		
						<visible>Container(9004).HasFocus(8)</visible>
						<control type="button" id="9001">							
							<include>Button9001</include>
							<onclick>Skin.SetImage(CustomShutdownFolder)</onclick>

						</control>
						<control type="button" id="9002">
							<include>Button9002</include>	
							<onclick>Skin.SetPath(CustomShutdownFolder)</onclick>								
						</control>
						<control type="button" id="9003">
							<include>Button9003</include>	
							<onclick>Skin.Reset(CustomShutdownFolder)</onclick>								
						</control>
					</control>
					<control type="group">	<!-- Movies -->		
						<visible>Container(9004).HasFocus(10)</visible>
						<control type="button" id="9001">							
							<include>Button9001</include>
							<onclick>Skin.SetImage(CustomMoviesFolder)</onclick>								
						</control>
						<control type="button" id="9002">
							<include>Button9002</include>	
							<onclick>Skin.SetPath(CustomMoviesFolder)</onclick>								
						</control>
						<control type="button" id="9003">
							<include>Button9003</include>	
							<onclick>Skin.Reset(CustomMoviesFolder)</onclick>								
						</control>
					</control>
					<control type="group">	<!-- TV Shows -->			
						<visible>Container(9004).HasFocus(11)</visible>
						<control type="button" id="9001">								
							<include>Button9001</include>
							<onclick>Skin.SetImage(CustomTVShowsFolder)</onclick>								
						</control>
						<control type="button" id="9002">
							<include>Button9002</include>	
							<onclick>Skin.SetPath(CustomTVShowsFolder)</onclick>				
						</control>
						<control type="button" id="9003">
							<include>Button9003</include>	
							<onclick>Skin.Reset(CustomTVShowsFolder)</onclick>								
						</control>
					</control>
					<control type="group">	<!-- Live TV -->						
						<visible>Container(9004).HasFocus(9)</visible>
						<control type="button" id="9001">
							<include>Button9001</include>
							<onclick>Skin.SetImage(CustomPVRFolder)</onclick>
						</control>
						<control type="button" id="9002">
							<include>Button9002</include>
							<onclick>Skin.SetPath(CustomPVRFolder)</onclick>
						</control>
						<control type="button" id="9003">
							<include>Button9003</include>
							<onclick>Skin.Reset(CustomPVRFolder)</onclick>
						</control>
					</control>
					<control type="group">	<!-- Filemager -->						
						<visible>Container(9004).HasFocus(16)</visible>
						<control type="button" id="9001">
							<include>Button9001</include>
							<onclick>Skin.SetImage(CustomFilemanagerFolder)</onclick>
						</control>
						<control type="button" id="9002">
							<include>Button9002</include>
							<onclick>Skin.SetPath(CustomFilemagerFolder)</onclick>
						</control>
						<control type="button" id="9003">
							<include>Button9003</include>
							<onclick>Skin.Reset(CustomFilemanagerFolder)</onclick>
						</control>
					</control>
				</control>

				<control type="multiimage">
					<posx>150</posx>
					<posy>160</posy>
					<width>920</width>
					<height>490</height>
					<imagepath background="true">$INFO[Container(9004).ListItem.Icon]</imagepath>
					<timeperimage>6000</timeperimage>
					<randomize>true</randomize>
					<fadetime>500</fadetime>
					<aspectratio scalediffuse="false" align="right">scale</aspectratio>
				</control>
				<control type="label">
					<posx>150</posx>
					<posy>660</posy>
					<width>920</width>
					<height>50</height>
					<align>center</align>
					<aligny>center</aligny>
					<font>Reg30</font>
					<haspath>yes</haspath>
					<textcolor>midgrey</textcolor>
					<label fallback="571">$INFO[Container(9004).ListItem.Thumb]</label>					
				</control>
			</control>
		</control>

	</controls>
</window>