<!--XunityChronos -->
<window>
	<defaultcontrol always="true">8001</defaultcontrol>
	<allowoverlay>no</allowoverlay>
	<controls>

		<!--Smart Playlist Rule -->
		<control type="group">
			<animation type="WindowOpen" condition="Window.IsVisible(smartplaylisteditor)" reversible="false">
				<effect type="fade" start="0" end="100" time="0" delay="310" />
			</animation>
			<control type="group">
				<animation type="WindowOpen" reversible="false">
					<effect type="zoom" start="75" end="100" center="960,540" easing="out" tween="back" time="300" />
					<effect type="fade" start="0" end="100" time="175" />
				</animation>
				<animation type="WindowClose" reversible="false">
					<effect type="zoom" start="100" end="175" center="960,540" easing="out" tween="sine" time="300" />
					<effect type="fade" start="100" end="0" time="250" easing="out" tween="cubic" />
				</animation>
				<animation type="Visible" reversible="false">
					<effect type="zoom" start="75" end="100" center="960,540" easing="out" tween="back" time="300" />
					<effect type="fade" start="0" end="100" time="175" />
				</animation>
				<animation type="Hidden" reversible="false">
					<effect type="zoom" start="100" end="75" center="960,540" easing="in" tween="back" time="300" />
					<effect type="fade" start="100" end="0" delay="200" time="100" />
				</animation>

				<visible>!Window.IsVisible(virtualkeyboard) + !Window.IsVisible(selectdialog) + !Window.IsVisible(filebrowser)</visible>
				<control type="image">
					<posx>920</posx>
					<posy>419</posy>
					<width>80</width>
					<height>60</height>
					<texture>dialogs/default/arrow.png</texture>
				</control>
				<control type="image">
					<posx>445</posx>
					<posy>439</posy>
					<width>1030</width>
					<height>202</height>
					<texture border="39">dialogs/default/bg.png</texture>
				</control>
				<control type="label">
					<description>Heading</description>
					<posx>473</posx>
					<posy>360</posy>
					<width>974</width>
					<align>center</align>
					<include>DialogHeader</include>
					<label>$LOCALIZE[21421]</label>					
				</control>
				<control type="group" id="8001">
					<posx>479</posx>
					<posy>473</posy>
					<control type="image">
						<posx>0</posx>
						<posy>0</posy>
						<width>474</width>
						<height>61</height>
						<texture border="5">dialogs/default/inner.png</texture>
					</control>
					<control type="spincontrolex" id="15">
						<description>Set Playlist type</description>
						<posx>0</posx>
						<posy>0</posy>
						<width>474</width>
						<label>-</label>
						<textureup>common/spinctrl/arrow-light-up-nf.png</textureup>
						<texturedown>common/spinctrl/arrow-light-down-nf.png</texturedown>
						<textureupfocus>common/spinctrl/arrow-light-up-fo.png</textureupfocus>
						<texturedownfocus>common/spinctrl/arrow-light-down-fo.png</texturedownfocus>
						<texturefocus border="2">dialogs/default/highlight.png</texturefocus>
						<include>DialogButton</include>
						<align>left</align>
						<textoffsetx>20</textoffsetx>
						<spinposx>5</spinposx>
						<onup>8000</onup>
						<ondown>8002</ondown>
						<onleft>16</onleft>
						<onright>16</onright>
					</control>
					<control type="image">
						<posx>488</posx>
						<posy>0</posy>
						<width>474</width>
						<height>61</height>
						<texture border="5">dialogs/default/inner.png</texture>
					</control>
					<control type="spincontrolex" id="16">
						<description>Set Playlist type</description>
						<posx>488</posx>
						<posy>0</posy>
						<width>474</width>
						<label>-</label>
						<textureup>common/spinctrl/arrow-light-up-nf.png</textureup>
						<texturedown>common/spinctrl/arrow-light-down-nf.png</texturedown>
						<textureupfocus>common/spinctrl/arrow-light-up-fo.png</textureupfocus>
						<texturedownfocus>common/spinctrl/arrow-light-down-fo.png</texturedownfocus>
						<texturefocus border="2">dialogs/default/highlight.png</texturefocus>
						<include>DialogButton</include>
						<align>left</align>
						<textoffsetx>20</textoffsetx>
						<spinposx>5</spinposx>
						<onup>8000</onup>
						<ondown>8002</ondown>
						<onleft>15</onleft>
						<onright>15</onright>
					</control>
				</control>
				<control type="group" id="8002">
					<posx>479</posx>
					<posy>547</posy>
					<control type="image">
						<posx>0</posx>
						<posy>0</posy>
						<width>690</width>
						<height>61</height>
						<texture border="5">dialogs/default/inner.png</texture>
					</control>
					<control type="button" id="17">
						<description>Name Button</description>
						<posx>0</posx>
						<posy>0</posy>
						<width>638</width>
						<height>60</height>
						<align>left</align>
						<textoffsetx>20</textoffsetx>
						<include>DialogButton</include>						
						<pulseonselect>false</pulseonselect>
						<texturefocus border="2">dialogs/default/highlight.png</texturefocus>
						<onup>8001</onup>
						<onleft>20</onleft>
						<onright>20</onright>
						<ondown>8000</ondown>
						<animation effect="fade" start="100" end="50" time="0" condition="!Control.IsEnabled(17)" reversible="false">Conditional</animation>
					</control>
					<control type="image">
						<posx>704</posx>
						<posy>0</posy>
						<width>258</width>
						<height>61</height>
						<texture border="5">dialogs/default/inner.png</texture>
					</control>
					<control type="image">
						<posx>617</posx>
						<posy>0</posy>
						<width>74</width>
						<height>60</height>
						<texture>dialogs/mediasource/keyboard-nf.png</texture>
						<visible>!Control.HasFocus(17)</visible>
					</control>
					<control type="image">
						<posx>617</posx>
						<posy>0</posy>
						<width>74</width>
						<height>60</height>
						<texture>dialogs/mediasource/keyboard-fo.png</texture>
						<visible>Control.HasFocus(17)</visible>
					</control>
					<control type="button" id="20">
						<posx>704</posx>
						<posy>0</posy>
						<width>258</width>
						<height>60</height> 
						<texturefocus border="54,2,2,2">dialogs/mediasource/browse-fo.png</texturefocus>
						<texturenofocus>dialogs/mediasource/browse-nf.png</texturenofocus>
						<include>DialogButton</include>
						<align>left</align>						
						<textoffsetx>60</textoffsetx>
						<label>$LOCALIZE[1024]</label>
						<onright>17</onright>
						<onleft>17</onleft>
						<onup>8001</onup>
						<ondown>8000</ondown>
						<animation effect="fade" start="100" end="50" time="0" condition="!Control.IsEnabled(20)" reversible="false">Conditional</animation>
					</control>
				</control>
				<control type="group" id="8000">
					<posx>466</posx>
					<posy>603</posy>
					<control type="button" id="18">
						<description>OK</description>
						<label>$LOCALIZE[12321]</label>
						<include>DialogButtonOKCancel</include>
						<texturefocus>common/select-fo.png</texturefocus>
						<texturenofocus>common/select-nf.png</texturenofocus>						
						<align>left</align>
						<textoffsetx>100</textoffsetx> 						
						<pulseonselect>false</pulseonselect>
						<width>350</width>
						<height>100</height>
						<onleft>19</onleft>
						<onright>19</onright>
						<onup>8002</onup>
						<ondown>8001</ondown>
						<animation effect="fade" start="100" end="75" time="0" condition="!Control.IsEnabled(18)">Conditional</animation>
					</control>
					<control type="button" id="19">
						<posx>200</posx>
						<description>Cancel</description>
						<label>$LOCALIZE[222]</label>
						<include>DialogButtonOKCancel</include>
						<texturefocus>common/cancel-fo.png</texturefocus>
						<texturenofocus>common/cancel-nf.png</texturenofocus>						
						<align>left</align>
						<textoffsetx>100</textoffsetx> 						
						<pulseonselect>false</pulseonselect>
						<width>350</width>
						<height>100</height>
						<onleft>18</onleft>
						<onright>18</onright>
						<onup>8002</onup>
						<ondown>8001</ondown>
						<animation effect="fade" start="100" end="75" time="0" condition="!Control.IsEnabled(19)">Conditional</animation>
					</control>
				</control>
			</control>
		</control>

	</controls>
</window>