<!--XunityChronos -->
<window id="2901">
	<defaultcontrol always="true">203</defaultcontrol>
	<allowoverlay>yes</allowoverlay>

	<controls>

		<!--OSD Panel -->
		<control type="group">	
			<visible>!Window.IsActive(filebrowser)</visible>
			<visible>!Window.IsActive(sliderdialog)</visible>

			<include>animation_fade_visible_hidden</include>
			<include>animation_fade_open_close</include>

			<include>OSDPanel</include>
		</control>	

		<!--Buttons -->	
		<control type="group" id="1000">		
			<visible>!Window.IsActive(filebrowser)</visible>
			<visible>!Window.IsActive(sliderdialog)</visible>

			<include>animation_fade_visible_hidden</include>
			<include>animation_fade_open_close</include>			

			<control type="grouplist" id="100">	<!--Settings -->
				<posx>1450</posx>
				<posy>956</posy>
				<width>1000</width>
				<height>60</height>
				<itemgap>0</itemgap>
				<onup>-</onup>
				<ondown>-</ondown>
				<onleft>206</onleft>
				<onright>-</onright>				
				<orientation>horizontal</orientation>
				<control type="button" id="101">
					<width>60</width>
					<height>60</height>
					<label>Aspect Ratio</label>
					<font>-</font>
					<texturefocus>osd/AspectFO.png</texturefocus>
					<texturenofocus>osd/AspectNF.png</texturenofocus>
					<onclick>Dialog.Close(VideoOSD,true)</onclick>
					<onclick>AspectRatio</onclick>
					<onclick>AspectRatio</onclick> 
				</control>
				<control type="button" id="102">	<!--Audio Settings -->
					<width>60</width>
					<height>60</height>
					<label>13396</label>
					<font>-</font>
					<texturefocus>osd/AudioFO.png</texturefocus>
					<texturenofocus>osd/AudioNF.png</texturenofocus>
					<onclick>ActivateWindow(124)</onclick>				
				</control>
				<control type="button" id="103">	<!--Video Settings -->
					<description>Video Settings</description>					
					<width>60</width>
					<height>60</height>
					<label>13395</label>
					<align>left</align>
					<font>-</font>
					<texturefocus>osd/VideoFO.png</texturefocus>
					<texturenofocus>osd/VideoNF.png</texturenofocus>
					<onclick>ActivateWindow(123)</onclick>				
				</control>	
				<control type="button" id="104">	<!--Subtitles Empty -->
					<description>Subtitles</description>					
					<width>60</width>
					<height>60</height>
					<label>287</label>
					<font>-</font>
					<texturefocus>osd/SubtitlesFO.png</texturefocus>
					<texturenofocus>osd/SubtitlesNF.png</texturenofocus>
					<onclick>Close</onclick>
					<onclick>Dialog.Close(VideoOSD)</onclick>
					<onclick>ActivateWindow(SubtitleSearch)</onclick>
					<visible>IsEmpty(Skin.String(SubtitlesPath))</visible>			
				</control>
				<control type="button" id="105">	<!--Subtitles No Empty -->
					<description>Subtitles</description>					
					<width>60</width>
					<height>60</height>
					<label>287</label>
					<font>-</font>
					<texturefocus>osd/SubtitlesFO.png</texturefocus>
					<texturenofocus>osd/SubtitlesNF.png</texturenofocus>
					<onclick>Close</onclick>
					<onclick>XBMC.RunScript($INFO[Skin.String(SubtitlesPath)])</onclick>
					<visible>!IsEmpty(Skin.String(SubtitlesPath))</visible>				
				</control>	
			</control>	
			<control type="grouplist" id="200">	<!--OSD -->	
				<posx>757</posx>
				<posy>956</posy>
				<width>1000</width>
				<height>60</height>
				<itemgap>0</itemgap>
				<onup>-</onup>
				<ondown>-</ondown>
				<onleft>-</onleft>
				<onright>101</onright>				
				<orientation>horizontal</orientation>
				
				<control type="button" id="201">		<!--Skip Back -->
					<!--visible>ControlGroup(20).HasFocus()</visible -->
					<include>animation_fade_visible_hidden</include>		
					<width>60</width>
					<height>60</height>
					<label>210</label>
					<font>-</font>
					<texturefocus>osd/PrevTrackFO.png</texturefocus>
					<texturenofocus>osd/PrevTrackNF.png</texturenofocus>
					<onclick>PlayerControl(Previous)</onclick>			
				</control>
				<control type="button" id="202">		<!--RR -->	
					<!--visible>ControlGroup(20).HasFocus()</visible -->
					<include>animation_fade_visible_hidden</include>		
					<width>60</width>
					<height>60</height>
					<label></label>
					<font>-</font>
					<texturefocus>osd/RewindFO.png</texturefocus>
					<texturenofocus>osd/RewindNF.png</texturenofocus>
					<onclick>PlayerControl(Rewind)</onclick>				
				</control>	
				<control type="togglebutton" id="203">	<!--Play Pause -->	
					<!--visible>ControlGroup(20).HasFocus()</visible -->
					<include>animation_fade_visible_hidden</include>		
					<width>164</width>
					<height>60</height>
					<label></label>
					<altlabel></altlabel>
					<font>-</font>
					<texturefocus>osd/PauseFO.png</texturefocus>
					<texturenofocus>osd/PauseNF.png</texturenofocus>
					<usealttexture>Player.Paused | Player.Forwarding | Player.Rewinding</usealttexture>
					<alttexturefocus>osd/PlayFO.png</alttexturefocus>
					<alttexturenofocus>osd/PlayNF.png</alttexturenofocus>
					<onclick>PlayerControl(Play)</onclick>
				</control>		
				<control type="button" id="204">		<!--Stop -->
					<!--visible>ControlGroup(20).HasFocus()</visible -->
					<include>animation_fade_visible_hidden</include>		
					<width>60</width>
					<height>60</height>
					<label></label>
					<font>-</font>
					<texturefocus>osd/StopFO.png</texturefocus>
					<texturenofocus>osd/StopNF.png</texturenofocus>
					<onclick>PlayerControl(Stop)</onclick>
				</control>
				<control type="button" id="205">		<!--FF -->
					<!--visible>ControlGroup(20).HasFocus()</visible -->
					<include>animation_fade_visible_hidden</include>		
					<width>60</width>
					<height>60</height>
					<label></label>
					<font>-</font>
					<texturefocus>osd/ForwardFO.png</texturefocus>
					<texturenofocus>osd/ForwardNF.png</texturenofocus>
					<onclick>PlayerControl(Forward)</onclick>
				</control>
				<control type="button" id="206">		<!--Next -->
					<!--visible>ControlGroup(20).HasFocus()</visible -->
					<include>animation_fade_visible_hidden</include>			
					<width>60</width>
					<height>60</height>
					<label>209</label>
					<font>-</font>
					<texturefocus>osd/NextTrackFO.png</texturefocus>
					<texturenofocus>osd/NextTrackNF.png</texturenofocus>
					<onclick>PlayerControl(Next)</onclick>
				</control>
			</control>
		</control>	

	</controls>
</window>