<!--XunityChronos -->
<window id="123">
	<defaultcontrol always="true">5</defaultcontrol>
	<allowoverlay>yes</allowoverlay>
	
	<controls>		
		
		<control type="group" id="1230">
				
			<visible>!Window.IsActive(filebrowser)</visible>	
			<visible>!Window.IsActive(sliderdialog)</visible>	

			<include>animation_fade_visible_hidden</include>
			<include>animation_fade_open_close</include>	
		
			<!--Panel -->
			<control type="image">				
				<posx>235</posx>
				<posy>90</posy>
				<width>1500</width>
				<height>650</height>			
				<texture border="39">dialogs/default/bg.png</texture>
			</control>
		
			<!--Buttons -->
			<control type="group" id="1231">			
				<posx>250</posx>
				<posy>100</posy>							
				
				<control type="label" id="2">
					<description>Settings</description>
					<posx>105</posx>
					<posy>48</posy>
					<width>870</width>				
					<font>Light40</font>	
					<textcolor>midgrey</textcolor>
					<textoffsetx>0</textoffsetx>		
					<align>left</align>
				</control>
				
				<control type="grouplist" id="5">
					<description>Control Area</description>
					<posx>55</posx>
					<posy>130</posy>
					<width>1375</width>
					<height>420</height>
					<itemgap>0</itemgap>
					<orientation>vertical</orientation>					
					<pagecontrol>60</pagecontrol>
					<onleft>28</onleft>
					<onright>28</onright>
					<onup>28</onup>
					<ondown>28</ondown>
				</control>
				
				<control type="button" id="7">					
					<align>left</align>
					<textcolor>midgrey</textcolor>
					<focusedcolor>white</focusedcolor>
					<disabledcolor>77585858</disabledcolor>
					<pulseonselect>false</pulseonselect>
					<texturefocus>common/button-fo.png</texturefocus>		
					<texturenofocus>-</texturenofocus>
				</control>
				<control type="radiobutton" id="8">
					<align>left</align>
					<textcolor>midgrey</textcolor>
					<focusedcolor>white</focusedcolor>
					<disabledcolor>77585858</disabledcolor>
					<pulseonselect>false</pulseonselect>
					<texturefocus>common/button-fo.png</texturefocus>				
					<texturenofocus>-</texturenofocus>
					<radioposx>1220</radioposx>					
				</control>
				<control type="spincontrolex" id="9">
					<align>left</align>
					<textcolor>midgrey</textcolor>
					<focusedcolor>white</focusedcolor>
					<disabledcolor>77585858</disabledcolor>
					<pulseonselect>false</pulseonselect>
					<texturefocus>common/button-fo.png</texturefocus>		
					<texturenofocus>-</texturenofocus>					
					<reverse>yes</reverse>
				</control>
				<control type="sliderex" id="10">
					<align>left</align>
					<textcolor>midgrey</textcolor>
					<focusedcolor>white</focusedcolor>
					<disabledcolor>77585858</disabledcolor>
					<pulseonselect>false</pulseonselect>
					<texturefocus>common/button-fo.png</texturefocus>		
					<texturenofocus>-</texturenofocus>					
				</control>
			</control>
		</control>
		
	</controls>

</window>