<!--XunityChronos -->
<window id="2005">
	<defaultcontrol>-</defaultcontrol>

	<controls>		

		<control type="label" id="10"><!--Row 1 -->			
			<posx>30</posx>
			<posy>48</posy>
			<width>1920</width>
			<label>-</label>
		</control>
		<control type="label" id="11"><!--Row 2 -->			
			<posx>30</posx>
			<posy>130</posy>
			<width>1920</width>
			<label>-</label>
		</control>
		<control type="label" id="12"><!--Row 3 -->
			<description>row 3 label</description>
			<posx>30</posx>
			<posy>212</posy>
			<width>1920</width>
			<label>-</label>
		</control>
	</controls>
</window>