<!--XunityChronos -->
<includes>
	<include name="View_50_List">	

		<!--Panel -->		
		<control type="group">	
			<visible>Control.IsVisible(50)</visible>	
			<visible>![Window.IsActive(DialogVideoInfo.xml) + !substring(ListItem.Path,plugin)]</visible>			
			<include>animation_view_change</include>			
			<include>animation_list</include>

			<control type="image">	<!-- All Other -->	
				<visible>![Container.content(MusicVideos) | Container.Content(movies) | container.content(tvshows) | Container.Content(seasons) | container.content(episodes)]</visible>
				<posx>10</posx>
				<posy>220</posy>
				<width>1903</width>
				<height>790</height>				
				<texture>views/view_50_list_panel_noinfo.png</texture>					
			</control>	
			<control type="image">	<!-- Movies, TV-Shows, Music-Videos -->
				<visible>Container.content(MusicVideos) | Container.Content(movies) | container.content(tvshows)</visible>
				<posx>10</posx>
				<posy>220</posy>
				<width>1903</width>
				<height>790</height>				
				<texture>views/view_50_list_panel.png</texture>					
			</control>
			<control type="image">	<!-- Episodes, Seasons -->
				<visible>Container.Content(episodes) | Container.Content(seasons)</visible>
				<posx>10</posx>
				<posy>220</posy>
				<width>1903</width>
				<height>790</height>				
				<texture>views/view_50_list_panel_episodes.png</texture>					
			</control>	
		</control>

		<!--Poster,Cover,Thumb -->
		<control type="group">		
			<visible>Control.IsVisible(50)</visible>	
			<visible>![Window.IsActive(DialogVideoInfo.xml) + !substring(ListItem.Path,plugin)]</visible> <!--no hide at addons -->
			<animation effect="fade" start="0" end="100" tween="sine" easing="inout" time="1000" delay="400" reversible="false">WindowOpen</animation>
			<animation type="WindowClose" reversible="false">	
				<effect type="slide" start="0" end="0" tween="cubic" easing="out" time="750"/>
				<effect type="fade" start="100" end="0" tween="sine" easing="out" time="300"/>
				<effect type="zoom" start="100" end="85" center="980,550" tween="sine" easing="out" time="750"/>
			</animation>
			<include>animation_view_change</include>

			<control type="image">	<!--Poster -->
				<visible>Container.Content(movies) | Container.Content(tvshows) | Container.Content(seasons)</visible>				
				<posx>105</posx>
				<posy>320</posy>
				<width>355</width>
				<height>500</height> <!--1,407 -->
				<fadetime>600</fadetime>			
				<texture background="true" fallback="poster_default.png" diffuse="poster_matte.png">$INFO[ListItem.Icon]</texture>								
			</control>
			<control type="image">	<!--Episodes Thumb -->
				<visible>Container.Content(episodes)</visible>				
				<posx>120</posx>
				<posy>335</posy>
				<width>300</width>
				<height>168</height><!--1,78 -->
				<fadetime>600</fadetime>					
				<texture background="true">$INFO[ListItem.Icon]</texture>	
				<bordertexture border="-3">common/black.png</bordertexture>
			</control>		
			<control type="image">	<!--Music Cover -->			
				<visible>Container.Content(songs) | Container.Content(artists) |  Container.Content(albums)</visible>				
				<posx>130</posx>
				<posy>410</posy>
				<width>360</width>
				<height>360</height>
				<fadetime>600</fadetime>			
				<texture background="true" fallback="cover_default.png" diffuse="cover_matte.png">$INFO[ListItem.Icon]</texture>	
				<aspectratio align="center" aligny="center">stretch</aspectratio>
			</control>	
			<control type="image">	<!--Others -->	
				<visible>!Container.Content(movies) + !Container.Content(tvshows) + !Container.Content(seasons) + !Container.Content(episodes) + !Container.Content(songs) + !Container.Content(artists) + !Container.Content(albums) + !Container.Content(genres)</visible>
				<posx>130</posx>
				<posy>410</posy>
				<width>360</width>
				<height>360</height>
				<fadetime>600</fadetime>					
				<texture background="true" fallback="cover_default.png" diffuse="cover_matte.png">$INFO[ListItem.Icon]</texture>
				<aspectratio align="left" aligny="top">keep</aspectratio>					
			</control>				
		</control>

		<!--View 50 -->		
		<control type="group">	
			<visible>Control.IsVisible(50)</visible>
			<visible>![Window.IsActive(DialogVideoInfo.xml) + !substring(ListItem.Path,plugin)]</visible>	
			<include>animation_view_change</include>
			<include>animation_list</include>			

			<!-- ID="50" -->		
			<control type="list" id="50">
				<posx>0</posx>
				<posy>320</posy>
				<width>1920</width>
				<height>570</height>				
				<onleft>9000</onleft>
				<onright>60</onright>
				<onup>50</onup>
				<ondown>50</ondown>
				<pagecontrol>60</pagecontrol>
				<viewtype label="535">list</viewtype>
				<scrolltime>200</scrolltime>

				<!-- ====================== -->
				<!-- All Other x=570 w=1180 -->
				<!-- ====================== -->
				<itemlayout condition="![Container.content(MusicVideos) | Container.Content(movies) | container.content(tvshows) | Container.Content(seasons) | container.content(episodes)]" width="1820" height="60">
				    <control type="label"><!--Label 3-->							
						<posx>-680r</posx>
						<height>30</height>
						<font>Light28</font>		
						<label>[COLOR=list_label_2_first]$INFO[ListItem.Property(Addon.Status)][/COLOR]</label>
						<visible>true</visible>
					</control>
					<control type="label"><!--Label 1 -->
						<posx>630</posx>
						<width>1100</width>
						<font>Reg32</font>
						<textcolor>list_label_1_nf</textcolor>
						<selectedcolor>list_label_1_select</selectedcolor>
						<label>$VAR[value_list_label_1]</label>
					</control>					
					<control type="image"><!--Separator -->			
						<posx>615</posx>
						<posy>56</posy>
						<width>1200</width>
						<height>20</height>		
						<fadetime>400</fadetime>
						<colordiffuse>list_separator</colordiffuse>
						<texture>common/separator.png</texture>			
					</control>
				</itemlayout>
				<!-- SMALL -->
				<focusedlayout condition="![Container.content(MusicVideos) | Container.Content(movies) | container.content(tvshows) | Container.Content(seasons) | container.content(episodes)] + [IsEmpty(Control.GetLabel(5101)) | Skin.HasSetting(slimlist)]" width="1820" height="60">
					<control type="image"><!--Slider -->						
						<posx>570</posx>					
						<width>1245</width>
						<height>56</height>
						<colordiffuse>88ffffff</colordiffuse>
						<texture>views/view_50_slider.png</texture>					
					</control>
					<control type="label"><!--Label 1 -->
						<posx>630</posx>
						<width>1100</width>
						<height>60</height>
						<font>Reg36</font>
						<textcolor>list_label_1_fo</textcolor>
						<selectedcolor>list_label_1_select</selectedcolor>
						<label>$VAR[value_list_label_1]</label>
					</control>						
					<control type="image"><!--Separator -->			
						<posx>615</posx>
						<posy>56</posy>
						<width>1200</width>
						<height>20</height>		
						<fadetime>400</fadetime>
						<colordiffuse>list_separator</colordiffuse>
						<texture>common/separator.png</texture>			
					</control>
				</focusedlayout>
				<!-- BIG -->
				<focusedlayout condition="![Container.content(MusicVideos) | Container.Content(movies) | container.content(tvshows) | Container.Content(seasons) | container.content(episodes)] + !IsEmpty(Control.GetLabel(5101)) + !Skin.HasSetting(slimlist)" width="1820" height="90">
					<control type="image"><!--Slider -->						
						<posx>570</posx>					
						<width>1245</width>
						<height>86</height>
						<colordiffuse>88ffffff</colordiffuse>
						<texture>views/view_50_slider_big.png</texture>					
					</control>
					<control type="label"><!--Addon Status -->							
						<posx>-680r</posx>
						<posy>0</posy>
						<width>200</width>
						<height>30</height>
						<font>Light28</font>		
						<label>[COLOR=list_label_2_first]$INFO[ListItem.Property(Addon.Status)][/COLOR]</label>
						<visible>true</visible>
					</control>
					<control type="label"><!--Label 1 -->						
						<posx>630</posx>
						<width>1100</width>
						<height>55</height>
						<font>Reg36</font>	
						<textcolor>list_label_1_fo</textcolor>
						<selectedcolor>list_label_1_select</selectedcolor>
						<label>$VAR[value_list_label_1]</label>
					</control>
					<control type="label"><!--Label 2 -->							
						<posx>630</posx>
						<posy>52</posy>
						<width>1100</width>
						<height>30</height>
						<font>Light28</font>		
						<textcolor>list_label_2_second</textcolor>
						<selectedcolor>list_label_2_second</selectedcolor>
						<label>$VAR[value_list_label_2]</label>
						<visible>!StringCompare(ListItem.Label,..)</visible>
					</control>					
					<control type="image"><!--Separator -->			
						<posx>615</posx>
						<posy>86</posy>
						<width>1200</width>
						<height>20</height>		
						<fadetime>400</fadetime>
						<colordiffuse>list_separator</colordiffuse>
						<texture>common/separator.png</texture>			
					</control>
				</focusedlayout>

				<!-- =========================================== -->
				<!-- Music-Videos, Movies, TV-Shows x=1165 w=580 -->
				<!-- =========================================== -->
				<itemlayout condition="Container.content(MusicVideos) | Container.Content(movies) | container.content(tvshows)" width="1820" height="60">
					<control type="label"><!--Label 1 -->
						<posx>1225</posx>
						<width>520</width>
						<font>Reg32</font>
						<textcolor>list_label_1_nf</textcolor>
						<selectedcolor>list_label_1_select</selectedcolor>
						<label>$VAR[value_list_label_1]</label>
					</control>					
					<control type="image"><!--Separator -->			
						<posx>1205</posx>
						<posy>56</posy>
						<width>600</width>
						<height>20</height>		
						<fadetime>400</fadetime>
						<colordiffuse>list_separator</colordiffuse>
						<texture>common/separator.png</texture>			
					</control>
				</itemlayout>
				<!-- SMALL -->
				<focusedlayout condition="[Container.content(MusicVideos) | Container.Content(movies) | container.content(tvshows)] + [IsEmpty(Control.GetLabel(5101)) | Skin.HasSetting(slimlist)]" width="1820" height="60">
					<control type="image"><!--Slider -->							
						<posx>1165</posx>					
						<width>640</width>
						<height>56</height>
						<colordiffuse>88ffffff</colordiffuse>
						<texture>views/view_50_slider.png</texture>					
					</control>
					<control type="label"><!--Label 1 -->
						<posx>1225</posx>
						<width>520</width>
						<height>60</height>
						<font>Reg36</font>
						<textcolor>list_label_1_fo</textcolor>
						<selectedcolor>list_label_1_select</selectedcolor>
						<label>$VAR[value_list_label_1]</label>
					</control>	
					<control type="image"><!--Separator -->			
						<posx>1205</posx>
						<posy>56</posy>
						<width>600</width>
						<height>20</height>		
						<fadetime>400</fadetime>
						<colordiffuse>list_separator</colordiffuse>
						<texture>common/separator.png</texture>			
					</control>				
				</focusedlayout>
				<!-- BIG -->
				<focusedlayout condition="[Container.content(MusicVideos) | Container.Content(movies) | container.content(tvshows)] + !IsEmpty(Control.GetLabel(5101)) + !Skin.HasSetting(slimlist)" width="1820" height="90">
					<control type="image"><!--Slider -->						
						<posx>1165</posx>					
						<width>640</width>
						<height>86</height>
						<colordiffuse>88ffffff</colordiffuse>						
						<texture>views/view_50_slider_big.png</texture>					
					</control>
					<control type="label"><!--Label 1 -->						
						<posx>1225</posx>
						<width>520</width>
						<height>55</height>
						<font>Reg36</font>	
						<textcolor>list_label_1_fo</textcolor>
						<selectedcolor>list_label_1_select</selectedcolor>
						<label>$VAR[value_list_label_1]</label>
					</control>
					<control type="label"><!--Label 2 -->							
						<posx>1225</posx>
						<posy>52</posy>
						<width>520</width>
						<height>30</height>
						<font>Light28</font>		
						<textcolor>list_label_2_second</textcolor>
						<selectedcolor>list_label_2_second</selectedcolor>
						<label>$VAR[value_list_label_2]</label>
						<visible>!StringCompare(ListItem.Label,..)</visible>
					</control>	
					<control type="image"><!--Separator -->			
						<posx>1205</posx>
						<posy>86</posy>
						<width>600</width>
						<height>20</height>		
						<fadetime>400</fadetime>
						<colordiffuse>list_separator</colordiffuse>
						<texture>common/separator.png</texture>			
					</control>
				</focusedlayout>

				<!-- ============================== -->
				<!-- Seasons, Episodes x=980 w=765 -->
				<!-- ============================== -->
				<itemlayout condition="Container.Content(episodes) | Container.Content(seasons)" width="1820" height="60">
					<control type="label"><!--Label 1 -->
						<posx>1040</posx>
						<width>650</width>
						<font>Reg32</font>
						<textcolor>list_label_1_nf</textcolor>
						<selectedcolor>list_label_1_select</selectedcolor>
						<label>$VAR[value_list_label_1]</label>
					</control>
					<control type="image"><!--Watched Overlay -->		
						<visible>Container.Content(episodes)</visible>
						<posx>1745</posx>
						<posy>0</posy>
						<width>60</width>
						<height>60</height>						
						<texture>$INFO[ListItem.Overlay,overlays/,/view_50_watched.png]</texture>					
					</control>
					<control type="image"><!--Separator -->			
						<posx>1020</posx>
						<posy>56</posy>
						<width>785</width>
						<height>20</height>		
						<fadetime>400</fadetime>
						<colordiffuse>list_separator</colordiffuse>
						<texture>common/separator.png</texture>			
					</control>
				</itemlayout>
				<!-- SMALL -->
				<focusedlayout condition="[Container.Content(episodes) | Container.Content(seasons)] + [IsEmpty(Control.GetLabel(5101)) | Skin.HasSetting(slimlist)]" width="1820" height="60">
					<control type="image"><!--Slider -->						
						<posx>980</posx>					
						<width>825</width>
						<height>56</height>
						<colordiffuse>88ffffff</colordiffuse>
						<texture>views/view_50_slider.png</texture>					
					</control>
					<control type="label"><!--Label 1 -->
						<posx>1040</posx>
						<width>650</width>
						<height>60</height>
						<font>Reg36</font>
						<textcolor>list_label_1_fo</textcolor>
						<selectedcolor>list_label_1_select</selectedcolor>
						<label>$VAR[value_list_label_1]</label>
					</control>	
					<control type="image"><!--Watched Overlay -->		
						<visible>Container.Content(episodes)</visible>
						<posx>1745</posx>
						<posy>0</posy>
						<width>60</width>
						<height>60</height>						
						<texture>$INFO[ListItem.Overlay,overlays/,/view_50_watched.png]</texture>					
					</control>
					<control type="image"><!--Separator -->			
						<posx>1020</posx>
						<posy>56</posy>
						<width>785</width>
						<height>20</height>		
						<fadetime>400</fadetime>
						<colordiffuse>list_separator</colordiffuse>
						<texture>common/separator.png</texture>			
					</control>				
				</focusedlayout>
				<!-- BIG -->
				<focusedlayout condition="[Container.Content(episodes) | Container.Content(seasons)] + !IsEmpty(Control.GetLabel(5101)) + !Skin.HasSetting(slimlist)" width="1820" height="90">
					<control type="image"><!--Slider -->						
						<posx>980</posx>					
						<width>825</width>
						<height>86</height>
						<colordiffuse>88ffffff</colordiffuse>						
						<texture>views/view_50_slider_big.png</texture>					
					</control>
					<control type="label"><!--Label 1 -->						
						<posx>1040</posx>
						<width>650</width>
						<height>55</height>
						<font>Reg36</font>	
						<textcolor>list_label_1_fo</textcolor>
						<selectedcolor>list_label_1_select</selectedcolor>
						<label>$VAR[value_list_label_1]</label>
					</control>
					<control type="label"><!--Label 2 -->							
						<posx>1040</posx>
						<posy>52</posy>
						<width>650</width>
						<height>30</height>
						<font>Light28</font>		
						<textcolor>list_label_2_second</textcolor>
						<selectedcolor>list_label_2_second</selectedcolor>
						<label>$VAR[value_list_label_2]</label>
						<visible>!StringCompare(ListItem.Label,..)</visible>
					</control>						
					<control type="image"><!--Watched Overlay -->		
						<visible>Container.Content(episodes)</visible>						
						<posx>1745</posx>
						<posy>0</posy>
						<width>60</width>
						<height>60</height>						
						<texture>$INFO[ListItem.Overlay,overlays/,/view_50_watched.png]</texture>					
					</control>
					<control type="image"><!--Separator -->			
						<posx>1020</posx>
						<posy>86</posy>
						<width>785</width>
						<height>20</height>		
						<fadetime>400</fadetime>
						<colordiffuse>list_separator</colordiffuse>
						<texture>common/separator.png</texture>			
					</control>					
				</focusedlayout>

			</control>
		</control>

		<!--Info -->		
		<control type="group">		<!--Regie, Duration... Movies, TV-Shows, Sesaons, Music-Videos -->
			<visible>Control.IsVisible(50)</visible>
			<visible>!Window.IsActive(DialogVideoInfo.xml)</visible>
			<visible>Container.Content(MusicVideos) | Container.Content(movies) | Container.Content(tvshows) | Container.Content(seasons)</visible>
			<include>animation_view_change</include>
			<include>animation_list</include>	
			<posx>510</posx>
			<posy>330</posy>
			<control type="group">	<!--Ground 1 -->
				<visible>!IsEmpty(Control.GetLabel(5201))</visible>					
				<posy>0</posy>
				<control type="label">
					<posx>0</posx>
					<posy>0</posy>
					<width>180</width>			
					<textcolor>mainblue</textcolor>			
					<label>$VAR[value_ground1_label]</label>			
				</control>
				<control type="label">
					<visible>!IsEmpty(Control.GetLabel(5301))</visible>
					<posx>180</posx>
					<posy>0</posy>
					<width>400</width>	
					<textcolor>list_label_info</textcolor>
					<label>$VAR[value_ground1_value]</label>			
				</control>
				<control type="label">
					<visible>IsEmpty(Control.GetLabel(5301))</visible>
					<posx>180</posx>
					<posy>0</posy>
					<width>400</width>	
					<textcolor>list_label_info</textcolor>
					<label>...</label>			
				</control>
			</control>
			<control type="group">	<!--Ground 2 -->
				<visible>!IsEmpty(Control.GetLabel(5202))</visible>						
				<posy>40</posy>
				<control type="label">
					<posx>0</posx>
					<posy>0</posy>
					<width>180</width>			
					<textcolor>mainblue</textcolor>			
					<label>$VAR[value_ground2_label]</label>			
				</control>
				<control type="label">
					<visible>!IsEmpty(Control.GetLabel(5302))</visible>
					<posx>180</posx>
					<posy>0</posy>
					<width>400</width>	
					<textcolor>list_label_info</textcolor>
					<label>$VAR[value_ground2_value]</label>			
				</control>
				<control type="label">
					<visible>IsEmpty(Control.GetLabel(5302))</visible>
					<posx>180</posx>
					<posy>0</posy>
					<width>400</width>
					<textcolor>list_label_info</textcolor>					
					<label>...</label>			
				</control>
			</control>
			<control type="group">	<!--Ground 3 -->
				<visible>!IsEmpty(Control.GetLabel(5203))</visible>					
				<posy>80</posy>
				<control type="label">
					<posx>0</posx>
					<posy>0</posy>
					<width>180</width>			
					<textcolor>mainblue</textcolor>			
					<label>$VAR[value_ground3_label]</label>			
				</control>
				<control type="label">
					<visible>!IsEmpty(Control.GetLabel(5303))</visible>
					<posx>180</posx>
					<posy>0</posy>
					<width>400</width>
					<textcolor>list_label_info</textcolor>					
					<label>$VAR[value_ground3_value]</label>			
				</control>
				<control type="label">
					<visible>IsEmpty(Control.GetLabel(5303))</visible>
					<posx>180</posx>
					<posy>0</posy>
					<width>400</width>
					<textcolor>list_label_info</textcolor>					
					<label>...</label>			
				</control>
			</control>
			<control type="group">	<!--Ground 4 -->
				<visible>!IsEmpty(Control.GetLabel(5204))</visible>					
				<posy>120</posy>
				<control type="label">
					<posx>0</posx>
					<posy>0</posy>
					<width>180</width>			
					<textcolor>mainblue</textcolor>			
					<label>$VAR[value_ground4_label]</label>			
				</control>
				<control type="label">
					<visible>!IsEmpty(Control.GetLabel(5304))</visible>
					<posx>180</posx>
					<posy>0</posy>
					<width>400</width>	
					<textcolor>list_label_info</textcolor>					
					<label>$VAR[value_ground4_value]</label>			
				</control>
				<control type="label">
					<visible>IsEmpty(Control.GetLabel(5304))</visible>
					<posx>180</posx>
					<posy>0</posy>
					<width>400</width>	
					<textcolor>list_label_info</textcolor>					
					<label>...</label>			
				</control>
			</control>			
		</control>
		<control type="group">		<!--Regie, Duration... Episodes -->
			<visible>Control.IsVisible(50)</visible>
			<visible>!Window.IsActive(DialogVideoInfo.xml)</visible>
			<visible>Container.content(episodes)</visible>
			<include>animation_view_change</include>
			<include>animation_list</include>
			<posx>490</posx>
			<posy>330</posy>
			<control type="group">	<!--Ground 1 -->
				<visible>!IsEmpty(Control.GetLabel(5201))</visible>						
				<posy>0</posy>
				<control type="label">
					<posx>0</posx>
					<posy>0</posy>
					<width>180</width>			
					<textcolor>mainblue</textcolor>			
					<label>$VAR[value_ground1_label]</label>			
				</control>
				<control type="label">
					<visible>!IsEmpty(Control.GetLabel(5301))</visible>
					<posx>180</posx>
					<posy>0</posy>
					<width>250</width>	
					<textcolor>list_label_info</textcolor>
					<label>$VAR[value_ground1_value]</label>			
				</control>
				<control type="label">
					<visible>IsEmpty(Control.GetLabel(5301))</visible>
					<posx>180</posx>
					<posy>0</posy>
					<width>250</width>	
					<textcolor>list_label_info</textcolor>
					<label>...</label>			
				</control>
			</control>
			<control type="group">	<!--Ground 2 -->
				<visible>!IsEmpty(Control.GetLabel(5202))</visible>				
				<posy>40</posy>
				<control type="label">
					<posx>0</posx>
					<posy>0</posy>
					<width>180</width>			
					<textcolor>mainblue</textcolor>			
					<label>$VAR[value_ground2_label]</label>			
				</control>
				<control type="label">
					<visible>!IsEmpty(Control.GetLabel(5302))</visible>
					<posx>180</posx>
					<posy>0</posy>
					<width>250</width>	
					<textcolor>list_label_info</textcolor>
					<label>$VAR[value_ground2_value]</label>									
				</control>
				<control type="label">
					<visible>IsEmpty(Control.GetLabel(5302))</visible>
					<posx>180</posx>
					<posy>0</posy>
					<width>250</width>
					<textcolor>list_label_info</textcolor>					
					<label>...</label>			
				</control>
			</control>
			<control type="group">	<!--Ground 3 -->
				<visible>!IsEmpty(Control.GetLabel(5203))</visible>		
				<posy>80</posy>
				<control type="label">
					<posx>0</posx>
					<posy>0</posy>
					<width>180</width>			
					<textcolor>mainblue</textcolor>			
					<label>$VAR[value_ground3_label]</label>			
				</control>
				<control type="label">
					<visible>!IsEmpty(Control.GetLabel(5303))</visible>
					<posx>180</posx>
					<posy>0</posy>
					<width>250</width>
					<textcolor>list_label_info</textcolor>					
					<label>$VAR[value_ground3_value]</label>			
				</control>
				<control type="label">
					<visible>IsEmpty(Control.GetLabel(5303))</visible>
					<posx>180</posx>
					<posy>0</posy>
					<width>250</width>
					<textcolor>list_label_info</textcolor>					
					<label>...</label>			
				</control>
			</control>
			<control type="group">	<!--Ground 4 -->
				<visible>!IsEmpty(Control.GetLabel(5204))</visible>				
				<posy>120</posy>
				<control type="label">
					<posx>0</posx>
					<posy>0</posy>
					<width>180</width>			
					<textcolor>mainblue</textcolor>			
					<label>$VAR[value_ground4_label]</label>			
				</control>
				<control type="label">
					<visible>!IsEmpty(Control.GetLabel(5304))</visible>
					<posx>180</posx>
					<posy>0</posy>
					<width>250</width>	
					<textcolor>list_label_info</textcolor>					
					<label>$VAR[value_ground4_value]</label>			
				</control>
				<control type="label">
					<visible>IsEmpty(Control.GetLabel(5304))</visible>
					<posx>180</posx>
					<posy>0</posy>
					<width>250</width>	
					<textcolor>list_label_info</textcolor>					
					<label>...</label>			
				</control>
			</control>			
		</control>
		<control type="textbox">	<!--Info Plot: Movies, TV-Shows, Music-Videos -->
			<visible>Control.IsVisible(50)</visible>	
			<visible>!Window.IsActive(DialogVideoInfo.xml)</visible>	
			<visible>Container.Content(MusicVideos) | Container.Content(movies) | container.content(tvshows)</visible>
			<include>animation_view_change</include>			
			<include>animation_list</include>
			<posx>510</posx>
			<posy>550</posy>	
			<width>600</width>
			<height>270</height>
			<font>Light32</font>				
			<textcolor>list_label_info</textcolor>	
			<shadowcolor></shadowcolor> 
			<autoscroll>false</autoscroll>
			<label>$INFO[ListItem.Plot]</label>				
		</control>
		<control type="textbox">	<!--Info Plot: Episodes -->
			<visible>Control.IsVisible(50)</visible>	
			<visible>!Window.IsActive(DialogVideoInfo.xml)</visible>	
			<visible>Container.Content(episodes)</visible>
			<include>animation_view_change</include>			
			<include>animation_list</include>
			<posx>120</posx>
			<posy>560</posy>	
			<width>830</width>
			<height>190</height>
			<font>Light32</font>				
			<textcolor>list_label_info</textcolor>	
			<shadowcolor></shadowcolor> 
			<autoscroll>false</autoscroll>
			<label>$INFO[ListItem.Plot]</label>				
		</control>
		<control type="group">		<!--Rating, Label -->	
			<visible>Control.IsVisible(50)</visible>	
			<visible>![Window.IsActive(DialogVideoInfo.xml) + !substring(ListItem.Path,plugin)]</visible>
			<include>animation_view_change</include>			
			<include>animation_list</include>
			<posy>955</posy>
			<control type="image"><!--Stars -->
				<visible>Container.Content(movies) | Container.Content(tvshows) | Container.Content(episodes)</visible>
				<posx>130</posx>
				<posy>13</posy>
				<width>270</width>
				<height>25</height>	
				<texture fallback="rating/stars/NA.png">$INFO[ListItem.Rating,rating/10stars_black/,.png]</texture>											
			</control>
			<control type="label"><!--Rating -->
				<visible>Container.Content(movies) | Container.Content(tvshows) | Container.Content(episodes)</visible>
				<posx>420</posx>
				<posy>0</posy> 		
				<width>100</width>
				<font>Bold30Big</font>			
				<textcolor>black</textcolor>
				<label>$INFO[ListItem.Rating]</label>	
			</control>	
			<control type="label"><!--Album, Songs -->
				<visible>Container.Content(albums) | Container.Content(songs)</visible>
				<posx>130</posx>
				<posy>0</posy> 		
				<width>600</width>
				<font>Bold30Big</font>			
				<textcolor>black</textcolor>
				<label>$INFO[ListItem.Album]</label>	
			</control>					
		</control>
		<control type="group">		<!--Title -->	
			<visible>Control.IsVisible(50)</visible>	
			<visible>![Window.IsActive(DialogVideoInfo.xml) + !substring(ListItem.Path,plugin)]</visible>
			<include>animation_view_change</include>			
			<include>animation_list</include>
			<posy>955</posy>					
			<control type="label"><!--Others -->
				<visible>!Container.Content(albums) + !Container.Content(songs)</visible>
				<posx>560</posx>
				<posy>0</posy> 		
				<width>800</width>
				<align>center</align>
				<font>Bold34Big</font>			
				<textcolor>black</textcolor>
				<label>$INFO[ListItem.Label]</label>	
			</control>	
			<control type="label"><!--Album, Songs -->
				<visible>Container.Content(albums) | Container.Content(songs)</visible>
				<posx>560</posx>
				<posy>0</posy> 		
				<width>800</width>
				<align>center</align>
				<font>Bold34Big</font>			
				<textcolor>black</textcolor>
				<label>$INFO[ListItem.Artist]</label>	
			</control>	
		</control>
		<control type="group">		<!--Page Control -->	
			<visible>Control.IsVisible(50)</visible>	
			<visible>![Window.IsActive(DialogVideoInfo.xml) + !substring(ListItem.Path,plugin)]</visible>
			<include>animation_view_change</include>			
			<include>animation_list</include>
			<posy>955</posy>					
			<control type="label">					
				<posx>1780</posx>
				<posy>0</posy> 		
				<width>400</width>
				<align>right</align>
				<font>Bold30Big</font>			
				<textcolor>black</textcolor>
				<label>$INFO[Container.CurrentPage]/$INFO[Container.NumPages]</label>
			</control>			
		</control>
		<control type="group">		<!--Flags Video: Movies -->	
			<visible>Control.IsVisible(50)</visible>			
			<visible>Container.Content(movies) + !ListItem.IsFolder</visible>	
			<visible>!substring(Container.FolderPath,addons://sources/video/) + !substring(Container.FolderPath,plugin://plugin.video)</visible>
			<include>animation_view_change</include>			
			<include>animation_list</include>
			<posx>510</posx>
			<posy>870</posy>			

			<control type="image">	<!--Video Resolution -->	
				<posx>0</posx>
				<posy>0</posy>
				<width>212</width>
				<height>45</height>		
				<colordiffuse>list_flag</colordiffuse>
				<texture fallback="flags/resolution/default.png">$INFO[ListItem.VideoResolution,flags/resolution/,.png]</texture>					
			</control>	
			<control type="image">	<!--VideoCode -->
				<posx>0</posx>
				<posy>0</posy>
				<width>212</width>
				<height>45</height>		
				<colordiffuse>list_flag</colordiffuse>
				<texture fallback="flags/videocodec/default.png">$INFO[ListItem.VideoCodec,flags/videocodec/,.png]</texture>				
			</control>				
			<control type="image">	<!--Aspectration -->
				<posx>0</posx>
				<posy>0</posy>
				<width>212</width>
				<height>45</height>		
				<colordiffuse>list_flag</colordiffuse>
				<texture fallback="flags/aspectration/default.png">$INFO[ListItem.VideoAspect,flags/aspectration/,.png]</texture>					
			</control>
		</control>	
		<control type="group">		<!--Flags Audio: Movies -->		
			<visible>Control.IsVisible(50)</visible>	
			<visible>!Window.IsActive(DialogVideoInfo.xml)</visible>
			<visible>Container.Content(movies) + !ListItem.IsFolder</visible>
			<visible>!substring(Container.FolderPath,addons://sources/video/) + !substring(Container.FolderPath,plugin://plugin.video)</visible>
			<include>animation_view_change</include>			
			<include>animation_list</include>
			<posx>750</posx><!-- +240 -->
			<posy>870</posy>			

			<control type="image">	<!--Audio Codec -->	
				<posx>0</posx>
				<posy>0</posy>
				<width>124</width>
				<height>45</height>		
				<colordiffuse>list_flag</colordiffuse>
				<texture fallback="flags/audiocodec/default.png">$INFO[ListItem.AudioCodec,flags/audiocodec/,.png]</texture>					
			</control>	
			<control type="image">	<!--Audio Channels -->	
				<posx>0</posx>
				<posy>0</posy>
				<width>124</width>
				<height>45</height>		
				<colordiffuse>list_flag</colordiffuse>
				<texture fallback="flags/audiochannels/default.png">$INFO[ListItem.AudioChannels,flags/audiochannels/,.png]</texture>					
			</control>	
		</control>	
		<control type="group">		<!--Flags Video: Episodes -->	
			<visible>Control.IsVisible(50)</visible>	
			<visible>!Window.IsActive(DialogVideoInfo.xml)</visible>
			<visible>Container.Content(episodes) + !ListItem.IsFolder</visible>	
			<visible>!substring(Container.FolderPath,addons://sources/video/) + !substring(Container.FolderPath,plugin://plugin.video)</visible>
			<include>animation_view_change</include>			
			<include>animation_list</include>
			<posx>120</posx>
			<posy>840</posy>			

			<control type="image">	<!--Video Resolution -->	
				<posx>0</posx>
				<posy>0</posy>
				<width>212</width>
				<height>45</height>		
				<colordiffuse>list_flag</colordiffuse>
				<texture fallback="flags/resolution/default.png">$INFO[ListItem.VideoResolution,flags/resolution/,.png]</texture>					
			</control>	
			<control type="image">	<!--VideoCode -->
				<posx>0</posx>
				<posy>0</posy>
				<width>212</width>
				<height>45</height>		
				<colordiffuse>list_flag</colordiffuse>
				<texture fallback="flags/videocodec/default.png">$INFO[ListItem.VideoCodec,flags/videocodec/,.png]</texture>				
			</control>				
			<control type="image">	<!--Aspectration -->
				<posx>0</posx>
				<posy>0</posy>
				<width>212</width>
				<height>45</height>		
				<colordiffuse>list_flag</colordiffuse>
				<texture fallback="flags/aspectration/default.png">$INFO[ListItem.VideoAspect,flags/aspectration/,.png]</texture>					
			</control>
		</control>	
		<control type="group">		<!--Flags Audio: Episodes -->		
			<visible>Control.IsVisible(50)</visible>	
			<visible>!Window.IsActive(DialogVideoInfo.xml)</visible>
			<visible>Container.Content(episodes) + !ListItem.IsFolder</visible>
			<visible>!substring(Container.FolderPath,addons://sources/video/) + !substring(Container.FolderPath,plugin://plugin.video)</visible>
			<include>animation_view_change</include>			
			<include>animation_list</include>
			<posx>360</posx><!-- +240 -->
			<posy>840</posy>			

			<control type="image">	<!--Audio Codec -->	
				<posx>0</posx>
				<posy>0</posy>
				<width>124</width>
				<height>45</height>		
				<colordiffuse>list_flag</colordiffuse>
				<texture fallback="flags/audiocodec/default.png">$INFO[ListItem.AudioCodec,flags/audiocodec/,.png]</texture>					
			</control>	
			<control type="image">	<!--Audio Channels -->	
				<posx>0</posx>
				<posy>0</posy>
				<width>124</width>
				<height>45</height>		
				<colordiffuse>list_flag</colordiffuse>
				<texture fallback="flags/audiochannels/default.png">$INFO[ListItem.AudioChannels,flags/audiochannels/,.png]</texture>					
			</control>	
		</control>		

		<!--Control Tags -->	
		<control type="group">	
			<control type="label" id="5101">
				<include>HiddenButton</include>
				<label>$VAR[value_list_label_2]</label>
			</control>
			<control type="label" id="5201">
				<include>HiddenButton</include>
				<label>$VAR[value_ground1_label]</label>
			</control>
			<control type="label" id="5202">
				<include>HiddenButton</include>
				<label>$VAR[value_ground2_label]</label>
			</control>
			<control type="label" id="5203">
				<include>HiddenButton</include>
				<label>$VAR[value_ground3_label]</label>
			</control>
			<control type="label" id="5204">
				<include>HiddenButton</include>
				<label>$VAR[value_ground4_label]</label>
			</control>		
			<control type="label" id="5301">
				<include>HiddenButton</include>
				<label>$VAR[value_ground1_value]</label>
			</control>
			<control type="label" id="5302">
				<include>HiddenButton</include>
				<label>$VAR[value_ground2_value]</label>
			</control>
			<control type="label" id="5303">
				<include>HiddenButton</include>
				<label>$VAR[value_ground3_value]</label>
			</control>
			<control type="label" id="5304">
				<include>HiddenButton</include>
				<label>$VAR[value_ground4_value]</label>
			</control>
		</control>

		<!--Scollbar -->			
		<control type="group">
			<visible>Control.IsVisible(50)</visible>	
			<visible>![Window.IsActive(DialogVideoInfo.xml) + !substring(ListItem.Path,plugin)]</visible>
			<visible>IntegerGreaterThan(Container(50).NumItems,30)</visible>
			<visible>!Container.Content(songs)</visible>				

			<control type="scrollbar" id="60">	<!--Scrollbar ID60 -->		
				<visible>IntegerGreaterThan(Container(50).NumItems,30)</visible>	
				<visible>!Container.Content(songs)</visible>				
				<posx>1835</posx>
				<posy>320</posy>
				<height>570</height>
				<onleft>50</onleft>
				<onright>-</onright>
				<visible allowhiddenfocus="true">Control.HasFocus(60) | Container.Scrolling</visible>
				<animation effect="fade" start="0" end="100" time="400" condition="Control.HasFocus(60) | Container.Scrolling">Conditional</animation>
			</control>
			<control type="image">				<!--Scrolling Letter Background -->
				<visible>Container(50).Scrolling</visible>	
				<posx>1450</posx>
				<posy>555</posy>
				<width>100</width>
				<height>100</height>			
				<texture>common/scrollbar-letter.png</texture>
				<animation effect="fade" start="0" end="100" time="400" delay="30">Visible</animation>				
				<animation effect="fade" start="100" end="0" time="400" delay="150">Hidden</animation>		
			</control>
			<control type="label">				<!--Scrolling Letter -->
				<visible>Container(50).Scrolling</visible>	
				<posx>1450</posx>
				<posy>555</posy>
				<width>100</width>
				<height>100</height>
				<align>center</align>
				<aligny>center</aligny>
				<font>Bold45</font>				
				<textcolor>mainblue</textcolor>									
				<label>$INFO[ListItem.SortLetter]</label>
				<animation effect="fade" start="0" end="100" time="400" delay="30">Visible</animation>				
				<animation effect="fade" start="100" end="0" time="400" delay="150">Hidden</animation>		
			</control>				
		</control>

	</include>
</includes>
