<!--XunityChronos -->
<includes>

	<include name="LiveTVChannelView">		<!--Live TV Channel View ID=11 -->	
		<control type="group">  

			<control type="image">			<!--Panel -->
				<visible>Control.IsVisible(11)</visible> 
				<include>animation_view_change_pvr</include>
				<include>animation_list</include>					
				<posx>10</posx>
				<posy>220</posy>
				<width>1903</width>
				<height>790</height>				
				<texture>views/view_50_list_panel_episodes.png</texture>				
			</control>
			<control type="group">			<!--Video Window --> 
				<visible>Control.IsVisible(11)</visible> 
				<include>animation_view_change_pvr</include>
				<include>animation_list</include>					
				<posx>105</posx>
				<posy>320</posy>			
				<control type="image">			<!--Background -->				
					<width>300</width>
					<height>168</height><!--1,78 -->					
					<texture>special://skin/backgrounds/pvr.png</texture>				
					<visible>!Player.HasVideo</visible>
				</control>
				<control type="videowindow">	<!--Video Window -->					
					<width>300</width>
					<height>168</height><!--1,78 -->	
					<visible>Player.HasVideo</visible>
					<animation effect="slide" start="0,0" end="-4500,0" time="0">WindowClose</animation>
				</control>				
			</control>
			<control type="group">			<!--Start, End, Next -->
				<visible>Control.IsVisible(11)</visible>			
				<include>animation_view_change_pvr</include>
				<include>animation_list</include>
				<posx>450</posx>
				<posy>330</posy>
				<control type="group">	<!-- Ground 1 -->									
					<posy>0</posy>
					<control type="label">
						<posx>0</posx>
						<posy>0</posy>
						<width>180</width>			
						<textcolor>mainblue</textcolor>			
						<label>$LOCALIZE[19030] :</label>			
					</control>
					<control type="fadelabel">					
						<posx>145</posx>
						<posy>0</posy>
						<width>300</width>	
						<textcolor>midgrey</textcolor>
						<label>$INFO[Container(11).ListItem.Title]</label>	     		
					</control>					
				</control>
				<control type="group">	<!-- Ground 2 -->									
					<posy>40</posy>
					<control type="label">
						<posx>0</posx>
						<posy>0</posy>
						<width>180</width>			
						<textcolor>mainblue</textcolor>			
						<label>$LOCALIZE[19126] :</label>			
					</control>
					<control type="label">						
						<posx>145</posx>
						<posy>0</posy>
						<width>300</width>	
						<textcolor>midgrey</textcolor>
						<label>$INFO[Container(11).ListItem.StartTime]</label>	     		
					</control>					
				</control>
				<control type="group">	<!-- Ground 3 -->									
					<posy>80</posy>
					<control type="label">
						<posx>0</posx>
						<posy>0</posy>
						<width>180</width>							
						<textcolor>mainblue</textcolor>			
						<label>$LOCALIZE[19127] :</label>			
					</control>
					<control type="label">						
						<posx>145</posx>
						<posy>0</posy>
						<width>300</width>	
						<textcolor>midgrey</textcolor>
						<label>$INFO[Container(11).ListItem.EndTime]</label>	     		
					</control>					
				</control>
			</control>
			<control type="group">			<!--Infos -->
				<visible>Control.IsVisible(11)</visible> 
				<include>animation_view_change_pvr</include>
				<include>animation_list</include>					
				<control type="textbox">		<!--Info Plot -->					
					<posx>120</posx>
					<posy>560</posy>	
					<width>830</width>
					<height>190</height>
					<font>Light32</font>				
					<textcolor>midgrey</textcolor>	
					<shadowcolor></shadowcolor> 
					<autoscroll>false</autoscroll>
					<label>$INFO[ListItem.Plot]</label>	
				</control> 	
				<control type="label">			<!--Next Start Dat -->
					<posx>120</posx>
					<posy>810</posy>
					<width>800</width>
					<font>Bold30Big</font>
					<textcolor>ccmainblue</textcolor>
					<label>$INFO[Container(11).ListItem.NextStartDate]</label>	                       
					<scroll>false</scroll>
				</control>			
				<control type="label">			<!--Next Title -->
					<posx>120</posx>
					<posy>845</posy>
					<width>800</width>
					<font>Light28</font>
					<textcolor>mainblue</textcolor>
					<label>$LOCALIZE[19031] : $INFO[Container(11).ListItem.NextTitle] $INFO[Container(11).ListItem.NextStartTime] - $INFO[Container(11).ListItem.NextEndTime]</label>	                       
					<scroll>false</scroll>
				</control>
			</control>

			<control type="list" id="11">	<!--List ID=11 -->	
				<include>animation_view_change_pvr</include>
				<include>animation_list</include>	
				<posx>0</posx>
				<posy>320</posy>
				<width>1920</width>
				<height>570</height>
				<onleft>9000</onleft>
				<onright>70</onright>
				<onup>11</onup>
				<ondown>11</ondown>
				<viewtype label="535">list</viewtype>
				<pagecontrol>70</pagecontrol>
				<scrolltime>200</scrolltime>

				<!-- =========== -->
				<!-- x=980 w=765 -->
				<!-- =========== -->
				<itemlayout height="60" width="980">
					<control type="label">		<!--Channel Number -->					
						<posx>1030</posx>
						<posy>5</posy>
						<width>50</width>
						<height>50</height>
						<font>Reg40</font>
						<textcolor>midgrey</textcolor>
						<selectedcolor>mainblue</selectedcolor>
						<align>left</align>					
						<info>ListItem.ChannelNumber</info>
					</control>
					<control type="image">		<!--Rec -->
						<posx>1185</posx>
						<posy>0</posy>
						<width>55</width>
						<height>55</height>
						<texture>pvr/icons/pvr_record.png</texture>
						<visible>ListItem.IsRecording</visible>
					</control>
					<control type="image">		<!--Now Playing Icon -->					
						<posx>1185</posx>
						<posy>0</posy>
						<width>55</width>
						<height>55</height>
						<fadetime>600</fadetime>
						<texture>pvr/icons/pvr_play.png</texture>
						<visible>ListItem.Isplaying</visible>
						<visible>!ListItem.IsRecording</visible>
					</control>
					<control type="image">		<!--Chanel Icon -->					
						<posx>1100</posx>
						<posy>5</posy>
						<width>48</width>
						<height>48</height>
						<texture>$INFO[ListItem.Icon]</texture>
					</control>				
					<control type="label">		<!--Channel Name -->		
						<animation effect="slide" start="0" end="50" time="0" reversible="false" condition="[ListItem.Isplaying | ListItem.IsRecording]">Conditional</animation>
						<posx>1200</posx>						
						<width>545</width>
						<height>55</height>
						<font>Reg32</font>
						<textcolor>midgrey</textcolor>
						<selectedcolor>midgrey</selectedcolor>
						<align>left</align>
						<aligny>center</aligny>
						<label>$INFO[ListItem.Label]</label>					
					</control>	
					<control type="image">		<!--Separator -->			
						<posx>1020</posx>
						<posy>56</posy>
						<width>785</width>
						<height>20</height>		
						<fadetime>400</fadetime>
						<colordiffuse>list_separator</colordiffuse>
						<texture>common/separator.png</texture>			
					</control>
				</itemlayout>
				<focusedlayout height="90" width="980">
					<control type="image">		<!--Slider -->					
						<posx>980</posx>
						<posy>0</posy>
						<width>825</width>
						<height>86</height>	
						<colordiffuse>88ffffff</colordiffuse>	
						<texture>views/view_50_slider_big.png</texture>
					</control>
					<control type="label">		<!--Channel Number -->					
						<posx>1030</posx>
						<posy>5</posy>
						<width>80</width>
						<height>80</height>
						<font>Reg40</font>
						<textcolor>mainblue</textcolor>
						<selectedcolor>mainblue</selectedcolor>
						<info>ListItem.ChannelNumber</info>
					</control>
					<control type="image">		<!--Rec -->
						<posx>1185</posx>
						<posy>0</posy>
						<width>55</width>
						<height>55</height>
						<texture>pvr/icons/pvr_record.png</texture>
						<visible>ListItem.IsRecording</visible>
					</control>
					<control type="image">		<!--Now Playing Icon -->			
						<posx>1185</posx>
						<posy>0</posy>
						<width>55</width>
						<height>55</height>
						<fadetime>600</fadetime>
						<texture>pvr/icons/pvr_play.png</texture>
						<visible>ListItem.Isplaying</visible>
						<visible>!ListItem.IsRecording</visible>
					</control>
					<control type="image">		<!--Chanel Icon -->				
						<posx>1085</posx>
						<posy>5</posy>
						<width>78</width>
						<height>78</height>
						<texture>$INFO[ListItem.Icon]</texture>
					</control>				
					<control type="label">		<!--Channel Name -->				
						<animation effect="slide" start="0" end="50" time="0" reversible="false" condition="[ListItem.Isplaying | ListItem.IsRecording]">Conditional</animation>
						<posx>1200</posx>						
						<width>545</width>
						<height>55</height>
						<font>Reg36</font>	
						<textcolor>mainblue</textcolor>
						<selectedcolor>mainblue</selectedcolor>						
						<label>$INFO[ListItem.Label]</label>
					</control>
					<control type="label">		<!--Channel Now Playing -->					
						<posx>1200</posx>
						<posy>50</posy>
						<width>545</width>
						<height>33</height>
						<font>Light28</font>	
						<textcolor>midgrey</textcolor>
						<selectedcolor>midgrey</selectedcolor>						
						<label>$INFO[ListItem.Title]</label>
					</control>
					<control type="image">		<!--Separator -->			
						<posx>1020</posx>
						<posy>86</posy>
						<width>785</width>
						<height>20</height>		
						<fadetime>400</fadetime>
						<colordiffuse>list_separator</colordiffuse>
						<texture>common/separator.png</texture>			
					</control>	
				</focusedlayout>
			</control>		

			<control type="group">			<!--Process -->	
				<visible>Control.IsVisible(11)</visible>				
				<include>animation_view_change_pvr</include>			
				<include>animation_list</include>
				<posy>955</posy>
				<control type="label">			<!--Start -->				
					<posx>130</posx>
					<posy>0</posy>
					<width>400</width>	
					<font>Bold30Big</font>			
					<textcolor>black</textcolor>
					<label>$INFO[Container(11).ListItem.StartTime]</label>	     		
				</control>
				<control type="progress">		<!--Progress Bar -->								
					<posx>230</posx>
					<posy>20</posy>
					<width>150</width>	
					<texturebg border="6">pvr/ProgressBackBlack.png</texturebg>
					<midtexture border="6">pvr/ProgressMidBlack.png</midtexture>
					<info>Container(11).ListItem.Progress</info>
				</control>
				<control type="label">			<!--End -->		
					<posx>395</posx>
					<posy>0</posy>
					<width>400</width>	
					<font>Bold30Big</font>			
					<textcolor>black</textcolor>
					<label>$INFO[Container(11).ListItem.EndTime]</label>	     		
				</control>
			</control>
			<control type="group">			<!--Title -->	
				<visible>Control.IsVisible(11)</visible>	
				<include>animation_view_change_pvr</include>			
				<include>animation_list</include>
				<posy>955</posy>					
				<control type="label"><!--Others -->					
					<posx>560</posx>
					<posy>0</posy> 		
					<width>800</width>
					<align>center</align>
					<font>Bold34Big</font>			
					<textcolor>black</textcolor>
					<label>$INFO[ListItem.Label]</label>	
				</control>				
			</control>
			<control type="group">			<!--Page Control -->	
				<visible>Control.IsVisible(11)</visible>	
				<visible>![Window.IsActive(DialogVideoInfo.xml) + !substring(ListItem.Path,plugin)]</visible>
				<include>animation_view_change_pvr</include>			
				<include>animation_list</include>
				<posy>955</posy>					
				<control type="label">					
					<posx>1780</posx>
					<posy>0</posy> 		
					<width>400</width>
					<align>right</align>
					<font>Bold30Big</font>			
					<textcolor>black</textcolor>
					<label>$INFO[Container.CurrentPage]/$INFO[Container.NumPages]</label>
				</control>			
			</control>

			<control type="group">			<!--Scrollbar -->		
				<visible>IntegerGreaterThan(Container(11).NumItems,30)</visible>
				<include>animation_view_change_pvr</include>
				<include>animation_list</include>		
				<control type="scrollbar" id="70">	<!--Scrollbar ID70 -->	
					<visible>IntegerGreaterThan(Container(11).NumItems,30)</visible>	
					<posx>1835</posx>
					<posy>320</posy>
					<height>570</height>			
					<onleft>11</onleft>
					<onright>11</onright>
					<visible allowhiddenfocus="true">Control.HasFocus(70) | Container(11).Scrolling</visible>
					<animation effect="fade" start="0" end="100" time="400" condition="Control.HasFocus(70) | Container(11).Scrolling">Conditional</animation>
				</control>	
				<control type="image">				<!--Scrolling Letter Background -->
					<visible>Container(11).Scrolling</visible>	
					<posx>1450</posx>
					<posy>555</posy>
					<width>100</width>
					<height>100</height>			
					<texture>common/scrollbar-letter.png</texture>
					<animation effect="fade" start="0" end="100" time="400" delay="30">Visible</animation>				
					<animation effect="fade" start="100" end="0" time="400" delay="150">Hidden</animation>		
				</control>
				<control type="label">				<!--Scrolling Letter -->
					<visible>Container(11).Scrolling</visible>	
					<posx>1450</posx>
					<posy>555</posy>
					<width>100</width>
					<height>100</height>
					<align>center</align>
					<aligny>center</aligny>
					<font>Bold45</font>				
					<textcolor>mainblue</textcolor>									
					<label>$INFO[ListItem.SortLetter]</label>
					<animation effect="fade" start="0" end="100" time="400" delay="30">Visible</animation>				
					<animation effect="fade" start="100" end="0" time="400" delay="150">Hidden</animation>		
				</control>	
			</control>		
		</control>
	</include>

	<include name="EPGTimelineView">		<!--EPG: Timeline View ID=10 -->		
		<control type="group">

			<control type="group">			<!--Panel -->
				<visible>Control.IsVisible(10)</visible>
				<include>animation_view_change_pvr</include>
				<include>animation_list</include>
				<control type="image">			<!--Panel Button -->
					<posx>0</posx>
					<posy>450</posy>
					<width>1907</width>
					<height>633</height>				
					<texture>pvr/pvr_epg_panel.png</texture>					
				</control>			
				<control type="image">			<!--Panel Top -->
					<posx>0</posx>
					<posy>120</posy>
					<width>1907</width>
					<height>341</height>				
					<texture>pvr/pvr_epg_info.png</texture>					
				</control>
			</control>
			<control type="group">			<!--Video Window --> 
				<visible>Control.IsVisible(10)</visible>
				<include>animation_view_change_pvr</include>
				<include>animation_list</include>
				<posx>80</posx>
				<posy>190</posy>			
				<control type="image">			<!--Background -->				
					<posx>0</posx>
					<posy>0</posy>
					<width>350</width>
					<height>200</height>
					<texture>special://skin/backgrounds/pvr.png</texture>				
					<visible>!Player.HasVideo</visible>
				</control>
				<control type="videowindow">	<!--Video Window -->
					<posx>0</posx>
					<posy>0</posy>
					<width>350</width>
					<height>200</height>
					<visible>Player.HasVideo</visible>
					<animation effect="slide" start="0,0" end="-4500,0" time="0">WindowClose</animation>
				</control>				
			</control>
			<control type="label">			<!--Title -->
				<visible>Control.IsVisible(10)</visible>
				<include>animation_view_change_pvr</include>
				<include>animation_list</include>				
				<posx>500</posx>
				<posy>190</posy>
				<width>600</width>
				<height>50</height>						
				<font>Bold45</font>
				<textcolor>mainblue</textcolor>
				<label>$INFO[ListItem.Label]</label>
			</control>
			<control type="group">			<!--Start, End, Duration -->
				<visible>Control.IsVisible(10)</visible>			
				<include>animation_view_change_pvr</include>
				<include>animation_list</include>
				<posx>500</posx>
				<posy>245</posy>
				<control type="group">	<!-- Ground 1 -->									
					<posy>0</posy>
					<control type="label">
						<posx>0</posx>
						<posy>0</posy>
						<width>180</width>			
						<textcolor>mainblue</textcolor>			
						<label>$LOCALIZE[142]</label>			
					</control>
					<control type="label">					
						<posx>160</posx>
						<posy>0</posy>
						<width>300</width>	
						<textcolor>midgrey</textcolor>
						<label>$INFO[ListItem.StartTime] - $INFO[ListItem.EndTime]</label>	
					</control>					
				</control>
				<control type="group">	<!-- Ground 2 -->									
					<posy>40</posy>
					<control type="label">
						<posx>0</posx>
						<posy>0</posy>
						<width>180</width>			
						<textcolor>mainblue</textcolor>			
						<label>$LOCALIZE[180]:</label>			
					</control>
					<control type="label">						
						<posx>160</posx>
						<posy>0</posy>
						<width>300</width>	
						<textcolor>midgrey</textcolor>
						<label>$INFO[ListItem.Duration]</label>    		
					</control>					
				</control>
				<control type="group">	<!-- Ground 3 -->									
					<posy>80</posy>
					<control type="label">
						<posx>0</posx>
						<posy>0</posy>
						<width>180</width>							
						<textcolor>mainblue</textcolor>			
						<label>$LOCALIZE[19148]:</label>			
					</control>
					<control type="label">						
						<posx>160</posx>
						<posy>0</posy>
						<width>300</width>	
						<textcolor>midgrey</textcolor>
						<label><label>$INFO[ListItem.ChannelName]</label></label>	     		
					</control>					
				</control>
			</control>
			<control type="textbox">		<!--Info Plot -->		
				<visible>Control.IsVisible(10)</visible>
				<include>animation_view_change_pvr</include>			
				<include>animation_list</include>
				<posx>1150</posx>
				<posy>190</posy> 
				<width>650</width>
				<height>190</height>						
				<textcolor>midgrey</textcolor>         
				<label fallback="161">$INFO[ListItem.Plot]</label>
				<autoscroll time="2000" delay="8000" repeat="5000">true</autoscroll>
			</control> 

			<control type="epggrid" id="10"><!--List ID=10 -->
				<include>animation_view_change_pvr</include>
				<include>animation_list</include>				
				<posx>80</posx>
				<posy>465</posy>
				<width>1750</width>
				<height>560</height>
				<pagecontrol>10</pagecontrol>
				<scrolltime>350</scrolltime>
				<timeblocks>30</timeblocks>
				<rulerunit>6</rulerunit>			
				<onleft>9000</onleft>
				<onright>9000</onright>				
				<onup>10</onup>
				<ondown>10</ondown>				

				<rulerlayout height="80" width="60">			<!--Date, Time Top Line -->
					<control type="image" id="1"><!--Background -->
						<width>60</width>
						<height>44</height>												
						<texture>-</texture>
					</control>
					<control type="label" id="2"><!--Date, Time -->		
						<posx>0</posx>
						<width>60</width>
						<height>44</height>						
						<align>left</align>
						<font>Bold30Big</font>	
						<textcolor>black</textcolor>
						<label>$INFO[ListItem.Label]</label>
					</control>
				</rulerlayout>
				<channellayout height="80" width="500">			<!--Channel left side UNFOCUS -->				
					<animation effect="fade" start="110" time="200">UnFocus</animation>
					<control type="image" id="1">	<!--Button -->
						<posx>65</posx>
						<posy>0</posy>
						<width>430</width>
						<height>80</height>
						<texture>common/button-nf.png</texture>
					</control>
					<control type="label">			<!--Channel Nummber -->
						<posx>15</posx>
						<posy>0</posy>
						<width>80</width>
						<height>80</height>
						<font>Reg40</font>					
						<textcolor>midgrey</textcolor>
						<selectedcolor>midgrey</selectedcolor>									
						<info>ListItem.ChannelNumber</info>
					</control>
					<control type="image">			<!--Channel Icon -->
						<posx>75</posx>
						<posy>10</posy>
						<width>60</width>
						<height>60</height>
						<texture>$INFO[ListItem.Icon]</texture>
					</control>
					<control type="label" id="1">	<!--Channel Name -->
						<posx>160</posx>
						<posy>0</posy>
						<width>320</width>
						<height>80</height>
						<font>Reg32</font>					
						<textcolor>midgrey</textcolor>  
						<selectedcolor>midgrey</selectedcolor>						
						<label>$INFO[ListItem.ChannelName]</label>
					</control>
				</channellayout>
				<focusedchannellayout height="80" width="500">	<!--Channel left side FOCUS -->
					<animation effect="fade" start="110" time="200">OnFocus</animation>
					<control type="image" id="1">	<!--Button -->
						<posx>65</posx>
						<posy>0</posy>
						<width>430</width>
						<height>80</height>
						<texture>common/button-fo.png</texture>
					</control>
					<control type="label">			<!--Channel Nummber -->
						<posx>15</posx>
						<posy>0</posy>
						<width>80</width>
						<height>80</height>
						<font>Reg40</font>					
						<textcolor>white</textcolor>
						<selectedcolor>white</selectedcolor>			
						<info>ListItem.ChannelNumber</info>
					</control>
					<control type="image">			<!--Channel Icon -->
						<posx>75</posx>
						<posy>10</posy>
						<width>60</width>
						<height>60</height>
						<texture>$INFO[ListItem.Icon]</texture>
					</control>
					<control type="label" id="1">	<!--Channel Name -->
						<posx>160</posx>
						<posy>0</posy>
						<width>320</width>
						<height>80</height>
						<font>Reg32</font>					
						<textcolor>black</textcolor>  
						<selectedcolor>black</selectedcolor>		
						<label>$INFO[ListItem.ChannelName]</label>
					</control>
				</focusedchannellayout>

				<itemlayout height="80" width="60">				<!--EPG UNFOCUS -->
					<control type="image" id="14">	<!--Button NF -->
						<posx>1</posx>
						<posy>0</posy>
						<width>50</width>
						<height>80</height>						
						<texture>common/button-nf.png</texture>
					</control>
					<control type="label" id="1">	<!--Channel Now Playing -->
						<animation effect="slide" start="0" end="40" time="0" reversible="false" condition="ListItem.IsRecording">Conditional</animation>	
						<animation effect="slide" start="0" end="40" time="0" reversible="false" condition="ListItem.HasTimer + !ListItem.IsRecording">Conditional</animation>
						<posx>20</posx>
						<posy>0</posy>						
						<width>0</width>
						<height>80</height>						
						<font>Reg32</font>
						<aligny>center</aligny>
						<textoffsetx>0</textoffsetx>
						<textcolor>midgrey</textcolor>
						<selectedcolor>midgrey</selectedcolor>							
						<label>$INFO[ListItem.Label]</label>	
					</control>
					<control type="image">			<!--Icon PVR Recording -->
						<posx>5</posx>
						<posy>15</posy>
						<width>50</width>
						<height>50</height>
						<texture>pvr/icons/pvr_record.png</texture>
						<visible>ListItem.IsRecording</visible>
					</control>
					<control type="image">			<!--Icon PVR Timer -->
						<posx>5</posx>
						<posy>15</posy>
						<width>50</width>
						<height>50</height>
						<texture>pvr/icons/pvr_timer.png</texture>
						<visible>ListItem.HasTimer + !ListItem.IsRecording</visible>
					</control>
				</itemlayout>
				<focusedlayout height="80" width="60">			<!--EPG FOCUS -->
					<control type="image" id="14">	<!--Button FO -->
						<posx>1</posx>
						<posy>0</posy>
						<width>50</width>
						<height>80</height>						
						<texture>common/button-fo.png</texture>
					</control>
					<control type="fadelabel" id="1"><!--Channel Now Playing -->
						<animation effect="slide" start="0" end="40" time="0" reversible="false" condition="ListItem.IsRecording">Conditional</animation>	
						<animation effect="slide" start="0" end="40" time="0" reversible="false" condition="ListItem.HasTimer + !ListItem.IsRecording">Conditional</animation>	
						<posx>20</posx>
						<posy>0</posy>						
						<width>0</width>
						<height>80</height>
						<font>Reg32</font>
						<aligny>center</aligny>						
						<textcolor>black</textcolor>
						<selectedcolor>black</selectedcolor>	
						<label>$INFO[ListItem.Label]</label>						
					</control>					
					<control type="image">			<!--Icon PVR Recording -->
						<posx>5</posx>
						<posy>15</posy>
						<width>50</width>
						<height>50</height>
						<texture>pvr/icons/pvr_record.png</texture>
						<visible>ListItem.IsRecording</visible>
					</control>					
					<control type="image">			<!--Icon PVR Timer -->
						<posx>5</posx>
						<posy>15</posy>
						<width>50</width>
						<height>50</height>
						<texture>pvr/icons/pvr_timer.png</texture>
						<visible>ListItem.HasTimer + !ListItem.IsRecording</visible>
					</control>			
				</focusedlayout>
			</control>
		</control>
	</include>

	<include name="LiveTVGuideNowNextView">	<!--EPG: LiveTVGuideNowNextView ID=16 -->
		<control type="group">       

			<control type="group">			<!--Panel -->
				<visible>Control.IsVisible(16)</visible>
				<include>animation_view_change_pvr</include>
				<include>animation_list</include>
				<control type="image">			<!--Panel Button -->
					<posx>0</posx>
					<posy>450</posy>
					<width>1907</width>
					<height>633</height>				
					<texture>pvr/pvr_epg_panel.png</texture>					
				</control>			
				<control type="image">			<!--Panel Top -->
					<posx>0</posx>
					<posy>120</posy>
					<width>1907</width>
					<height>341</height>				
					<texture>pvr/pvr_epg_info.png</texture>					
				</control>
			</control>
			<control type="group">			<!--Video Window --> 
				<visible>Control.IsVisible(16)</visible>
				<include>animation_view_change_pvr</include>			
				<include>animation_list</include>
				<posx>80</posx>
				<posy>190</posy>			
				<control type="image">			<!--Background -->				
					<posx>0</posx>
					<posy>0</posy>
					<width>350</width>
					<height>200</height>
					<texture>special://skin/backgrounds/pvr.png</texture>				
					<visible>!Player.HasVideo</visible>
				</control>
				<control type="videowindow">	<!--Video Window -->
					<posx>0</posx>
					<posy>0</posy>
					<width>350</width>
					<height>200</height>
					<visible>Player.HasVideo</visible>
					<animation effect="slide" start="0,0" end="-4500,0" time="0">WindowClose</animation>
				</control>				
			</control>
			<control type="label">			<!--Title -->
				<visible>Control.IsVisible(16)</visible>
				<include>animation_view_change_pvr</include>			
				<include>animation_list</include>				
				<posx>500</posx>
				<posy>190</posy>
				<width>600</width>
				<height>50</height>						
				<font>Bold45</font>
				<textcolor>mainblue</textcolor>
				<label>$INFO[ListItem.Label]</label>
			</control>
			<control type="group">			<!--Start, End, Duration -->
				<visible>Control.IsVisible(16)</visible>			
				<include>animation_view_change_pvr</include>
				<include>animation_list</include>
				<posx>500</posx>
				<posy>245</posy>
				<control type="group">	<!-- Ground 1 -->									
					<posy>0</posy>
					<control type="label">
						<posx>0</posx>
						<posy>0</posy>
						<width>180</width>			
						<textcolor>mainblue</textcolor>			
						<label>$LOCALIZE[142]</label>			
					</control>
					<control type="label">					
						<posx>160</posx>
						<posy>0</posy>
						<width>300</width>	
						<textcolor>midgrey</textcolor>
						<label>$INFO[ListItem.StartTime] - $INFO[ListItem.EndTime]</label>	
					</control>					
				</control>
				<control type="group">	<!-- Ground 2 -->									
					<posy>40</posy>
					<control type="label">
						<posx>0</posx>
						<posy>0</posy>
						<width>180</width>			
						<textcolor>mainblue</textcolor>			
						<label>$LOCALIZE[180]:</label>			
					</control>
					<control type="label">						
						<posx>160</posx>
						<posy>0</posy>
						<width>300</width>	
						<textcolor>midgrey</textcolor>
						<label>$INFO[ListItem.Duration]</label>    		
					</control>					
				</control>
				<control type="group">	<!-- Ground 3 -->									
					<posy>80</posy>
					<control type="label">
						<posx>0</posx>
						<posy>0</posy>
						<width>180</width>							
						<textcolor>mainblue</textcolor>			
						<label>$LOCALIZE[19148]:</label>			
					</control>
					<control type="label">						
						<posx>160</posx>
						<posy>0</posy>
						<width>300</width>	
						<textcolor>midgrey</textcolor>
						<label>$INFO[ListItem.ChannelName]</label>     		
					</control>					
				</control>
			</control>
			<control type="textbox">		<!--Info Plot -->		
				<visible>Control.IsVisible(16)</visible>
				<include>animation_view_change_pvr</include>			
				<include>animation_list</include>
				<posx>1150</posx>
				<posy>190</posy> 
				<width>650</width>
				<height>190</height>						
				<textcolor>midgrey</textcolor>         
				<label fallback="161">$INFO[ListItem.Plot]</label>
				<autoscroll time="2000" delay="8000" repeat="5000">true</autoscroll>
			</control> 

			<control type="group">			<!--Top Bar -->
				<visible>Control.IsVisible(16)</visible>
				<include>animation_view_change_pvr</include>
				<include>animation_list</include>
				<posx>125</posx>
				<posy>445</posy>
				<control type="label">	<!--Time -->					
					<posx>0</posx>
					<posy>30</posy>
					<width>100</width>
					<height>30</height>					
					<font>Bold30Big</font>
					<textoffsetx>0</textoffsetx>
					<textcolor>black</textcolor>    
					<label>555</label>
				</control>
				<control type="label">	<!--Channel -->					
					<posx>150</posx>
					<posy>30</posy>
					<width>300</width>
					<height>30</height>
					<font>Bold30Big</font>
					<textoffsetx>0</textoffsetx>
					<textcolor>black</textcolor>    
					<label>19148</label>
				</control>
				<control type="label">	<!--Title -->
					<posx>625</posx>
					<posy>30</posy>
					<width>300</width>
					<height>30</height>
					<font>Bold30Big</font>
					<textoffsetx>0</textoffsetx>
					<textcolor>black</textcolor>    
					<label>369</label>
				</control>
				<control type="label">	<!--Status -->					
					<posx>1370</posx>
					<posy>30</posy>
					<width>210</width>
					<height>30</height>
					<font>Bold30Big</font>
					<textoffsetx>15</textoffsetx>
					<textcolor>black</textcolor>    
					<label>126</label>
				</control>
			</control>   
			<control type="list" id="16">	<!--List ID=16 -->
				<include>animation_view_change_pvr</include>			
				<include>animation_list</include>
				<posx>125</posx>
				<posy>550</posy>
				<width>1650</width>
				<height>470</height>
				<onup>16</onup>
				<ondown>16</ondown>
				<onleft>9000</onleft>
				<onright>-</onright>
				<pagecontrol>-</pagecontrol>
				<scrolltime>200</scrolltime>
				<itemlayout height="80">
					<control type="label">	<!--Time -->
						<posx>0</posx>
						<posy>0</posy>
						<width>150</width>
						<height>80</height>
						<font>Reg36</font>
						<textcolor>midgrey</textcolor>    
						<info>ListItem.StartTime</info>
					</control>
					<control type="label">	<!--Channel Number -->
						<posx>150</posx>
						<posy>0</posy>
						<width>80</width>
						<height>80</height>
						<font>Reg36</font>
						<textcolor>midgrey</textcolor>    
						<info>ListItem.ChannelNumber</info>
					</control>
					<control type="image">	<!--Icon -->
						<posx>205</posx>
						<posy>17</posy>
						<width>45</width>
						<height>45</height>
						<info>ListItem.Icon</info>
					</control>
					<control type="label">	<!--Channel Name -->
						<posx>305</posx>
						<posy>0</posy>
						<width>400</width>
						<height>80</height>
						<font>Reg32</font>
						<textcolor>midgrey</textcolor>    
						<info>ListItem.ChannelName</info>
					</control>
					<control type="label">	<!--Current Play -->
						<posx>625</posx>
						<posy>0</posy>
						<width>600</width>
						<height>80</height>
						<font>Reg32</font>
						<textcolor>midgrey</textcolor>    
						<info>ListItem.Label</info>
					</control>
					<control type="image">	<!--REC Icon -->
						<posx>1370</posx>
						<posy>8</posy>
						<width>64</width>
						<height>64</height>
						<texture>pvr/icons/pvr_record.png</texture>
						<visible>ListItem.IsRecording</visible>
					</control>
					<control type="label">	<!--REC Label -->
						<posx>1450</posx>
						<posy>0</posy>
						<width>200</width>
						<height>80</height>
						<font>Reg32</font>
						<textcolor>red</textcolor>    
						<label>REC</label>
						<visible>ListItem.IsRecording</visible>
					</control>
					<control type="image">	<!--TIME Icon -->
						<posx>1370</posx>
						<posy>8</posy>
						<width>64</width>
						<height>64</height>
						<texture>pvr/icons/pvr_timer.png</texture>
						<visible>ListItem.HasTimer + !ListItem.IsRecording</visible>
					</control>
					<control type="label">	<!--TIME Label -->
						<posx>1450</posx>
						<posy>0</posy>
						<width>200</width>
						<height>80</height>
						<font>Reg32</font>
						<textcolor>green</textcolor>    
						<label>TIME</label>
						<visible>ListItem.HasTimer</visible>
					</control>
					<control type="image">	<!--Separator -->			
						<posx>15</posx>
						<posy>80</posy>
						<width>1635</width>
						<height>20</height>		
						<fadetime>400</fadetime>
						<colordiffuse>list_separator</colordiffuse>
						<texture>common/separator.png</texture>			
					</control>
				</itemlayout>
				<focusedlayout height="80">
					<control type="image">	<!--Slide -->					
						<posx>110</posx>
						<posy>0</posy>
						<width>1590</width>
						<height>80</height>							
						<texture>common/button-fo.png</texture>       
					</control>    
					<control type="label">	<!--Time -->
						<posx>0</posx>
						<posy>0</posy>
						<width>150</width>
						<height>80</height>
						<font>Reg36</font>
						<textcolor>mainblue</textcolor>    
						<info>ListItem.StartTime</info>
					</control>
					<control type="label">	<!--Channel Number -->
						<posx>150</posx>
						<posy>0</posy>
						<width>80</width>
						<height>80</height>
						<font>Reg36</font>
						<textcolor>black</textcolor>    
						<info>ListItem.ChannelNumber</info>
					</control>
					<control type="image">	<!--Icon -->
						<posx>205</posx>
						<posy>17</posy>
						<width>45</width>
						<height>45</height>
						<info>ListItem.Icon</info>
					</control>				
					<control type="label">	<!--Channel Name -->
						<posx>305</posx>
						<posy>0</posy>
						<width>400</width>
						<height>80</height>
						<font>Reg36</font>
						<textcolor>black</textcolor>    
						<info>ListItem.ChannelName</info>
					</control>
					<control type="label">	<!--Current Play -->
						<posx>625</posx>
						<posy>0</posy>
						<width>600</width>
						<height>80</height>
						<font>Reg32</font>
						<textcolor>black</textcolor>    
						<info>ListItem.Label</info>
					</control>
					<control type="image">	<!--REC Icon -->
						<posx>1370</posx>
						<posy>8</posy>
						<width>64</width>
						<height>64</height>
						<texture>pvr/icons/pvr_record.png</texture>
						<visible>ListItem.IsRecording</visible>
					</control>
					<control type="label">	<!--REC Label -->
						<posx>1450</posx>
						<posy>0</posy>
						<width>200</width>
						<height>80</height>
						<font>Reg32</font>
						<textcolor>red</textcolor>    
						<label>REC</label>
						<visible>ListItem.IsRecording</visible>
					</control>
					<control type="image">	<!--TIME Icon -->
						<posx>1370</posx>
						<posy>8</posy>
						<width>64</width>
						<height>64</height>
						<texture>pvr/icons/pvr_timer.png</texture>
						<visible>ListItem.HasTimer + !ListItem.IsRecording</visible>
					</control>
					<control type="label">	<!--TIME Label -->
						<posx>1450</posx>
						<posy>0</posy>
						<width>200</width>
						<height>80</height>
						<font>Reg32</font>
						<textcolor>green</textcolor>    
						<label>TIME</label>
						<visible>ListItem.HasTimer</visible>
					</control>
					<control type="image">	<!--Separator -->			
						<posx>15</posx>
						<posy>80</posy>
						<width>1635</width>
						<height>20</height>		
						<fadetime>400</fadetime>
						<colordiffuse>list_separator</colordiffuse>
						<texture>common/separator.png</texture>			
					</control>
				</focusedlayout>
			</control>

		</control>
	</include>

	<include name="LiveTVGuideChannelView">	<!--EPG: LiveTVGuideChannelView ID=15 -->
		<control type="group">  

			<control type="group">			<!--Panel -->
				<visible>Control.IsVisible(15)</visible>
				<include>animation_view_change_pvr</include>			
				<include>animation_list</include>
				<control type="image">			<!--Panel Button -->
					<posx>0</posx>
					<posy>450</posy>
					<width>1907</width>
					<height>633</height>				
					<texture>pvr/pvr_epg_panel.png</texture>					
				</control>			
				<control type="image">			<!--Panel Top -->
					<posx>0</posx>
					<posy>120</posy>
					<width>1907</width>
					<height>341</height>				
					<texture>pvr/pvr_epg_info.png</texture>					
				</control>
			</control>
			<control type="group">			<!--Video Window --> 
				<visible>Control.IsVisible(15)</visible>
				<visible>!IsEmpty(ListItem.Label)</visible>
				<include>animation_view_change_pvr</include>			
				<include>animation_list</include>
				<posx>80</posx>
				<posy>190</posy>			
				<control type="image">			<!--Background -->				
					<posx>0</posx>
					<posy>0</posy>
					<width>350</width>
					<height>200</height>
					<texture>special://skin/backgrounds/pvr.png</texture>				
					<visible>!Player.HasVideo</visible>
				</control>
				<control type="videowindow">	<!--Video Window -->
					<posx>0</posx>
					<posy>0</posy>
					<width>350</width>
					<height>200</height>
					<visible>Player.HasVideo</visible>
					<animation effect="slide" start="0,0" end="-4500,0" time="0">WindowClose</animation>
				</control>				
			</control>
			<control type="label">			<!--Title -->				
				<visible>Control.IsVisible(15)</visible>
				<visible>!IsEmpty(ListItem.Label)</visible>
				<include>animation_view_change_pvr</include>			
				<include>animation_list</include>				
				<posx>500</posx>
				<posy>190</posy>
				<width>600</width>
				<height>50</height>						
				<font>Bold45</font>
				<textcolor>mainblue</textcolor>
				<label>$INFO[ListItem.Label]</label>
			</control>
			<control type="label">			<!--No Info -->				
				<visible>Control.IsVisible(15)</visible>
				<visible>IsEmpty(ListItem.Label)</visible>
				<include>animation_view_change_pvr</include>			
				<include>animation_list</include>				
				<posx>0</posx>
				<posy>270</posy>
				<width>1920</width>
				<height>50</height>
				<align>center</align>
				<font>Bold45</font>
				<textcolor>mainblue</textcolor>
				<label>195</label>
			</control>
			<control type="group">			<!--Start, End, Duration -->
				<visible>Control.IsVisible(15)</visible>	
				<visible>!IsEmpty(ListItem.Label)</visible>
				<include>animation_view_change_pvr</include>
				<include>animation_list</include>
				<posx>500</posx>
				<posy>245</posy>
				<control type="group">	<!-- Ground 1 -->									
					<posy>0</posy>
					<control type="label">
						<posx>0</posx>
						<posy>0</posy>
						<width>180</width>			
						<textcolor>mainblue</textcolor>			
						<label>$LOCALIZE[142]</label>			
					</control>
					<control type="label">					
						<posx>160</posx>
						<posy>0</posy>
						<width>300</width>	
						<textcolor>midgrey</textcolor>
						<label>$INFO[ListItem.StartTime] - $INFO[ListItem.EndTime]</label>	
					</control>					
				</control>
				<control type="group">	<!-- Ground 2 -->									
					<posy>40</posy>
					<control type="label">
						<posx>0</posx>
						<posy>0</posy>
						<width>180</width>			
						<textcolor>mainblue</textcolor>			
						<label>$LOCALIZE[180]:</label>			
					</control>
					<control type="label">						
						<posx>160</posx>
						<posy>0</posy>
						<width>300</width>	
						<textcolor>midgrey</textcolor>
						<label>$INFO[ListItem.Duration]</label>    		
					</control>					
				</control>
				<control type="group">	<!-- Ground 3 -->									
					<posy>80</posy>
					<control type="label">
						<posx>0</posx>
						<posy>0</posy>
						<width>180</width>							
						<textcolor>mainblue</textcolor>			
						<label>$LOCALIZE[19148]:</label>			
					</control>
					<control type="label">						
						<posx>160</posx>
						<posy>0</posy>
						<width>300</width>	
						<textcolor>midgrey</textcolor>
						<label>$INFO[ListItem.ChannelName]</label>    		
					</control>					
				</control>
			</control>
			<control type="textbox">		<!--Info Plot -->	
				<visible>Control.IsVisible(15)</visible>
				<visible>!IsEmpty(ListItem.Label)</visible>
				<include>animation_view_change_pvr</include>			
				<include>animation_list</include>
				<posx>1150</posx>
				<posy>190</posy> 
				<width>650</width>
				<height>190</height>						
				<textcolor>midgrey</textcolor>         
				<label fallback="161">$INFO[ListItem.Plot]</label>
				<autoscroll time="2000" delay="8000" repeat="5000">true</autoscroll>
			</control> 		

			<control type="group">			<!--Top Bar -->
				<visible>Control.IsVisible(15)</visible>
				<include>animation_view_change_pvr</include>			
				<include>animation_list</include>
				<posx>125</posx>
				<posy>445</posy>
				<control type="label">	<!--Time -->					
					<posx>30</posx>
					<posy>30</posy>
					<width>100</width>
					<height>30</height>					
					<font>Bold30Big</font>
					<textoffsetx>0</textoffsetx>
					<textcolor>black</textcolor>    
					<label>555</label>
				</control>
				<control type="label">	<!--Channel Name -->					
					<posx>400</posx>
					<posy>30</posy>
					<width>300</width>
					<height>30</height>
					<font>Bold30Big</font>
					<textoffsetx>0</textoffsetx>
					<textcolor>black</textcolor>    
					<label>19148</label>
				</control>
				<control type="label">	<!--Channle Title -->
					<posx>750</posx>
					<posy>30</posy>
					<width>300</width>
					<height>30</height>
					<font>Bold30Big</font>
					<textoffsetx>0</textoffsetx>
					<textcolor>black</textcolor>    
					<label>369</label>
				</control>
				<control type="label">	<!--Status -->					
					<posx>1370</posx>
					<posy>30</posy>
					<width>210</width>
					<height>30</height>
					<font>Bold30Big</font>
					<textoffsetx>15</textoffsetx>
					<textcolor>black</textcolor>    
					<label>126</label>
				</control>
			</control>  
			<control type="list" id="15">	<!--List ID=15 -->
				<include>animation_view_change_pvr</include>			
				<include>animation_list</include>
				<posx>125</posx>
				<posy>550</posy>
				<width>1650</width>
				<height>470</height>
				<onup>15</onup>
				<ondown>15</ondown>
				<onleft>9000</onleft>
				<onright>-</onright>
				<pagecontrol>-</pagecontrol>
				<scrolltime>200</scrolltime>				
				<itemlayout height="80">
					<control type="label">	<!--Date -->
						<posx>30</posx>
						<posy>0</posy>
						<width>400</width>
						<height>80</height>
						<font>Reg32</font>
						<textcolor>mainblue</textcolor>  
						<info>ListItem.Date</info>
					</control>
					<control type="label">	<!--Channel Name -->	
						<description>Channel Value</description>
						<posx>400</posx>
						<posy>0</posy>
						<width>400</width>
						<height>80</height>					
						<font>Reg32</font>
						<textcolor>midgrey</textcolor>    
						<label>$INFO[ListItem.ChannelName]</label>
					</control>					
					<control type="label">	<!--Channel Show -->						
						<posx>750</posx>
						<posy>0</posy>
						<width>600</width>
						<height>80</height>
						<font>Reg32</font>
						<textcolor>midgrey</textcolor>    
						<info>ListItem.Label</info>
					</control>		
					<control type="image">	<!--REC Icon -->
						<posx>1370</posx>
						<posy>8</posy>
						<width>64</width>
						<height>64</height>
						<texture>pvr/icons/pvr_record.png</texture>
						<visible>ListItem.IsRecording</visible>
					</control>
					<control type="label">	<!--REC Label -->
						<posx>1450</posx>
						<posy>0</posy>
						<width>200</width>
						<height>80</height>
						<font>Reg32</font>
						<textcolor>red</textcolor>    
						<label>REC</label>
						<visible>ListItem.IsRecording</visible>
					</control>
					<control type="image">	<!--TIME Icon -->
						<posx>1370</posx>
						<posy>8</posy>
						<width>64</width>
						<height>64</height>
						<texture>pvr/icons/pvr_timer.png</texture>
						<visible>ListItem.HasTimer + !ListItem.IsRecording</visible>
					</control>
					<control type="label">	<!--TIME Label -->
						<posx>1450</posx>
						<posy>0</posy>
						<width>200</width>
						<height>80</height>
						<font>Reg32</font>
						<textcolor>green</textcolor>    
						<label>TIME</label>
						<visible>ListItem.HasTimer</visible>
					</control>
					<control type="image">	<!--Separator -->			
						<posx>0</posx>
						<posy>80</posy>
						<width>1650</width>
						<height>20</height>		
						<fadetime>400</fadetime>
						<colordiffuse>list_separator</colordiffuse>
						<texture>common/separator.png</texture>			
					</control>
				</itemlayout>
				<focusedlayout height="80">
					<control type="image">	<!--Slide -->					
						<posx>0</posx>
						<posy>0</posy>
						<width>1650</width>
						<height>80</height>							
						<texture>common/button-fo.png</texture>       
					</control>     
					<control type="label">	<!--Date -->
						<posx>30</posx>
						<posy>0</posy>
						<width>400</width>
						<height>80</height>
						<font>Reg32</font>
						<textcolor>black</textcolor>  
						<info>ListItem.Date</info>
					</control>
					<control type="label">	<!--Channel Name -->							
						<posx>400</posx>
						<posy>0</posy>
						<width>400</width>
						<height>80</height>					
						<font>Reg32</font>
						<textcolor>black</textcolor>    
						<label>$INFO[ListItem.ChannelName]</label>
					</control>					
					<control type="label">	<!--Channel Show -->						
						<posx>750</posx>
						<posy>0</posy>
						<width>600</width>
						<height>80</height>
						<font>Reg32</font>
						<textcolor>black</textcolor>    
						<info>ListItem.Label</info>
					</control>					
					<control type="image">	<!--REC Icon -->
						<posx>1370</posx>
						<posy>8</posy>
						<width>64</width>
						<height>64</height>
						<texture>pvr/icons/pvr_record.png</texture>
						<visible>ListItem.IsRecording</visible>
					</control>
					<control type="label">	<!--REC Label -->
						<posx>1450</posx>
						<posy>0</posy>
						<width>200</width>
						<height>80</height>
						<font>Reg32</font>
						<textcolor>red</textcolor>    
						<label>REC</label>
						<visible>ListItem.IsRecording</visible>
					</control>
					<control type="image">	<!--TIME Icon -->
						<posx>1370</posx>
						<posy>8</posy>
						<width>64</width>
						<height>64</height>
						<texture>pvr/icons/pvr_timer.png</texture>
						<visible>ListItem.HasTimer + !ListItem.IsRecording</visible>
					</control>
					<control type="label">	<!--TIME Label -->
						<posx>1450</posx>
						<posy>0</posy>
						<width>200</width>
						<height>80</height>
						<font>Reg32</font>
						<textcolor>green</textcolor>    
						<label>TIME</label>
						<visible>ListItem.HasTimer</visible>
					</control>
					<control type="image">	<!--Separator -->			
						<posx>0</posx>
						<posy>80</posy>
						<width>1650</width>
						<height>20</height>		
						<fadetime>400</fadetime>
						<colordiffuse>list_separator</colordiffuse>
						<texture>common/separator.png</texture>			
					</control>				
				</focusedlayout>
			</control>

		</control>
	</include>

	<include name="LiveRadioChannelView">	<!--LiveRadioChannelView ID=12 -->
		<control type="group">  

			<control type="image">			<!--Panel -->
				<visible>Control.IsVisible(12)</visible> 
				<include>animation_view_change_pvr</include>
				<include>animation_list</include>					
				<posx>10</posx>
				<posy>220</posy>
				<width>1903</width>
				<height>790</height>				
				<texture>views/view_50_list_panel_episodes.png</texture>				
			</control>
			<control type="group">			<!--Video Window --> 
				<visible>Control.IsVisible(12)</visible> 
				<include>animation_view_change_pvr</include>
				<include>animation_list</include>					
				<posx>105</posx>
				<posy>320</posy>			
				<control type="image">			<!--Background -->				
					<width>300</width>
					<height>168</height><!--1,78 -->					
					<texture>special://skin/backgrounds/pvr.png</texture>				
					<visible>!Player.HasVideo</visible>
				</control>
				<control type="videowindow">	<!--Video Window -->					
					<width>300</width>
					<height>168</height><!--1,78 -->	
					<visible>Player.HasVideo</visible>
					<animation effect="slide" start="0,0" end="-4500,0" time="0">WindowClose</animation>
				</control>				
			</control>
			<control type="group">			<!--Start, End, Next -->
				<visible>Control.IsVisible(12)</visible>			
				<include>animation_view_change_pvr</include>
				<include>animation_list</include>
				<posx>440</posx>
				<posy>330</posy>
				<control type="group">	<!-- Ground 1 -->									
					<posy>0</posy>
					<control type="label">
						<posx>0</posx>
						<posy>0</posy>
						<width>180</width>			
						<textcolor>mainblue</textcolor>			
						<label>$LOCALIZE[19030] :</label>			
					</control>
					<control type="fadelabel">					
						<posx>145</posx>
						<posy>0</posy>
						<width>300</width>	
						<textcolor>midgrey</textcolor>
						<label>$INFO[Container(12).ListItem.Title]</label>	     		
					</control>					
				</control>
				<control type="group">	<!-- Ground 2 -->									
					<posy>40</posy>
					<control type="label">
						<posx>0</posx>
						<posy>0</posy>
						<width>180</width>			
						<textcolor>mainblue</textcolor>			
						<label>$LOCALIZE[19126] :</label>			
					</control>
					<control type="label">						
						<posx>145</posx>
						<posy>0</posy>
						<width>300</width>	
						<textcolor>midgrey</textcolor>
						<label>$INFO[Container(12).ListItem.StartTime]</label>	     		
					</control>					
				</control>
				<control type="group">	<!-- Ground 3 -->									
					<posy>80</posy>
					<control type="label">
						<posx>0</posx>
						<posy>0</posy>
						<width>180</width>							
						<textcolor>mainblue</textcolor>			
						<label>$LOCALIZE[19127] :</label>			
					</control>
					<control type="label">						
						<posx>145</posx>
						<posy>0</posy>
						<width>300</width>	
						<textcolor>midgrey</textcolor>
						<label>$INFO[Container(12).ListItem.EndTime]</label>	     		
					</control>					
				</control>
			</control>
			<control type="group">			<!--Infos -->
				<visible>Control.IsVisible(12)</visible> 
				<include>animation_view_change_pvr</include>
				<include>animation_list</include>				
				<control type="textbox">		<!--Info Plot -->					
					<posx>120</posx>
					<posy>560</posy>	
					<width>830</width>
					<height>190</height>
					<font>Light32</font>				
					<textcolor>midgrey</textcolor>	
					<shadowcolor></shadowcolor> 
					<autoscroll>false</autoscroll>
					<label>$INFO[ListItem.Plot]</label>	
				</control> 	
				<control type="label">			<!--Next Start Dat -->
					<posx>120</posx>
					<posy>810</posy>
					<width>800</width>
					<font>Bold30Big</font>
					<textcolor>ccmainblue</textcolor>
					<label>$INFO[Container(12).ListItem.NextStartDate]</label>	                       
					<scroll>false</scroll>
				</control>			
				<control type="label">			<!--Next Title -->
					<posx>120</posx>
					<posy>845</posy>
					<width>800</width>
					<font>Light28</font>
					<textcolor>mainblue</textcolor>
					<label>$LOCALIZE[19031] : $INFO[Container(12).ListItem.NextTitle] $INFO[Container(12).ListItem.NextStartTime] - $INFO[Container(12).ListItem.NextEndTime]</label>	                       
					<scroll>false</scroll>
				</control>
			</control>

			<control type="list" id="12">	<!--List ID=12 -->	
				<include>animation_view_change_pvr</include>
				<include>animation_list</include>	
				<posx>0</posx>
				<posy>320</posy>
				<width>1920</width>
				<height>570</height>
				<onleft>9000</onleft>
				<onright>71</onright>
				<onup>11</onup>
				<ondown>11</ondown>
				<viewtype label="535">list</viewtype>
				<pagecontrol>71</pagecontrol>
				<scrolltime>200</scrolltime>

				<!-- =========== -->
				<!-- x=980 w=765 -->
				<!-- =========== -->
				<itemlayout height="60" width="980">
					<control type="label">		<!--Channel Number -->					
						<posx>1030</posx>
						<posy>5</posy>
						<width>50</width>
						<height>50</height>
						<font>Reg40</font>
						<textcolor>midgrey</textcolor>
						<selectedcolor>mainblue</selectedcolor>
						<align>left</align>					
						<info>ListItem.ChannelNumber</info>
					</control>
					<control type="image">		<!--Rec -->
						<posx>1185</posx>
						<posy>23</posy>
						<width>55</width>
						<height>55</height>
						<texture>pvr/icons/pvr_record.png</texture>
						<visible>ListItem.IsRecording</visible>
					</control>
					<control type="image">		<!--Now Playing Icon -->					
						<posx>1185</posx>
						<posy>0</posy>
						<width>55</width>
						<height>55</height>
						<fadetime>600</fadetime>
						<texture>pvr/icons/pvr_play.png</texture>
						<visible>ListItem.Isplaying</visible>
					</control>
					<control type="image">		<!--Chanel Icon -->					
						<posx>1100</posx>
						<posy>5</posy>
						<width>48</width>
						<height>48</height>
						<texture>$INFO[ListItem.Icon]</texture>
					</control>				
					<control type="label">		<!--Channel Name -->					
						<animation effect="slide" start="0" end="50" time="0" reversible="false" condition="ListItem.Isplaying">Conditional</animation>
						<posx>1200</posx>						
						<width>545</width>
						<height>55</height>
						<font>Reg32</font>
						<textcolor>midgrey</textcolor>
						<selectedcolor>midgrey</selectedcolor>
						<align>left</align>
						<aligny>center</aligny>
						<label>$INFO[ListItem.Label]</label>					
					</control>	
					<control type="image">		<!--Separator -->			
						<posx>1020</posx>
						<posy>56</posy>
						<width>785</width>
						<height>20</height>		
						<fadetime>400</fadetime>
						<colordiffuse>list_separator</colordiffuse>
						<texture>common/separator.png</texture>			
					</control>
				</itemlayout>
				<focusedlayout height="90" width="980">
					<control type="image">		<!--Slider -->					
						<posx>980</posx>
						<posy>0</posy>
						<width>825</width>
						<height>86</height>	
						<colordiffuse>88ffffff</colordiffuse>	
						<texture>views/view_50_slider_big.png</texture>
					</control>
					<control type="label">		<!--Channel Number -->					
						<posx>1030</posx>
						<posy>5</posy>
						<width>80</width>
						<height>80</height>
						<font>Reg40</font>
						<textcolor>mainblue</textcolor>
						<selectedcolor>mainblue</selectedcolor>
						<info>ListItem.ChannelNumber</info>
					</control>
					<control type="image">		<!--Rec -->
						<posx>1185</posx>
						<posy>23</posy>
						<width>55</width>
						<height>55</height>
						<texture>pvr/icons/pvr_record.png</texture>
						<visible>ListItem.IsRecording</visible>
					</control>
					<control type="image">		<!--Now Playing Icon -->			
						<posx>1185</posx>
						<posy>0</posy>
						<width>55</width>
						<height>55</height>
						<fadetime>600</fadetime>
						<texture>pvr/icons/pvr_play.png</texture>
						<visible>ListItem.Isplaying</visible>
					</control>
					<control type="image">		<!--Chanel Icon -->				
						<posx>1085</posx>
						<posy>5</posy>
						<width>78</width>
						<height>78</height>
						<texture>$INFO[ListItem.Icon]</texture>
					</control>				
					<control type="label">		<!--Channel Name -->				
						<animation effect="slide" start="0" end="50" time="0" reversible="false" condition="ListItem.Isplaying">Conditional</animation>
						<posx>1200</posx>						
						<width>545</width>
						<height>55</height>
						<font>Reg36</font>	
						<textcolor>mainblue</textcolor>
						<selectedcolor>mainblue</selectedcolor>						
						<label>$INFO[ListItem.Label]</label>
					</control>
					<control type="label">		<!--Channel Now Playing -->					
						<posx>1200</posx>
						<posy>50</posy>
						<width>545</width>
						<height>33</height>
						<font>Light28</font>	
						<textcolor>midgrey</textcolor>
						<selectedcolor>midgrey</selectedcolor>						
						<label>$INFO[ListItem.Title]</label>
					</control>
					<control type="image">		<!--Separator -->			
						<posx>1020</posx>
						<posy>86</posy>
						<width>785</width>
						<height>20</height>		
						<fadetime>400</fadetime>
						<colordiffuse>list_separator</colordiffuse>
						<texture>common/separator.png</texture>			
					</control>	
				</focusedlayout>
			</control>		

			<control type="group">			<!--Process -->	
				<visible>Control.IsVisible(12)</visible>				
				<include>animation_view_change_pvr</include>			
				<include>animation_list</include>
				<posy>955</posy>
				<control type="label">			<!--Start -->				
					<posx>130</posx>
					<posy>0</posy>
					<width>400</width>	
					<font>Bold30Big</font>			
					<textcolor>black</textcolor>
					<label>$INFO[Container(12).ListItem.StartTime]</label>	     		
				</control>
				<control type="progress">		<!--Progress Bar -->								
					<posx>230</posx>
					<posy>20</posy>
					<width>150</width>	
					<texturebg border="6">pvr/ProgressBackBlack.png</texturebg>
					<midtexture border="6">pvr/ProgressMidBlack.png</midtexture>
					<info>Container(12).ListItem.Progress</info>
				</control>
				<control type="label">			<!--End -->		
					<posx>395</posx>
					<posy>0</posy>
					<width>400</width>	
					<font>Bold30Big</font>			
					<textcolor>black</textcolor>
					<label>$INFO[Container(12).ListItem.EndTime]</label>	     		
				</control>
			</control>
			<control type="group">			<!--Title -->	
				<visible>Control.IsVisible(12)</visible>	
				<include>animation_view_change_pvr</include>			
				<include>animation_list</include>
				<posy>955</posy>					
				<control type="label"><!--Others -->					
					<posx>560</posx>
					<posy>0</posy> 		
					<width>800</width>
					<align>center</align>
					<font>Bold34Big</font>			
					<textcolor>black</textcolor>
					<label>$INFO[ListItem.Label]</label>	
				</control>				
			</control>
			<control type="group">			<!--Page Control -->	
				<visible>Control.IsVisible(12)</visible>	
				<visible>![Window.IsActive(DialogVideoInfo.xml) + !substring(ListItem.Path,plugin)]</visible>
				<include>animation_view_change_pvr</include>			
				<include>animation_list</include>
				<posy>955</posy>					
				<control type="label">					
					<posx>1780</posx>
					<posy>0</posy> 		
					<width>400</width>
					<align>right</align>
					<font>Bold30Big</font>			
					<textcolor>black</textcolor>
					<label>$INFO[Container.CurrentPage]/$INFO[Container.NumPages]</label>
				</control>			
			</control>	
			<control type="group">			<!--Scrollbar -->		
				<visible>IntegerGreaterThan(Container(12).NumItems,30)</visible>
				<include>animation_view_change_pvr</include>
				<include>animation_list</include>		
				<control type="scrollbar" id="71">	<!--Scrollbar ID71 -->	
					<visible>IntegerGreaterThan(Container(12).NumItems,30)</visible>	
					<posx>1835</posx>
					<posy>320</posy>
					<height>570</height>			
					<onleft>12</onleft>
					<onright>12</onright>
					<visible allowhiddenfocus="true">Control.HasFocus(71) | Container(12).Scrolling</visible>
					<animation effect="fade" start="0" end="100" time="400" condition="Control.HasFocus(71) | Container(12).Scrolling">Conditional</animation>
				</control>	
				<control type="image">				<!--Scrolling Letter Background -->
					<visible>Container(12).Scrolling</visible>	
					<posx>1450</posx>
					<posy>555</posy>
					<width>100</width>
					<height>100</height>			
					<texture>common/scrollbar-letter.png</texture>
					<animation effect="fade" start="0" end="100" time="400" delay="30">Visible</animation>				
					<animation effect="fade" start="100" end="0" time="400" delay="150">Hidden</animation>		
				</control>
				<control type="label">				<!--Scrolling Letter -->
					<visible>Container(12).Scrolling</visible>	
					<posx>1450</posx>
					<posy>555</posy>
					<width>100</width>
					<height>100</height>
					<align>center</align>
					<aligny>center</aligny>
					<font>Bold45</font>				
					<textcolor>mainblue</textcolor>									
					<label>$INFO[ListItem.SortLetter]</label>
					<animation effect="fade" start="0" end="100" time="400" delay="30">Visible</animation>				
					<animation effect="fade" start="100" end="0" time="400" delay="150">Hidden</animation>		
				</control>	
			</control>	
		</control>
	</include>

	<include name="LiveTVRecordingsView">	<!--LiveTVRecordingsView ID=13 -->
		<control type="group">           
			<control type="image">			<!--Panel -->
				<visible>Control.IsVisible(13)</visible> 
				<include>animation_view_change_pvr</include>
				<include>animation_list</include>					
				<posx>10</posx>
				<posy>220</posy>
				<width>1903</width>
				<height>790</height>				
				<texture>views/view_50_list_panel_episodes.png</texture>				
			</control>
			<control type="group">			<!--Video Window --> 
				<visible>Control.IsVisible(13)</visible> 
				<visible>!IsEmpty(ListItem.StartDate)</visible>
				<include>animation_view_change_pvr</include>
				<include>animation_list</include>					
				<posx>105</posx>
				<posy>320</posy>			
				<control type="image">			<!--Background -->				
					<width>300</width>
					<height>168</height><!--1,78 -->					
					<texture>special://skin/backgrounds/pvr.png</texture>				
					<visible>!Player.HasVideo</visible>
				</control>
				<control type="videowindow">	<!--Video Window -->					
					<width>300</width>
					<height>168</height><!--1,78 -->	
					<visible>Player.HasVideo</visible>
					<animation effect="slide" start="0,0" end="-4500,0" time="0">WindowClose</animation>
				</control>				
			</control>
			<control type="group">			<!--Start, End, Next -->
				<visible>Control.IsVisible(13)</visible>	
				<visible>!IsEmpty(ListItem.StartDate)</visible>
				<include>animation_view_change_pvr</include>
				<include>animation_list</include>
				<posx>450</posx>
				<posy>330</posy>
				<control type="group">	<!-- Ground 1 -->									
					<posy>0</posy>
					<control type="label">
						<posx>0</posx>
						<posy>0</posy>
						<width>180</width>			
						<textcolor>mainblue</textcolor>			
						<label>$LOCALIZE[551] :</label>			
					</control>
					<control type="fadelabel">					
						<posx>130</posx>
						<posy>0</posy>
						<width>300</width>	
						<textcolor>midgrey</textcolor>
						<label>$INFO[Container(13).ListItem.Title]</label>	     		
					</control>					
				</control>
				<control type="group">	<!-- Ground 2 -->									
					<posy>50</posy>
					<control type="label">
						<posx>0</posx>
						<posy>0</posy>
						<width>180</width>							
						<textcolor>mainblue</textcolor>			
						<label>$LOCALIZE[19029] :</label>			
					</control>
					<control type="label">						
						<posx>130</posx>
						<posy>0</posy>
						<width>300</width>	
						<textcolor>midgrey</textcolor>
						<label>$INFO[Container(13).ListItem.ChannelName]</label>	     		
					</control>				
				</control>
			</control>
			<control type="group">			<!--Infos -->
				<visible>Control.IsVisible(13)</visible> 
				<include>animation_view_change_pvr</include>
				<include>animation_list</include>					
				<control type="textbox">		<!--Info Plot -->					
					<posx>120</posx>
					<posy>560</posy>	
					<width>830</width>
					<height>190</height>
					<font>Light32</font>				
					<textcolor>midgrey</textcolor>	
					<shadowcolor></shadowcolor> 
					<autoscroll>false</autoscroll>
					<label>$INFO[ListItem.Plot]</label>	
				</control> 	
				<control type="label">			<!--Next Start Dat -->
					<posx>120</posx>
					<posy>810</posy>
					<width>800</width>
					<font>Bold30Big</font>
					<textcolor>ccmainblue</textcolor>
					<label>$INFO[Container(13).ListItem.StartDate]</label>	                       
					<scroll>false</scroll>
				</control>			
				<control type="label">			<!--Next Title -->
					<posx>120</posx>
					<posy>845</posy>
					<width>800</width>
					<font>Light28</font>
					<textcolor>mainblue</textcolor>
					<label>$INFO[ListItem.StartTime]$INFO[ListItem.Duration, / ,]</label>	                       
					<scroll>false</scroll>
				</control>
			</control>

			<control type="list" id="13">	<!--List ID=13 -->	
				<include>animation_view_change_pvr</include>
				<include>animation_list</include>	
				<posx>0</posx>
				<posy>320</posy>
				<width>1920</width>
				<height>570</height>
				<onleft>9000</onleft>
				<onright>70</onright>
				<onup>11</onup>
				<ondown>11</ondown>
				<viewtype label="535">list</viewtype>
				<pagecontrol>70</pagecontrol>
				<scrolltime>200</scrolltime>

				<!-- =========== -->
				<!-- x=980 w=765 -->
				<!-- =========== -->
				<itemlayout height="60" width="980">					
					<control type="label">		<!--Recording Name -->						
						<posx>1050</posx>						
						<width>715</width>
						<height>55</height>
						<font>Reg32</font>
						<textcolor>midgrey</textcolor>
						<selectedcolor>midgrey</selectedcolor>
						<align>left</align>
						<aligny>center</aligny>
						<label>$INFO[ListItem.Label]</label>				
					</control>	
					<control type="image">		<!--Separator -->			
						<posx>1020</posx>
						<posy>56</posy>
						<width>785</width>
						<height>20</height>		
						<fadetime>400</fadetime>
						<colordiffuse>list_separator</colordiffuse>
						<texture>common/separator.png</texture>			
					</control>
				</itemlayout>
				<focusedlayout height="90" width="980">		
					<control type="group">
						<visible>!IsEmpty(ListItem.StartDate)</visible>
						<control type="image">		<!--Slider -->							
							<posx>980</posx>
							<posy>0</posy>
							<width>825</width>
							<height>86</height>	
							<colordiffuse>88ffffff</colordiffuse>	
							<texture>views/view_50_slider_big.png</texture>
						</control>
						<control type="label">		<!--Start: Date, Time, Duration -->							
							<posx>1050</posx>
							<posy>50</posy>
							<width>715</width>
							<height>33</height>
							<font>Light28</font>
							<textcolor>midgrey</textcolor>
							<selectedcolor>mainblue</selectedcolor>
							<align>left</align>					
							<label>$INFO[ListItem.StartDate] - $INFO[ListItem.StartTime]$INFO[ListItem.Duration, / ,]</label>
						</control>						
						<control type="label">		<!--Recording Name -->						
							<posx>1050</posx>						
							<width>715</width>
							<height>55</height>
							<font>Reg36</font>
							<textcolor>mainblue</textcolor>
							<selectedcolor>mainblue</selectedcolor>
							<align>left</align>
							<aligny>center</aligny>
							<label>$INFO[ListItem.Label]</label>				
						</control>	
						<control type="image">		<!--Separator -->			
							<posx>1020</posx>
							<posy>86</posy>
							<width>785</width>
							<height>20</height>		
							<fadetime>400</fadetime>
							<colordiffuse>list_separator</colordiffuse>
							<texture>common/separator.png</texture>			
						</control>						
					</control>	
				</focusedlayout>
			</control>		

			<control type="group">			<!-- Title -->	
				<visible>Control.IsVisible(13)</visible>	
				<include>animation_view_change_pvr</include>			
				<include>animation_list</include>
				<posy>955</posy>					
				<control type="label"><!--Others -->
					<visible>!IsEmpty(ListItem.StartDate)</visible>			
					<posx>560</posx>
					<posy>0</posy> 		
					<width>800</width>
					<align>center</align>
					<font>Bold34Big</font>			
					<textcolor>black</textcolor>
					<label>$INFO[ListItem.Label]</label>	
				</control>	
				<control type="label"><!--No Recordings -->	
					<visible>IsEmpty(ListItem.StartDate)</visible>			
					<posx>560</posx>
					<posy>0</posy> 		
					<width>800</width>
					<align>center</align>
					<font>Bold34Big</font>			
					<textcolor>black</textcolor>
					<label>$LOCALIZE[231] $LOCALIZE[19163]</label>	
				</control>		
			</control>
			<control type="group">			<!-- Page Control -->	
				<visible>Control.IsVisible(13)</visible>	
				<visible>![Window.IsActive(DialogVideoInfo.xml) + !substring(ListItem.Path,plugin)]</visible>
				<include>animation_view_change_pvr</include>			
				<include>animation_list</include>
				<posy>955</posy>					
				<control type="label">					
					<posx>1780</posx>
					<posy>0</posy> 		
					<width>400</width>
					<align>right</align>
					<font>Bold30Big</font>			
					<textcolor>black</textcolor>
					<label>$INFO[Container.CurrentPage]/$INFO[Container.NumPages]</label>
				</control>			
			</control>
		</control>
	</include>

	<include name="LiveTVTimersView">		<!--LiveTVTimersView ID=14 -->
		<control type="group">
			<include>animation_fade_visible_hidden</include>
			<include>animation_list</include>			

			<control type="group">			<!--Panel -->
				<visible>Control.IsVisible(14)</visible>
				<include>animation_view_change_pvr</include>			
				<include>animation_list</include>
				<control type="image">			<!--Panel Button -->
					<posx>0</posx>
					<posy>450</posy>
					<width>1907</width>
					<height>633</height>				
					<texture>pvr/pvr_epg_panel.png</texture>					
				</control>			
				<control type="image">			<!--Panel Top -->
					<posx>0</posx>
					<posy>120</posy>
					<width>1907</width>
					<height>341</height>				
					<texture>pvr/pvr_epg_info.png</texture>					
				</control>
			</control>
			<control type="group">			<!--Video Window --> 
				<visible>Control.IsVisible(14)</visible>
				<visible>!IsEmpty(ListItem.Date)</visible>
				<include>animation_view_change_pvr</include>			
				<include>animation_list</include>
				<posx>80</posx>
				<posy>190</posy>			
				<control type="image">			<!--Background -->				
					<posx>0</posx>
					<posy>0</posy>
					<width>350</width>
					<height>200</height>
					<texture>special://skin/backgrounds/pvr.png</texture>				
					<visible>!Player.HasVideo</visible>
				</control>
				<control type="videowindow">	<!--Video Window -->
					<posx>0</posx>
					<posy>0</posy>
					<width>350</width>
					<height>200</height>
					<visible>Player.HasVideo</visible>
					<animation effect="slide" start="0,0" end="-4500,0" time="0">WindowClose</animation>
				</control>				
			</control>
			<control type="label">			<!--Title -->				
				<visible>Control.IsVisible(14)</visible>
				<visible>!IsEmpty(ListItem.Date)</visible>
				<include>animation_view_change_pvr</include>			
				<include>animation_list</include>				
				<posx>500</posx>
				<posy>190</posy>
				<width>600</width>
				<height>50</height>						
				<font>Bold45</font>
				<textcolor>mainblue</textcolor>
				<label>$INFO[ListItem.Label]</label>
			</control>
			<control type="label">			<!--No Info -->				
				<visible>Control.IsVisible(14)</visible>
				<visible>IsEmpty(ListItem.Date)</visible>
				<include>animation_view_change_pvr</include>			
				<include>animation_list</include>				
				<posx>0</posx>
				<posy>270</posy>
				<width>1920</width>
				<height>50</height>
				<align>center</align>
				<font>Bold45</font>
				<textcolor>mainblue</textcolor>
				<label>195</label>
			</control>
			<control type="group">			<!--Start, End, Duration -->
				<visible>Control.IsVisible(14)</visible>	
				<visible>!IsEmpty(ListItem.Date)</visible>
				<include>animation_view_change_pvr</include>
				<include>animation_list</include>
				<posx>500</posx>
				<posy>245</posy>
				<control type="group">	<!-- Ground 1 -->									
					<posy>0</posy>
					<control type="label">
						<posx>0</posx>
						<posy>0</posy>
						<width>180</width>			
						<textcolor>mainblue</textcolor>			
						<label>$LOCALIZE[142]</label>			
					</control>
					<control type="label">					
						<posx>160</posx>
						<posy>0</posy>
						<width>300</width>	
						<textcolor>midgrey</textcolor>
						<label>$INFO[ListItem.StartTime] - $INFO[ListItem.EndTime]</label>	
					</control>					
				</control>
				<control type="group">	<!-- Ground 2 -->									
					<posy>40</posy>
					<control type="label">
						<posx>0</posx>
						<posy>0</posy>
						<width>180</width>			
						<textcolor>mainblue</textcolor>			
						<label>$LOCALIZE[180]:</label>			
					</control>
					<control type="label">						
						<posx>160</posx>
						<posy>0</posy>
						<width>300</width>	
						<textcolor>midgrey</textcolor>
						<label>$INFO[ListItem.Duration]</label>    		
					</control>					
				</control>
				<control type="group">	<!-- Ground 3 -->									
					<posy>80</posy>
					<control type="label">
						<posx>0</posx>
						<posy>0</posy>
						<width>180</width>							
						<textcolor>mainblue</textcolor>			
						<label>$LOCALIZE[19148]:</label>			
					</control>
					<control type="label">						
						<posx>160</posx>
						<posy>0</posy>
						<width>300</width>	
						<textcolor>midgrey</textcolor>
						<label>$INFO[ListItem.ChannelName]</label>    		
					</control>					
				</control>
			</control>
			<control type="textbox">		<!--Info Plot -->	
				<visible>Control.IsVisible(14)</visible>
				<visible>!IsEmpty(ListItem.Date)</visible>
				<include>animation_view_change_pvr</include>			
				<include>animation_list</include>
				<posx>1150</posx>
				<posy>190</posy> 
				<width>650</width>
				<height>190</height>						
				<textcolor>midgrey</textcolor>         
				<label fallback="161">$INFO[ListItem.Plot]</label>
				<autoscroll time="2000" delay="8000" repeat="5000">true</autoscroll>
			</control> 	


			<control type="group">			<!--Top Bar -->
				<visible>Control.IsVisible(14)</visible>
				<include>animation_view_change_pvr</include>			
				<include>animation_list</include>
				<posx>125</posx>
				<posy>445</posy>
				<control type="label">	<!--Time -->					
					<posx>30</posx>
					<posy>30</posy>
					<width>100</width>
					<height>30</height>					
					<font>Bold30Big</font>
					<textoffsetx>0</textoffsetx>
					<textcolor>black</textcolor>    
					<label>555</label>
				</control>
				<control type="label">	<!--Channel Name -->					
					<posx>400</posx>
					<posy>30</posy>
					<width>300</width>
					<height>30</height>
					<font>Bold30Big</font>
					<textoffsetx>0</textoffsetx>
					<textcolor>black</textcolor>    
					<label>19148</label>
				</control>
				<control type="label">	<!--Channle Title -->
					<posx>750</posx>
					<posy>30</posy>
					<width>300</width>
					<height>30</height>
					<font>Bold30Big</font>
					<textoffsetx>0</textoffsetx>
					<textcolor>black</textcolor>    
					<label>369</label>
				</control>
				<control type="label">	<!--Status -->					
					<posx>1370</posx>
					<posy>30</posy>
					<width>210</width>
					<height>30</height>
					<font>Bold30Big</font>
					<textoffsetx>15</textoffsetx>
					<textcolor>black</textcolor>    
					<label>126</label>
				</control>
			</control>  
			<control type="list" id="14">	<!--List ID=14 -->
				<include>animation_view_change_pvr</include>			
				<include>animation_list</include>
				<posx>125</posx>
				<posy>550</posy>
				<width>1650</width>
				<height>470</height>
				<onup>15</onup>
				<ondown>15</ondown>
				<onleft>9000</onleft>
				<onright>-</onright>
				<pagecontrol>-</pagecontrol>
				<scrolltime>200</scrolltime>				
				<itemlayout height="80">
					<control type="label">	<!--Date -->
						<posx>30</posx>
						<posy>0</posy>
						<width>350</width>
						<height>80</height>
						<font>Reg32</font>
						<textcolor>mainblue</textcolor>  
						<info>ListItem.Date</info>
					</control>
					<control type="label">	<!--Channel Name -->	
						<description>Channel Value</description>
						<posx>400</posx>
						<posy>0</posy>
						<width>350</width>
						<height>80</height>					
						<font>Reg32</font>
						<textcolor>midgrey</textcolor>    
						<label>$INFO[ListItem.ChannelName]</label>
					</control>					
					<control type="label">	<!--Channel Show -->						
						<posx>750</posx>
						<posy>0</posy>
						<width>600</width>
						<height>80</height>
						<font>Reg32</font>
						<textcolor>midgrey</textcolor>    
						<info>ListItem.Label</info>
					</control>		
					<control type="image">	<!--REC Icon -->
						<posx>1370</posx>
						<posy>8</posy>
						<width>64</width>
						<height>64</height>
						<texture>pvr/icons/pvr_record.png</texture>
						<visible>ListItem.IsRecording</visible>
					</control>
					<control type="label">	<!--REC Label -->
						<posx>1450</posx>
						<posy>0</posy>
						<width>200</width>
						<height>80</height>
						<font>Reg32</font>
						<textcolor>red</textcolor>    
						<label>REC</label>
						<visible>ListItem.IsRecording</visible>
					</control>
					<control type="image">	<!--TIME Icon -->
						<posx>1370</posx>
						<posy>8</posy>
						<width>64</width>
						<height>64</height>
						<texture>pvr/icons/pvr_timer.png</texture>
						<visible>ListItem.HasTimer + !ListItem.IsRecording</visible>
					</control>
					<control type="label">	<!--TIME Label -->
						<posx>1450</posx>
						<posy>0</posy>
						<width>200</width>
						<height>80</height>
						<font>Reg32</font>
						<textcolor>green</textcolor>    
						<label>TIME</label>
						<visible>ListItem.HasTimer</visible>
					</control>
					<control type="image">	<!--Separator -->			
						<posx>0</posx>
						<posy>80</posy>
						<width>1650</width>
						<height>20</height>		
						<fadetime>400</fadetime>
						<colordiffuse>list_separator</colordiffuse>
						<texture>common/separator.png</texture>			
					</control>
				</itemlayout>
				<focusedlayout height="80">
					<control type="image">	<!--Slide -->					
						<posx>0</posx>
						<posy>0</posy>
						<width>1650</width>
						<height>80</height>							
						<texture>common/button-fo.png</texture>       
					</control>     
					<control type="label">	<!--Date -->
						<posx>30</posx>
						<posy>0</posy>
						<width>350</width>
						<height>80</height>
						<font>Reg32</font>
						<textcolor>black</textcolor> 
						<scroll>true</scroll>
						<info>ListItem.Date</info>
					</control>
					<control type="label">	<!--Channel Name -->							
						<posx>400</posx>
						<posy>0</posy>
						<width>350</width>
						<height>80</height>					
						<font>Reg32</font>
						<textcolor>black</textcolor>   						
						<label>$INFO[ListItem.ChannelName]</label>
					</control>					
					<control type="label">	<!--Channel Show -->						
						<posx>750</posx>
						<posy>0</posy>
						<width>600</width>
						<height>80</height>
						<font>Reg32</font>
						<textcolor>black</textcolor>    
						<info>ListItem.Label</info>
					</control>					
					<control type="image">	<!--REC Icon -->
						<posx>1370</posx>
						<posy>8</posy>
						<width>64</width>
						<height>64</height>
						<texture>pvr/icons/pvr_record.png</texture>
						<visible>ListItem.IsRecording</visible>
					</control>
					<control type="label">	<!--REC Label -->
						<posx>1450</posx>
						<posy>0</posy>
						<width>200</width>
						<height>80</height>
						<font>Reg32</font>
						<textcolor>red</textcolor>    
						<label>REC</label>
						<visible>ListItem.IsRecording</visible>
					</control>
					<control type="image">	<!--TIME Icon -->
						<posx>1370</posx>
						<posy>8</posy>
						<width>64</width>
						<height>64</height>
						<texture>pvr/icons/pvr_timer.png</texture>
						<visible>ListItem.HasTimer + !ListItem.IsRecording</visible>
					</control>
					<control type="label">	<!--TIME Label -->
						<posx>1450</posx>
						<posy>0</posy>
						<width>200</width>
						<height>80</height>
						<font>Reg32</font>
						<textcolor>green</textcolor>    
						<label>TIME</label>
						<visible>ListItem.HasTimer</visible>
					</control>
					<control type="image">	<!--Separator -->			
						<posx>0</posx>
						<posy>80</posy>
						<width>1650</width>
						<height>20</height>		
						<fadetime>400</fadetime>
						<colordiffuse>list_separator</colordiffuse>
						<texture>common/separator.png</texture>			
					</control>				
				</focusedlayout>
			</control>



		</control>
	</include>

	<include name="LiveTVSearchView">		<!--LiveTVSearchView ID=17 -->
		<control type="group">
			<include>animation_fade_visible_hidden</include>
			<include>animation_list</include>				

			<control type="group">			<!--Panel -->
				<visible>Control.IsVisible(17)</visible>
				<include>animation_view_change_pvr</include>			
				<include>animation_list</include>
				<control type="image">			<!--Panel Button -->
					<posx>0</posx>
					<posy>450</posy>
					<width>1907</width>
					<height>633</height>				
					<texture>pvr/pvr_epg_panel.png</texture>					
				</control>			
				<control type="image">			<!--Panel Top -->
					<posx>0</posx>
					<posy>120</posy>
					<width>1907</width>
					<height>341</height>				
					<texture>pvr/pvr_epg_info.png</texture>					
				</control>
			</control>
			<control type="group">			<!--Video Window --> 
				<visible>Control.IsVisible(17)</visible>
				<visible>!IsEmpty(ListItem.Date)</visible>
				<include>animation_view_change_pvr</include>			
				<include>animation_list</include>
				<posx>80</posx>
				<posy>190</posy>			
				<control type="image">			<!--Background -->				
					<posx>0</posx>
					<posy>0</posy>
					<width>350</width>
					<height>200</height>
					<texture>special://skin/backgrounds/pvr.png</texture>				
					<visible>!Player.HasVideo</visible>
				</control>
				<control type="videowindow">	<!--Video Window -->
					<posx>0</posx>
					<posy>0</posy>
					<width>350</width>
					<height>200</height>
					<visible>Player.HasVideo</visible>
					<animation effect="slide" start="0,0" end="-4500,0" time="0">WindowClose</animation>
				</control>				
			</control>
			<control type="label">			<!--Title -->				
				<visible>Control.IsVisible(17)</visible>
				<visible>!IsEmpty(ListItem.Date)</visible>
				<include>animation_view_change_pvr</include>			
				<include>animation_list</include>				
				<posx>500</posx>
				<posy>190</posy>
				<width>600</width>
				<height>50</height>						
				<font>Bold45</font>
				<textcolor>mainblue</textcolor>
				<label>$INFO[ListItem.Label]</label>
			</control>
			<control type="label">			<!--No Info -->				
				<visible>Control.IsVisible(17)</visible>
				<visible>IsEmpty(ListItem.Date)</visible>
				<include>animation_view_change_pvr</include>			
				<include>animation_list</include>				
				<posx>0</posx>
				<posy>270</posy>
				<width>1920</width>
				<height>50</height>
				<align>center</align>
				<font>Bold45</font>
				<textcolor>mainblue</textcolor>
				<label>195</label>
			</control>
			<control type="group">			<!--Start, End, Duration -->
				<visible>Control.IsVisible(17)</visible>	
				<visible>!IsEmpty(ListItem.Date)</visible>
				<include>animation_view_change_pvr</include>
				<include>animation_list</include>
				<posx>500</posx>
				<posy>245</posy>
				<control type="group">	<!-- Ground 1 -->									
					<posy>0</posy>
					<control type="label">
						<posx>0</posx>
						<posy>0</posy>
						<width>180</width>			
						<textcolor>mainblue</textcolor>			
						<label>$LOCALIZE[142]</label>			
					</control>
					<control type="label">					
						<posx>160</posx>
						<posy>0</posy>
						<width>300</width>	
						<textcolor>midgrey</textcolor>
						<label>$INFO[ListItem.StartTime] - $INFO[ListItem.EndTime]</label>	
					</control>					
				</control>
				<control type="group">	<!-- Ground 2 -->									
					<posy>40</posy>
					<control type="label">
						<posx>0</posx>
						<posy>0</posy>
						<width>180</width>			
						<textcolor>mainblue</textcolor>			
						<label>$LOCALIZE[180]:</label>			
					</control>
					<control type="label">						
						<posx>160</posx>
						<posy>0</posy>
						<width>300</width>	
						<textcolor>midgrey</textcolor>
						<label>$INFO[ListItem.Duration]</label>    		
					</control>					
				</control>
				<control type="group">	<!-- Ground 3 -->									
					<posy>80</posy>
					<control type="label">
						<posx>0</posx>
						<posy>0</posy>
						<width>180</width>							
						<textcolor>mainblue</textcolor>			
						<label>$LOCALIZE[19148]:</label>			
					</control>
					<control type="label">						
						<posx>160</posx>
						<posy>0</posy>
						<width>300</width>	
						<textcolor>midgrey</textcolor>
						<label>$INFO[ListItem.ChannelName]</label>    		
					</control>					
				</control>
			</control>
			<control type="textbox">		<!--Info Plot -->	
				<visible>Control.IsVisible(17)</visible>
				<visible>!IsEmpty(ListItem.Date)</visible>
				<include>animation_view_change_pvr</include>			
				<include>animation_list</include>
				<posx>1150</posx>
				<posy>190</posy> 
				<width>650</width>
				<height>190</height>						
				<textcolor>midgrey</textcolor>         
				<label fallback="161">$INFO[ListItem.Plot]</label>
				<autoscroll time="2000" delay="8000" repeat="5000">true</autoscroll>
			</control> 	


			<control type="group">			<!--Top Bar -->
				<visible>Control.IsVisible(17)</visible>
				<include>animation_view_change_pvr</include>			
				<include>animation_list</include>
				<posx>125</posx>
				<posy>445</posy>
				<control type="label">	<!--Time -->					
					<posx>30</posx>
					<posy>30</posy>
					<width>100</width>
					<height>30</height>					
					<font>Bold30Big</font>
					<textoffsetx>0</textoffsetx>
					<textcolor>black</textcolor>    
					<label>555</label>
				</control>
				<control type="label">	<!--Channel Name -->					
					<posx>400</posx>
					<posy>30</posy>
					<width>300</width>
					<height>30</height>
					<font>Bold30Big</font>
					<textoffsetx>0</textoffsetx>
					<textcolor>black</textcolor>    
					<label>19148</label>
				</control>
				<control type="label">	<!--Channle Title -->
					<posx>750</posx>
					<posy>30</posy>
					<width>300</width>
					<height>30</height>
					<font>Bold30Big</font>
					<textoffsetx>0</textoffsetx>
					<textcolor>black</textcolor>    
					<label>369</label>
				</control>
				<control type="label">	<!--Status -->					
					<posx>1370</posx>
					<posy>30</posy>
					<width>210</width>
					<height>30</height>
					<font>Bold30Big</font>
					<textoffsetx>15</textoffsetx>
					<textcolor>black</textcolor>    
					<label>126</label>
				</control>
			</control>  
			<control type="list" id="17">	<!--List ID=17 -->
				<include>animation_view_change_pvr</include>			
				<include>animation_list</include>
				<posx>125</posx>
				<posy>550</posy>
				<width>1650</width>
				<height>470</height>
				<onup>15</onup>
				<ondown>15</ondown>
				<onleft>9000</onleft>
				<onright>-</onright>
				<pagecontrol>-</pagecontrol>
				<scrolltime>200</scrolltime>				
				<itemlayout height="80">
					<control type="label">	<!--Date -->
						<posx>30</posx>
						<posy>0</posy>
						<width>350</width>
						<height>80</height>
						<font>Reg32</font>
						<textcolor>mainblue</textcolor>  
						<info>ListItem.Date</info>
					</control>
					<control type="label">	<!--Channel Name -->	
						<description>Channel Value</description>
						<posx>400</posx>
						<posy>0</posy>
						<width>350</width>
						<height>80</height>					
						<font>Reg32</font>
						<textcolor>midgrey</textcolor>    
						<label>$INFO[ListItem.ChannelName]</label>
					</control>					
					<control type="label">	<!--Channel Show -->						
						<posx>750</posx>
						<posy>0</posy>
						<width>600</width>
						<height>80</height>
						<font>Reg32</font>
						<textcolor>midgrey</textcolor>    
						<info>ListItem.Label</info>
					</control>		
					<control type="image">	<!--REC Icon -->
						<posx>1370</posx>
						<posy>8</posy>
						<width>64</width>
						<height>64</height>
						<texture>pvr/icons/pvr_record.png</texture>
						<visible>ListItem.IsRecording</visible>
					</control>
					<control type="label">	<!--REC Label -->
						<posx>1450</posx>
						<posy>0</posy>
						<width>200</width>
						<height>80</height>
						<font>Reg32</font>
						<textcolor>red</textcolor>    
						<label>REC</label>
						<visible>ListItem.IsRecording</visible>
					</control>
					<control type="image">	<!--TIME Icon -->
						<posx>1370</posx>
						<posy>8</posy>
						<width>64</width>
						<height>64</height>
						<texture>pvr/icons/pvr_timer.png</texture>
						<visible>ListItem.HasTimer + !ListItem.IsRecording</visible>
					</control>
					<control type="label">	<!--TIME Label -->
						<posx>1450</posx>
						<posy>0</posy>
						<width>200</width>
						<height>80</height>
						<font>Reg32</font>
						<textcolor>green</textcolor>    
						<label>TIME</label>
						<visible>ListItem.HasTimer</visible>
					</control>
					<control type="image">	<!--Separator -->			
						<posx>0</posx>
						<posy>80</posy>
						<width>1650</width>
						<height>20</height>		
						<fadetime>400</fadetime>
						<colordiffuse>list_separator</colordiffuse>
						<texture>common/separator.png</texture>			
					</control>
				</itemlayout>
				<focusedlayout height="80">
					<control type="image">	<!--Slide -->					
						<posx>0</posx>
						<posy>0</posy>
						<width>1650</width>
						<height>80</height>							
						<texture>common/button-fo.png</texture>       
					</control>     
					<control type="label">	<!--Date -->
						<posx>30</posx>
						<posy>0</posy>
						<width>350</width>
						<height>80</height>
						<font>Reg32</font>
						<textcolor>black</textcolor> 
						<scroll>true</scroll>
						<info>ListItem.Date</info>
					</control>
					<control type="label">	<!--Channel Name -->							
						<posx>400</posx>
						<posy>0</posy>
						<width>350</width>
						<height>80</height>					
						<font>Reg32</font>
						<textcolor>black</textcolor>    
						<label>$INFO[ListItem.ChannelName]</label>
					</control>					
					<control type="label">	<!--Channel Show -->						
						<posx>750</posx>
						<posy>0</posy>
						<width>600</width>
						<height>80</height>
						<font>Reg32</font>
						<textcolor>black</textcolor>    
						<info>ListItem.Label</info>
					</control>					
					<control type="image">	<!--REC Icon -->
						<posx>1370</posx>
						<posy>8</posy>
						<width>64</width>
						<height>64</height>
						<texture>pvr/icons/pvr_record.png</texture>
						<visible>ListItem.IsRecording</visible>
					</control>
					<control type="label">	<!--REC Label -->
						<posx>1450</posx>
						<posy>0</posy>
						<width>200</width>
						<height>80</height>
						<font>Reg32</font>
						<textcolor>red</textcolor>    
						<label>REC</label>
						<visible>ListItem.IsRecording</visible>
					</control>
					<control type="image">	<!--TIME Icon -->
						<posx>1370</posx>
						<posy>8</posy>
						<width>64</width>
						<height>64</height>
						<texture>pvr/icons/pvr_timer.png</texture>
						<visible>ListItem.HasTimer + !ListItem.IsRecording</visible>
					</control>
					<control type="label">	<!--TIME Label -->
						<posx>1450</posx>
						<posy>0</posy>
						<width>200</width>
						<height>80</height>
						<font>Reg32</font>
						<textcolor>green</textcolor>    
						<label>TIME</label>
						<visible>ListItem.HasTimer</visible>
					</control>
					<control type="image">	<!--Separator -->			
						<posx>0</posx>
						<posy>80</posy>
						<width>1650</width>
						<height>20</height>		
						<fadetime>400</fadetime>
						<colordiffuse>list_separator</colordiffuse>
						<texture>common/separator.png</texture>			
					</control>				
				</focusedlayout>
			</control>



		</control>
	</include>

</includes>