<?xml version="1.0" encoding="utf-8" standalone="yes"?>

<items>

<item>
<title>=================================================</title>
<link>http://</link>
<thumbnail>icon</thumbnail>
</item>

<item>
<title>[COLOR red][B]*************Anonymous Internet Links *************[/B][/COLOR]</title>
<link>http://</link>
<thumbnail>icon</thumbnail>
</item>

<item>
<title>[COLOR blue][B]>>>>>>>>be sure to have the addon Plexus & addon f4mTester<<<<<<<<[/B][/COLOR]</title>
<link>http://</link>
<thumbnail>icon</thumbnail>
</item>
<item>
<title>[COLOR blue][B]>>>>>>>>Id Suggest optionally using the Anonymous Builds with this addons<<<<<<<<[/B][/COLOR]</title>
<link>http://</link>
<thumbnail>icon</thumbnail>
</item>

<item>
<title>[COLOR blue][B]>>>>>>>>Other wise you may not get all links to work correctly<<<<<<<<[/B][/COLOR]</title>
<link>http://</link>
<thumbnail>icon</thumbnail>
</item>

<item>
<title>[COLOR blue][B]Great Sports and Live Tv channles[/B][/COLOR]</title>
<link>https://raw.githubusercontent.com/thanh51/repository.thanh51/master/PlaylistHDplay.xml</link>
<thumbnail>icon</thumbnail>
</item>

<item>
<title>[COLOR blue][B]BAMF[/B][/COLOR]</title>
<link>http://ultratv.net16.net/iptvserver/portal.xml</link>
<thumbnail>icon</thumbnail>
</item>

<item>
<title>[COLOR blue][B]GoodFellows[/B][/COLOR]</title>
<link>http://www.goodfellasteam.com/goodfellas2/gf2main.xml</link>
<thumbnail>icon</thumbnail>
</item>

<item>
<title>[COLOR blue][B]EyeCandy[/B][/COLOR]</title>
<link>http://eyecandytv.uk/tveye/Main/home.xml</link>
<thumbnail>icon</thumbnail>
</item>

<item>
<title>[COLOR blue][B]WhiteDevil[/B][/COLOR]</title>
<link>http://brettusbuilds.com/.WHITE%20DEVIL/MAIN%20INDEX.XML</link>
<thumbnail>icon</thumbnail>
</item>

<item>
<title>[COLOR blue][B]Mavrick[/B][/COLOR]</title>
<link>http://164.132.106.213/data/home/home.txt</link>
<thumbnail>icon</thumbnail>
</item>

<item>
<title>[COLOR blue][B]Oblivion[/B][/COLOR]</title>
<link>http://oblivionbuilds.com/Free.xml</link>
<thumbnail>icon</thumbnail>
</item>

<item>
<title>[COLOR blue][B]Lily Sports[/B][/COLOR]</title>
<link>http://kodeeresurrection.com/LILYSPORTStxts/home.txt</link>
<thumbnail>icon</thumbnail>
</item>

<item>
<title>[COLOR blue][B]Big Bag 'O' Tricks[/B][/COLOR]</title>
<link>http://tombraiderbuilds.co.uk/addon/home.txt</link>
<thumbnail>icon</thumbnail>
</item>

<item>
<title>[COLOR blue][B]Ultra IPTV[/B][/COLOR]</title>
<link>http://ultratv.net16.net/iptvserver/portal.xml</link>
<thumbnail>icon</thumbnail>
</item>

<item>
<title>[COLOR blue][B]Fido[/B][/COLOR]</title>
<link>http://fantazyrepo.uk/addonimages/fido.addon/home.txt</link>
<thumbnail>icon</thumbnail>
</item>

<item>
<title>[COLOR blue][B]Spanish amd English List[/B][/COLOR]</title>
<link>https://raw.githubusercontent.com/fgsalvaa/listas/master/menura</link>
<thumbnail>icon</thumbnail>
</item>

<item>
<title>[COLOR blue][B]By Country1 (Large List)[/B][/COLOR]</title>
<link>https://raw.githubusercontent.com/thanh51/repository.thanh51/master/PlaylistHDplay.xml</link>
<thumbnail>icon</thumbnail>
</item>

<item>
<title>[COLOR blue][B]By Country2 (Large List)[/B][/COLOR]</title>
<link>https://raw.githubusercontent.com/hadjistyllis/iptv/master/stand%20country.m3u</link>
<thumbnail>icon</thumbnail>
</item>




 


</items>



























