<?xml version="1.0" encoding="UTF-8" standalone="yes"?>
<addon id="plugin.video.malaysia.live"
       name="Malaysia FTA"
       version="1.0.0"
       provider-name="suaji">
  <requires>
    <import addon="xbmc.python"
    		version="1.0"/>
    <import addon="script.module.beautifulsoup"
    		version="3.0.8"/>
    <import addon="script.module.simplejson"
    		version="2.0.10"/>
    
  </requires>
  <extension point="xbmc.python.pluginsource"
            library="default.py">
        <provides>video</provides>
  </extension>
  <extension point="xbmc.addon.metadata">
    <summary>Malaysia Free To Air</summary>
    <description>TV1, TV2, TV3, NTV7, 8TV, TV9, AL-HIJRAH, AWANI</description>
    <platform>all</platform>
	<disclaimer></disclaimer>
  </extension>
</addon>
