<?xml version="1.0" encoding="UTF-8" standalone="yes"?>
<addon id="repository.adriansports" name="ADRIAN SPORTS REPO" version="1.0.2" provider-name="PROJECT ADRIAN">
<extension point="xbmc.addon.repository" name="Project Adrian Repository V1">
<info compressed="false">http://adriansports.net16.net/addons.xml</info>
<checksum>http://adriansports.net16.net/addons.xml.md5</checksum>
<datadir zip="true">http://adriansports.net16.net/zip/</datadir>
</extension>
<extension point="xbmc.addon.metadata">
<summary lang="en">Install Addons From Project Adrian</summary>
<description lang="en">Project Adrian Repository.</description>
<disclaimer lang="en">Repository has non-comercial nature.</disclaimer>
<platform>all</platform>
</extension>
</addon>