<?xml version="1.0" encoding="UTF-8" standalone="yes"?>
<addon id="repository.family.addons" name="[COLOR red][B]My Family[/B][/COLOR] [COLOR yellow][B]Addon[/B][/COLOR] [COLOR blue][B]Repository[/B][/COLOR]" version="1.0.1">
	<extension point="xbmc.addon.repository" name="[COLOR red][B]My Family[/B][/COLOR] [COLOR yellow][B]Addon[/B][/COLOR] [COLOR blue][B]Repository[/B][/COLOR]">
		<info compressed="false">https://raw.githubusercontent.com/azumimuo/family-xbmc-addon/master/addons.xml</info>
		<checksum>https://raw.githubusercontent.com/azumimuo/family-xbmc-addon/master/addons.xml.md5</checksum>
		<datadir zip="true">https://raw.githubusercontent.com/azumimuo/family-xbmc-addon/master/zips</datadir>
	</extension>
	<extension point="xbmc.addon.metadata">
		<summary>Non Official Customized XBMC Addon Repository.</summary>
		<description>Add-ons for XBMC, for family members. Credit goes to all xbmc/kodi addon dev</description>
		<disclaimer>Show your support.</disclaimer>
		<platform>all</platform>
	</extension>
</addon>