<?xml version="1.0" encoding="UTF-8" standalone="yes"?>
<addon id="emulator.retroarch" name="RetroArch" version="1.0.3" provider-name="Mezo">
  <requires>
    <import addon="xbmc.python" version="2.1.0"/>
  </requires>
  <extension point="xbmc.python.pluginsource" library="default.py">
    <provides>executable</provides>
  </extension>
  <extension point="xbmc.addon.metadata">
    <summary lang="en">RetroArch Emulator</summary>
    <description lang="en">RetroArch is the reference frontend for the libretro API. Popular examples of implementations for this API includes videogame system emulators and game engines, but also more generalized 3D programs. These programs are instantiated as dynamic libraries. We refer to these as "libretro cores"</description>
    <disclaimer lang="en"></disclaimer>
    <language></language>
    <platform>all</platform>
    <license></license>
    <forum></forum>
    <website></website>
    <email></email>
    <source></source>
  </extension>
</addon>
