<?xml version="1.0" encoding="UTF-8"?>
<window>
  <defaultcontrol always="true">50</defaultcontrol>
  <views>50</views>
  <controls>
    <control type="group" description="fanart"> 
       <include>Pvr_Art</include> 
     </control> 
       <control type="image" description="fa overlay"> 
    <visible>Control.IsVisible(50)</visible> 
    <posx>0</posx> 
      <posy>65</posy> 
       <width>1920</width> 
       <height>1015</height> 
       <texture border="0,30,0,0">OSD/FS_OSDBackground.png</texture> 
       <colordiffuse>FF9e9e9e</colordiffuse> 
     </control> 
    <include>Time</include>
    <control type="group">
      <include>OpenClose</include>
      <control type="group" description="TV Channels group">
        <include>VisibleFadeEffect</include>
        <visible>Control.IsVisible(50)</visible>
        <control type="image" description="video window background"> 
          <visible>Player.HasVideo</visible> 
          <posx>60</posx> 
          <posy>100</posy> 
          <width>600</width> 
          <height>340</height> 
          <texture>img/BlackDot.png</texture> 
        </control> 
        <control type="videowindow" description="TV Channel Live BG"> 
          <visible>Player.HasVideo</visible> 
          <posx>60</posx> 
          <posy>20</posy> 
          <width>600</width> 
          <height>500</height> 
        </control> 
        <control type="image" description="Current video label background"> 
          <visible>Player.HasVideo</visible> 
          <posx>60</posx> 
          <posy>100</posy> 
          <width>600</width> 
          <height>40</height> 
          <texture>img/BlackDot.png</texture> 
          <colordiffuse>DDFFFFFF</colordiffuse> 
        </control> 
        <control type="textbox" description="Current video label"> 
          <posx>60</posx> 
          <posy>100</posy> 
          <width>600</width> 
          <height>40</height> 
          <font>Details</font> 
          <align>center</align> 
          <textcolor>White</textcolor> 
          <autoscroll delay="3000" time="3000" repeat="3000">true</autoscroll> 
          <label>$INFO[Player.Title]</label> 
          <visible>Player.HasVideo</visible> 
        </control> 
        <control type="list" id="50" description="CHANNELS">
          <posx>844</posx>
          <posy>120</posy>
          <width>1076</width>
          <height>892</height>
          <onleft>100</onleft>
          <onright>60</onright>
          <onup>50</onup>
          <ondown>50</ondown>
          <pagecontrol>60</pagecontrol>
          <scrolltime tween="sine" easing="inout">280</scrolltime>
          <itemlayout height="99">
            <control type="image">
              <posx>0</posx>
              <posy>0</posy>
              <height>99</height>
              <width>1076</width>
              <texture flipy="true" border="3">list/ListNF.png</texture>
            </control>
            <include>RecOverlay</include>
            <control type="image" description="TV Logo">
              <visible>!Skin.HasSetting(HideEPGLogos)</visible>
              <posx>80</posx>
              <posy>3</posy>
              <width>90</width>
              <height>90</height>
              <texture>$INFO[ListItem.Icon]</texture>
              <aspectratio>keep</aspectratio>
            </control>
            <control type="label" description="Number">
              <visible>!Skin.HasSetting(HideEPGLogos)</visible>
              <left>0</left>
              <posx>40</posx>
              <height>99</height>
              <width>80</width>
              <align>center</align>
              <aligny>center</aligny>
              <info>ListItem.ChannelNumberLabel</info>
            </control>
            <control type="label" description="Number">
              <visible>Skin.HasSetting(HideEPGLogos)</visible>
              <left>0</left>
              <posx>110</posx>
              <height>99</height>
              <width>80</width>
              <align>center</align>
              <aligny>center</aligny>
              <info>ListItem.ChannelNumberLabel</info>
            </control>
            <control type="label" description="Main Label">
              <posx>186</posx>
              <height>55</height>
              <width>800</width>
              <scroll>false</scroll>
              <label>$INFO[ListItem.Label]</label>
            </control>
            <control type="label" description="Label2">
              <posx>186</posx>
              <posy>40</posy>
              <height>60</height>
              <font>Details</font>
              <width>800</width>
              <scroll>false</scroll>
              <textcolor>Label2</textcolor>
              <label>$INFO[ListItem.Title]</label>
            </control>
            <control type="progress">
              <posx>186</posx>
              <posy>92</posy>
              <width>800</width>
              <height>1</height>
              <texturebg border="0,0,0,0">img/AmberDotBG.png</texturebg>
              <midtexture border="0,0,0,0">img/AmberDot.png</midtexture>
              <info>ListItem.Progress</info>
              <visible>ListItem.HasEpg</visible>
            </control>
          </itemlayout>
          <focusedlayout height="99">
            <control type="image">
              <posx>0</posx>
              <posy>0</posy>
              <height>99</height>
              <width>980</width>
              <texture flipy="true" border="3">list/ListNF.png</texture>
            </control>
            <control type="image">
              <posx>0</posx>
              <posy>0</posy>
              <width>1076</width>
              <height>96</height>
              <texture>list/ListFO.png</texture>
            </control>
            <include>RecOverlay</include>
            <control type="image" description="TV Logo">
              <visible>!Skin.HasSetting(HideEPGLogos)</visible>
              <posx>80</posx>
              <posy>3</posy>
              <width>90</width>
              <height>90</height>
              <texture>$INFO[ListItem.Icon]</texture>
              <aspectratio>keep</aspectratio>
            </control>
            <control type="label" description="Number">
              <visible>!Skin.HasSetting(HideEPGLogos)</visible>
              <left>0</left>
              <posx>40</posx>
              <height>99</height>
              <width>80</width>
              <align>center</align>
              <aligny>center</aligny>
              <info>ListItem.ChannelNumberLabel</info>
            </control>
            <control type="label" description="Number">
              <visible>Skin.HasSetting(HideEPGLogos)</visible>
              <left>0</left>
              <posx>110</posx>
              <height>99</height>
              <width>80</width>
              <align>center</align>
              <aligny>center</aligny>
              <info>ListItem.ChannelNumberLabel</info>
            </control>
            <control type="label" description="Main Label">
              <posx>186</posx>
              <height>55</height>
              <width>800</width>
              <label>$INFO[ListItem.Label]</label>
            </control>
            <control type="label" description="Label2">
              <posx>186</posx>
              <posy>40</posy>
              <height>60</height>
              <font>Details</font>
              <width>800</width>
              <textcolor>Label2</textcolor>
              <label>$INFO[ListItem.Title]</label>
            </control>
            <control type="progress">
              <posx>186</posx>
              <posy>92</posy>
              <width>800</width>
              <height>1</height>
              <texturebg border="0,0,0,0">img/AmberDotBG.png</texturebg>
              <midtexture border="0,0,0,0">img/AmberDot.png</midtexture>
              <info>ListItem.Progress</info>
              <visible>ListItem.HasEpg</visible>
            </control>
          </focusedlayout>
        </control>
      </control>
    </control>
    <control type="group" description="Info group">
      <visible>Control.IsVisible(50)</visible>
      <include>VisibleFadeEffect</include>
      <control type="group" description="INFO">
        <posx>60</posx>
        <posy>480</posy>
        <control type="image" description="TV Logo">
          <posy>-34</posy>
          <width>120</width>
          <height>120</height>
          <texture>$INFO[Container(50).ListItem.Icon]</texture>
          <aspectratio>keep</aspectratio>
        </control>
        <control type="label" description="Title above progress">
          <posy>99</posy>
          <width>700</width>
          <font>InfoTitle</font>
          <textcolor>Highlight</textcolor>
          <aligny>center</aligny>
          <height>60</height>
          <wrapmultiline>true</wrapmultiline>
          <label>$INFO[Container(50).ListItem.Title]</label>
        </control>
        <control type="textbox" description="Plot Value for TV">
          <posx>0</posx>
          <posy>161</posy>
          <width>700</width>
          <height>288</height>
          <align>justify</align>
          <pagecontrol>-</pagecontrol>
          <label>$INFO[Container(50).ListItem.Plot]</label>
        </control>
        <control type="label">
          <visible>Container(50).ListItem.HasEpg</visible>
          <posy>480</posy>
          <width>700</width>
          <height>36</height>
          <font>Details</font>
          <label>[COLOR=Grey]$LOCALIZE[142] [/COLOR]$INFO[Container(50).ListItem.StartTime,, / ]$INFO[Container(50).ListItem.EndTime]</label>
        </control>
        <control type="label">
          <posy>520</posy>
          <width>700</width>
          <height>36</height>
          <font>Details</font>
          <label>[COLOR=Grey]$LOCALIZE[19031]: [/COLOR]$INFO[Container(50).ListItem.NextTitle]</label>
        </control>
      </control>
    </control>
      <control type="scrollbar" id="60">
        <animation effect="slide" start="0,0" end="-8,0" time="150">Focus</animation>
        <animation effect="slide" start="-8,0" end="0,0" time="300">UnFocus</animation>
        <posx>21r</posx>
        <posy>99</posy>
        <width>36</width>
        <height>900</height>
        <texturesliderbackground>-</texturesliderbackground>
        <texturesliderbar>-</texturesliderbar>
        <texturesliderbarfocus>-</texturesliderbarfocus>
        <textureslidernib border="18">OSD/ScrollbarNibNF.png</textureslidernib>
        <textureslidernibfocus border="18">OSD/ScrollbarNibFO.png</textureslidernibfocus>
        <showonepage>false</showonepage>
        <orientation>vertical</orientation>
        <onleft>50</onleft>
        <onright>9000</onright>
      </control>
    <include>PVRSideBlade</include>

  </controls>
</window>