﻿<?xml version="1.0" encoding="UTF-8" standalone="yes"?>
<addon id="repository.rawmaintenance" name="Raw Media's Kodi Add-ons" version="0.1.0" provider-name="Raw Media">
	<extension point="xbmc.addon.repository" name="Raw Media's Kodi Add-on Repository">
		<dir>
			<info compressed="false">http://raw.github.com/rawmedia/raw_maintenance/master/rawmaintenance_repo/addons.xml</info>
			<checksum>http://raw.github.com/rawmedia/raw_maintenance/master/rawmaintenance_repo/addons.xml.md5</checksum>
			<datadir zip="true">http://raw.github.com/rawmedia/raw_maintenance/master/rawmaintenance_repo/</datadir>
		</dir>
	</extension>
	<extension point="xbmc.addon.metadata">
		<summary lang="en">Install Add-ons from Raw Media</summary>
		<description lang="en">Download and install add-ons from Raw Media repository.</description>
		<platform>all</platform>
	</extension>
</addon>

