<?xml version="1.0" encoding="UTF-8"?>
    <addon id="repository.vms" name="VMS Repository" version="1.0.8" provider-name="tedbundyjr">
        <requires>
            <import addon="xbmc.addon" version="12.0.0"/>
        </requires>
        <extension point="xbmc.addon.repository" name="VMS Repository">
            <info compressed="false">http://kodi.vms.my/_repo/addons.xml</info>
            <checksum>http://kodi.vms.my/_repo/addons.xml.md5</checksum>
            <datadir zip="true">http://kodi.vms.my/_repo/</datadir>
            <hashes>false</hashes>
        </extension>
        <extension point="xbmc.addon.metadata">
            <summary>Compilation of used addons</summary>
            <description>Best plugin in single repository. Contact twitter @tedbundyjr for request or to report broken link.</description>
            <platform>all</platform>
    </extension>
</addon>