﻿<?xml version="1.0" encoding="UTF-8" standalone="yes"?>
<addon id="repository.ororotv" version="1.0.0" name="Ororo repository" provider-name="ororo.tv">
	<extension point="xbmc.addon.repository" name="Ororo repository">
		<info compressed="false">http://raw.github.com/b331174/repository/master/addons.xml</info>
		<checksum>http://raw.github.com/b331174/repository/master/addons.xml.md5</checksum>
		<datadir zip="true">http://raw.github.com/b331174/repository/master/</datadir>
	</extension>
	<extension point="xbmc.addon.metadata">
		<summary lang="en">Ororo repository</summary>
		<description lang="en">Ororo repository</description>
		<platform>all</platform>
	</extension>
</addon>

