<?xml version="1.0" encoding="UTF-8" standalone="yes"?>
<addon id="repository.carb0s"
       name="Carb0's XBMC Addons"
       version="1.0.0"
       provider-name="Carb0">
  <extension point="xbmc.addon.repository"
             name="Carb0's XBMC Addons Repository">
    <info compressed="false">http://carb0s-repo.googlecode.com/svn/addons/addons.xml</info>
    <checksum>http://carb0s-repo.googlecode.com/svn/addons/addons.xml.md5</checksum>
    <datadir zip="true">http://carb0s-repo.googlecode.com/svn/addons/</datadir>
  </extension>
  <extension point="xbmc.addon.metadata">
    <platform>all</platform>
    <summary>Provides XBMC Addons from Carb0</summary>
    <description>Provides XBMC Addons from Carb0</description>
  </extension>
</addon>

